주소,위도,경도
 구로동 104-3,37.4969785268177,126.891005366749
 동선동4가 140,37.594129145734,127.017884677413
 우면동 787,37.4597252404785,127.024488815191
 영등포동1가 76,37.5176386503987,126.913781759764
 동자동 56,37.5508711716144,126.972781859023
 대치동 889-56,37.5040518541768,127.051044863098
 황학동 1572,37.569556914776,127.022609026017
 진관동 66,37.6401757444792,126.920031409164
 잠실동 250-7,37.5051129197162,127.088073657182
 역삼동 824-25,37.497589252749,127.031072343951
 동선동3가 40-1,37.5957857707197,127.020802705788
 상도동 183-15,37.5037239912516,126.938191740335
 구로동 1127-38,37.4823618429749,126.899482125612
 목동 907-23,37.535863990224,126.88027951522
 독산동 331-4,37.4675678576854,126.894044615841
 공릉동 383-7,37.6260419401146,127.07240067
 서초동 1600-4,37.486351878268,127.015098042994
 삼성동 140-3,36.3377054637056,127.43361437529
 상계동 349-26,37.6564723804887,127.065684627057
 창신동 302-1,37.5730226007251,127.014416700913
 독산동 331-40,37.4667296750192,126.893891728717
 잠실동 251-11,37.5053895483703,127.088311046016
 구로동 97-8,37.496244143516,126.892190145177
 영등포동1가 79-2,37.5182767961785,126.913435549565
 원효로1가 120-20,37.5389952467159,126.969656010871
 길동 457-4,37.5347900500616,127.137237466196
 금호동1가 1755,37.5516696332457,127.025720352712
 길동 97-5,37.5404408043303,127.146351999839
 중곡동 190-3,37.5674754499208,127.078651155171
 구로동 44-8,37.5021157487656,126.89139109473
 내수동 72,37.5736451462233,126.972083693674
 대조동 224-7,37.6120772356002,126.917892904273
 창동 632-29,37.6405207260326,127.034979099013
 암사동 505-10,37.5541769325428,127.128691462658
 창동 659-2,37.609741120297,128.359193652343
 가양동 251-2,37.5708768787747,126.839671123405
 상봉동 108-3,37.5938164973584,127.085960647429
 자양동 680-6,37.5360309721239,127.084410119403
 대조동 197-3,37.6176376038872,126.921015611898
 봉천동 972-15,37.4900871362973,126.926831641057
 상왕십리동 750,37.5652045457837,127.02703721261
 화곡동 1105-10,37.5526610796313,126.849797601029
 상계동 101-149,37.6677199926989,127.078865120194
 연희동 142-21,37.5780292230401,126.935331901642
 화곡동 1070-11,37.5399438224433,126.835296596005
 봉천동 867-12,37.4796711135277,126.950446669045
 상도동 324-41,37.4992643281276,126.930309766644
 송파동 18-10,37.5065204109514,127.108065892833
 구로동 46-4,37.500558786351,126.891980406922
 화곡동 29-62,37.5460058580347,126.848115484327
 강일동 676-1,37.5656181238476,127.172979829167
 서계동 219-17,37.5549286058141,126.968454506957
 응암동 427-42,37.5950216135473,126.918885102596
 봉천동 876-14,37.4807704712906,126.949783200881
 독산동 143-1,37.4782337992123,126.897046842177
 황학동 819,37.5665732057945,127.023279770453
 구로동 1127-25,37.4824536998802,126.899435301533
 목동 917-9,37.5281900957768,126.875799052934
 행당동 287-15,37.5612062661975,127.034592867013
 등촌동 648-6,37.5514720221023,126.864982032141
 길동 347-30,37.541140224636,127.142413549062
 봉천동 879-12,37.4795603733576,126.947939092621
 구로동 810,37.4851502370534,126.899516119443
 성수동1가 685-54,37.5479209499597,127.043584550861
 봉천동 866-2,37.4800140027914,126.951468108233
 시흥동 118-87,37.4542767690129,126.898200134424
 응암동 89-30,37.600801722405,126.921060136555
 방학동 705-17,37.6674725027384,127.043894070033
 공릉동 568-7,37.6226478913669,127.073326035258
 신내동 648,37.6169942445285,127.091338004319
 신공덕동 3-3,37.5467988280978,126.957031588604
 가산동 235-12,37.4732192599038,126.891773401387
 교북동 126,37.5715795253301,126.96139310765
 천호동 167-153,37.5393873050473,127.132982211026
 하월곡동 90-713,37.603518437872,127.032995720902
 녹번동 35-75,37.6031912691462,126.934634336392
 익선동 34,37.5744067920701,126.988652684842
 불광동 281-41,37.6113074394418,126.93116237334
 불광동 221-1,37.6189200507466,126.932537533013
 신당동 421-1,37.5569828268093,127.009459279443
 잠실동 250,37.5051370592147,127.086677956243
 명일동 47-2,37.5540536144014,127.154766938406
 신정동 973-40,37.5219374249455,126.853077549701
 불광동 272-22,37.6123429969331,126.930081972448
 석촌동 15,37.5028764594196,127.09898735919
 역삼동 703,37.5046128910342,127.044122781704
 북아현동 1013,37.5582669295996,126.950152698297
 구로동 567-4,37.5025574868719,126.882921835283
 구로동 1132-59,37.479411771799,126.897050139328
 가산동 233-5,37.4755364117568,126.890842011518
 독산동 1150,37.4581759561434,126.894039182955
 목동 919,37.889172880061,127.546869519093
 불광동 281-49,37.6110916865066,126.931131958133
 구로동 1132-46,37.4800635603241,126.897069758785
 서초동 1303-35,37.5028476086423,127.024544236208
 역삼동 735-15,37.4985278981923,127.033482243024
 면목동 1094-1,37.5791762831687,127.092171495131
 화곡동 922-11,37.5293972920627,126.840467288787
 구의동 251-170,37.5411428539974,127.084510679509
 대조동 15-127,37.6086342604223,126.930233303363
 대치동 938,37.4974386758604,127.054637569441
 영등포동2가 94-319,37.5209698479722,126.911968147352
 봉천동 1597-1,37.4779543999666,126.952566216451
 장위동 218-11,37.6185491685639,127.044260631007
 독산동 332-59,37.4677313673772,126.891730739691
 구로동 1132-57,37.4788109730083,126.89621937098
 영등포동1가 55,37.5173237050168,126.913116047013
 천호동 167-134,37.5387604469314,127.132189356991
 가산동 776,37.4784442841658,126.877797638296
 서초동 1492-8,37.4841684208976,127.003562364041
 황학동 876,37.5666860760388,127.021986730257
 연희동 218-11,37.5646276803851,126.928189143391
 봉천동 1659-10,37.4768934792527,126.962656377695
 응암동 30-1,37.5992380027968,126.936517668588
 동선동3가 24,37.5953731150142,127.020582433341
 화곡동 1063-10,37.5424303890877,126.841545319226
 고덕동 210-1,37.5576790407329,127.170093155084
 등촌동 656-58,37.5565386423216,126.85486493704
 석관동 335-16,37.6099688805044,127.056878290111
 충무로5가 36-19,37.5632914287175,126.999470828686
 도선동 22-1,37.5623658155744,127.03561565902
 창동 749-15,37.6598143231469,127.042301495721
 신설동 89-53,37.576870903488,127.026443064463
 면목동 634-43,37.5800350821905,127.087653133097
 잠실동 336-16,37.5043525994278,127.086513756191
 서초동 1575-1,37.4919414469688,127.013396162969
 숭인동 318-2,37.5713361013668,127.016713740205
 길동 445-1,37.535552999965,127.134972655998
 상봉동 102-46,37.5953256936477,127.086657312342
 역촌동 42-8,37.6007690349167,126.919280971532
 천호동 167-97,37.5393944220202,127.132545012751
 성수동1가 13-493,37.5493908970316,127.049574407616
 행당동 286-25,37.5610509741502,127.034252929831
 문배동 17-1,37.5374170481106,126.967438056847
 홍익동 144,37.5651150273336,127.035735505376
 삼선동1가 5,37.5877265027831,127.004936574423
 상봉동 102-37,37.5958256364774,127.086397386816
 강일동 679-3,37.5643998408688,127.173740411051
 하왕십리동 903-3,37.5642257392448,127.029004948682
 염창동 267-10,37.5513728577814,126.869695198127
 염창동 283-2,37.5478080012383,126.877502347143
 목동 908-29,37.5374800837473,126.881716877323
 대현동 90-70,37.5570233506242,126.944112187074
 홍익동 146-1,37.5654433683376,127.035778124502
 화곡동 938-3,37.5298024966565,126.839833642479
 연희동 103-7,37.5725446008631,126.929124871983
 구의동 243-71,37.5377864402886,127.08761376125
 화곡동 111-84,37.5450418904416,126.844028179147
 천호동 166-59,37.5397206796336,127.131656301879
 구로동 98-4,37.4955756218585,126.890315365761
 성내동 244-6,37.5342268071233,127.135642552727
 화곡동 24-43,37.5475736443201,126.84667725078
 가산동 147-50,37.4774454554069,126.89565985102
 영등포동2가 94-154,37.5207720602656,126.912165911666
 광장동 117,37.5513606468329,127.109565933836
 연희동 188-3,37.5666194433172,126.930393518398
 성수동1가 685-308,37.5481489746726,127.042682206866
 구의동 251-16,37.5413125024864,127.0845461489
 창동 135-28,37.6525182857698,127.04713535541
 길동 413-37,37.5365710276167,127.138433904982
 용답동 238-12,37.5597244328526,127.069493321389
 화곡동 105-370,37.5414546206913,126.842276682278
 대현동 37-32,37.5581291842675,126.943755846263
 가산동 141-2,37.4788900062469,126.891151662971
 구의동 251-177,37.5412437411098,127.083952964311
 역삼동 708-31,37.5031199299723,127.048336706251
 암사동 501-8,37.5509269588976,127.128363516746
 화곡동 938-23,37.5299779112951,126.839509591932
 천호동 167-147,37.5392952945988,127.133202341186
 천호동 170-2,37.5387030052295,127.133579838171
 구의동 251-26,37.540560679067,127.08365789093
 역촌동 43-62,37.600704283071,126.918096429893
 대치동 891-23,37.505081261983,127.053534296891
 묵동 169-12,37.6153717929461,127.076878850611
 가산동 149-38,37.4755815804249,126.894721769534
 보문동7가 100,37.5798109060844,127.022080961442
 등촌동 637-21,37.5560410468998,126.85926108646
 가산동 147-6,37.4773278740493,126.896009009727
 오류동 6-63,37.4952254912885,126.840548226845
 성수동2가 277-17,37.5451868270486,127.057821118968
 봉천동 867-9,37.4797803645155,126.950770527333
 신도림동 432-1,37.5070547599802,126.886494687699
 상도동 324-23,37.4993240312096,126.930116006962
 능동 283-15,37.5538444519719,127.078033421052
 독산동 1009-61,37.4642770580079,126.896261120921
 목동 603-2,37.5495068784233,126.866929830839
 강일동 677,37.5653390170033,127.173569366422
 등촌동 75-1,37.5612927079824,126.853960436216
 염창동 266-8,37.5508219113939,126.870525110403
 영등포동1가 28,37.5182520446553,126.914648313859
 녹번동 80-8,37.6058877147608,126.92375644301
 청담동 91-2,37.5238793256306,127.041618801138
 대현동 90-15,37.5578441906808,126.944026073007
 황학동 1744,37.5703296766474,127.021030815637
 대조동 6-42,37.6111954844226,126.927709207267
 봉천동 881-8,37.4800690115251,126.947898901126
 구로동 97-10,37.4961272560754,126.891965000317
 화양동 111-88,37.5456614185971,127.073727261781
 봉천동 912-14,37.4825388477015,126.94516165383
 용답동 233-8,37.5606972382512,127.06560460081
 아현동 733,37.5524863975855,126.956800951874
 문배동 24-4,37.537134342006,126.968406105636
 화곡동 1111,37.5549433293176,126.852329925376
 화곡동 1063-5,37.5425776018171,126.841343903886
 길동 454-1,37.5351716695696,127.136334717322
 봉천동 29-22,37.4835309398327,126.955644665328
 동선동3가 14-3,37.5950503837078,127.020036153645
 화곡동 937-24,37.5295494803213,126.839507132375
 신도림동 387-3,37.5096141312757,126.882121235384
 방배동 751-4,37.4977095133481,126.985414034028
 망우동 506-8,37.5956802047301,127.093348457317
 응암동 121-52,37.5962685955578,126.91706691302
 가산동 494-4,37.4820294818975,126.876142055425
 길동 383-8,37.5390220865917,127.136657711108
 성수동1가 13-12,37.5504914276717,127.050970914791
 삼성동 114-11,37.5114525155601,127.04883948534
 시흥동 995-34,37.4535364440725,126.898175608871
 번동 418-3,37.6386752970485,127.027040928189
 화곡동 938-9,37.5297957650676,126.839413348424
 가양동 115-6,37.566539755351,126.843763743197
 역삼동 603-5,37.5057543680965,127.029706377451
 가산동 140-9,37.4783837712153,126.890499352659
 신정동 318-6,37.5215221135228,126.869084728691
 용답동 228-8,37.5614289029568,127.060464499036
 창동 749-14,37.6599145534565,127.041857427133
 한강로2가 2-8,37.5321924975882,126.969791672321
 자양동 227-7,37.5378104332843,127.072590800539
 천호동 425-5,37.5405765959571,127.124914365859
 봉천동 1594-2,37.4742915292293,126.953272131294
 등촌동 637-19,37.5562407994736,126.859296494842
 봉천동 960-12,37.4859154274445,126.935164781455
 상봉동 102-21,37.595636829543,127.08692501143
 봉천동 883-3,37.4811338405292,126.948917611862
 독산동 1006-118,37.4653173295949,126.893216746564
 신정동 1192-3,37.5220681574984,126.850538283428
 면목동 149-41,37.5870588751764,127.082841395205
 창동 585-1,37.6105883180575,128.364979684216
 오류동 33-1,37.4970706487261,126.846929266664
 갈현동 468-4,37.4183486475017,126.977799829922
 신설동 89-38,37.577153021995,127.025630098559
 봉천동 1566-10,37.4794111430783,126.947991265838
 원효로3가 51-37,37.5333095199147,126.957630664146
 성수동2가 277-101,37.5446541945133,127.061378404987
 구로동 97,37.4960044840306,126.891031945899
 신설동 97-8,37.5745829878152,127.026302018371
 구의동 243-3,37.5384741972143,127.088263402126
 불광동 12-2,37.6174440803955,126.933286849687
 아현동 737,37.5519973360277,126.956517672893
 사당동 1007-3,37.4841959896141,126.981320126908
 창동 635-31,37.641899442684,127.034333230711
 독산동 1077-24,37.4585396538796,126.899535023409
 마장동 777-3,37.5673878740178,127.045731292931
 한강로2가 2-36,37.5304849056336,126.968043537866
 상봉동 129-1,37.5935399956711,127.077361500714
 녹번동 183-2,37.6021358906255,126.927898888671
 등촌동 719,37.5457992368953,126.862059678212
 잠실동 194,37.5100568741142,127.080035056257
 신월동 145-6,37.5351318328257,126.829547598744
 능동 255-18,37.553704832,127.087363100448
 등촌동 656-41,37.556318103751,126.853933223097
 면목동 90-27,37.5932806401598,127.089939530217
 창동 338,37.6167998414691,128.380252271369
 봉천동 969-51,37.4884548400622,126.931035604987
 도선동 268,37.5632286102502,127.032985042907
 문정동 620,37.4807525157119,127.121249038545
 천호동 167-117,37.539571304473,127.132331648701
 등촌동 510-2,37.5485391828428,126.863066286968
 독산동 332-37,37.4676842584407,126.891546310643
 봉천동 876-9,37.4805735780203,126.949729445328
 장위동 8-2,37.6135948348707,127.061064510043
 대현동 104-5,35.8856881954571,128.610511964964
 신설동 72-8,37.5774115377908,127.025486949518
 가산동 235-84,37.4732310449173,126.891550439534
 홍은동 165-2,37.5962746552892,126.938693059974
 을지로5가 273-2,37.5665908938043,127.001909498138
 창동 647-1,37.6443421015365,127.03372797362
 잠실동 175-12,37.5114362752539,127.080478251435
 불광동 484-243,37.6207891816927,126.920975982387
 송파동 58-15,37.5110919131186,127.107606422128
 가산동 142-6,37.4784838317331,126.892270924235
 시흥동 883-11,37.4539098614259,126.901314436596
 응암동 88-29,37.600985044573,126.921544110001
 오류동 55-19,37.4956327123095,126.844364888459
 잠원동 8-24,37.5180916948369,127.018508929272
 응암동 84-30,37.6020947441829,126.926008390079
 신대방동 719,37.4875871334018,126.906744151989
 대현동 56-10,37.5585484573734,126.944953888612
 성내동 46-22,37.5371044992012,127.124446677215
 봉천동 884-46,37.481989264502,126.948887925745
 서초동 1337-21,37.4917906929221,127.029655496658
 화곡동 920-17,37.5300948063644,126.842034945459
 응암동 111-18,37.5989791136534,126.918133971444
 봉천동 874-19,37.4820703322578,126.949960748879
 성수동1가 33-23,37.5413337111306,127.049906335166
 성수동1가 72-69,37.5417070480631,127.049044456315
 화곡동 937-7,37.5293480273464,126.83982533134
 신도림동 412-3,37.5039691924248,126.881868984239
 독산동 1031-30,37.4647736116906,126.898324017291
 봉천동 1718-7,37.4926478098731,126.945569423009
 마장동 778-5,37.5659072778274,127.046386533219
 화곡동 24-140,37.5453370657054,126.846341968765
 영등포동6가 22-1,37.5224230885772,126.904714140082
 성수동2가 299-242,37.5480046678652,127.055080978123
 봉천동 957-45,37.4860305457592,126.936350308998
 시흥동 998-12,37.4541696191759,126.89862958895
 천호동 163-5,37.5381619256291,127.133177503358
 길동 389-9,37.5376531396944,127.13935015772
 염창동 252,37.550014071006,126.875341853577
 성수동1가 656-28,37.5417610807867,127.047437174532
 화곡동 400-51,37.5381672994585,126.84058021827
 시흥동 992-67,37.4523923629606,126.899503133449
 봉천동 867-10,37.4796589167512,126.950735230735
 암사동 441,37.5553751053951,127.129731078334
 번동 449-22,37.6349400847283,127.023983519163
 염창동 241-11,37.5558810727866,126.865652047098
 면목동 538,37.5872250281846,127.086614680152
 영등포동1가 27-3,37.5181479733137,126.914907153234
 숭인동 200-33,37.5739640510732,127.019893962655
 잠실동 336-8,37.5038914386403,127.08727225596
 응암동 85-14,37.6017721142623,126.924991148244
 자양동 794,37.5377397778086,127.077342921983
 용문동 10-4,37.5367183746662,126.961156260912
 신월동 506-8,37.5233038293026,126.848363108695
 흥인동 13-1,37.5668527717745,127.017093795937
 창동 630-5,37.6428660505133,127.035620887775
 서초동 1591-5,37.4857823397072,127.012710506017
 오류동 33-33,37.4973371361987,126.847287898599
 대조동 223-10,37.6130776650738,126.918003680461
 잠실동 249-2,37.5053398427548,127.087327278713
 가산동 140-36,37.4781293791265,126.889857488591
 가산동 153-7,37.473893940012,126.894258343342
 봉천동 1565-13,37.479427335087,126.947029638971
 삼성동 113-6,36.3374187954767,127.4284432974
 상계동 1117-19,37.6765634916189,127.056232061052
 신설동 100-26,37.5712706563718,127.026380067494
 역삼동 708-20,37.5031389984422,127.047952117643
 봉천동 1687-11,37.477312410944,126.964227052098
 구로동 46,37.5011305721275,126.89143540874
 서초동 1589-1,37.4853934109971,127.012503370703
 사당동 1007-19,37.4834565098767,126.981149658889
 천호동 414,37.539455974322,127.126961428119
 독산동 336-29,37.4710403094861,126.887884349302
 서초동 1599-2,37.4868481169698,127.014592825324
 화곡동 105-398,37.5410531098032,126.841933702893
 대현동 56-63,37.5589586613092,126.944789422331
 등촌동 656-36,37.5568699453989,126.854696205903
 등촌동 649-14,37.5522064664869,126.863249378234
 신천동 11-8,37.5179829985168,127.104393474165
 한강로2가 2-132,37.5313394079002,126.968728222226
 용두동 740-10,37.6233719839785,126.880580167607
 사당동 219-11,37.486263158373,126.968917616843
 역촌동 8-15,37.6088190555841,126.916123114701
 숭인동 296-19,37.5724090987017,127.016728265852
 신당동 140-23,37.5653824308288,127.021219887857
 사당동 182-2,37.4916011535569,126.963765308831
 천호동 50-13,37.5431671797533,127.14169909245
 고척동 76-38,37.4980773545676,126.864207968917
 우면동 755,37.4567674328139,127.015373136721
 인의동 48-2,37.5715575304868,126.998717699706
 공덕동 461,37.5438731133218,126.95006448115
 금호동4가 1028,37.5468687169486,127.018855798972
 창동 715-22,37.6547176876476,127.039811488423
 보문동2가 114-1,37.5846736591932,127.019215157358
 영등포동1가 113-1,37.517512022265,126.910728973904
 서초동 1308-26,37.5011235824753,127.024369161047
 역삼동 703-6,37.5045278958566,127.04434125269
 염창동 266-4,37.5509441271329,126.870631737859
 대방동 337-1,34.9305858825388,128.055777359542
 봉천동 896-20,37.4802926467036,126.947069019532
 양재동 275-3,37.4765915526732,127.044277809522
 문배동 11-10,37.5377614003459,126.968780237794
 역삼동 838-10,37.4901859398603,127.032841244404
 동선동1가 121-6,37.5930458619218,127.019174249942
 봉천동 42-21,37.4850673675988,126.954944127365
 길동 150-1,37.53509491103,127.143862153326
 공덕동 17-67,37.5491391094324,126.959680038545
 화곡동 1075-20,37.5407989492203,126.840406398627
 숭인동 1388,37.5740135800875,127.022853870631
 창천동 29-81,37.5560563038993,126.938258034228
 신도림동 271-41,37.513785408705,126.880735835137
 신정동 971-1,37.5228209107331,126.851926243289
 천호동 287-5,37.5493598086182,127.128167920167
 성내동 199-18,37.5342675580887,127.134527900294
 신월동 131-2,37.5316199470973,126.831623604341
 사직동 9,35.2038942279338,129.047826630162
 수유동 738,37.6445647253621,127.023869827922
 독산동 1012-12,37.4684314393661,126.898641725388
 개봉동 70-16,37.4978229088851,126.846732330561
 방배동 980-32,37.4795359154302,126.99038861612
 불광동 319-8,37.6199389318578,126.924162478659
 신사동 21-12,37.5983110373595,126.913368523317
 화곡동 937-13,37.5293145779665,126.839089884599
 중곡동 648-14,37.558181864225,127.079571189783
 광희동2가 194-1,37.5641908156341,127.008879225454
 녹번동 35-21,37.6034423622146,126.934662571777
 수유동 230-7,37.6364459237924,127.023435515812
 상봉동 105-41,37.5940343400719,127.089386881945
 역삼동 825-20,37.4977271127271,127.029294010144
 홍익동 125-1,37.5657272706747,127.035893902084
 영등포동1가 75-4,37.5177525806655,126.913481300024
 대현동 90-41,37.5575086062433,126.944134198858
 만리동1가 62-7,37.5550139335804,126.967220988999
 길동 416-15,37.5366905227378,127.13569699316
 서초동 1677-1,37.494716293682,127.018281837048
 숭인동 1367,37.5748870977304,127.022950472458
 개포동 1246-3,37.4787447743523,127.046110389473
 응암동 111-13,37.5993768111443,126.918212872636
 등촌동 628-13,37.5600872239022,126.856362959654
 중곡동 639-6,37.5581135534376,127.078014602795
 상봉동 105-45,37.5938753935758,127.088935033475
 자양동 779-3,37.537253762418,127.082094883343
 구로동 186-17,37.4864326070197,126.898157793438
 오류동 6-59,37.4950076358113,126.83987379406
 독산동 332-24,37.4667418191131,126.891974346139
 견지동 110-32,37.5726235419192,126.982697805899
 황학동 1596,37.5691160827227,127.023267984335
 합동 117,37.5607950704487,126.96559718031
 구로동 103-8,37.4966229367082,126.890322087618
 아현동 353-4,37.5568041875941,126.950582098599
 숭인동 72-83,37.573983822901,127.018079302097
 대현동 90-77,37.5571088573053,126.943751509248
 화곡동 924-1,37.5296967455089,126.842007926545
 구의동 252-16,37.5381875099466,127.083770009261
 독산동 145-2,37.4768953476037,126.898236315331
 관철동 155,37.5688973273051,126.985088370151
 영등포동2가 284-4,37.5207302128975,126.909017665721
 등촌동 641-2,37.5567331658897,126.856852770008
 봉천동 921-25,37.4813374089666,126.943701946631
 용답동 238-2,37.559619103875,127.06810749721
 삼성동 75-8,37.5134792081996,127.054268552225
 상봉동 128-5,37.5941948175261,127.079694848039
 송파동 58-14,37.5112894506682,127.107857823136
 한강로2가 420,37.5272098185649,126.965283294999
 충정로3가 465,37.560280594442,126.964822109449
 대조동 29-15,37.6094093561481,126.925788929474
 화양동 93-3,37.5450694604122,127.073747861178
 내수동 74,37.5737943794719,126.973156678252
 천호동 451-20,37.5372495118726,127.129497031958
 삼성동 141-10,37.5058068949044,127.050210870129
 갈월동 101-49,37.5415138027688,126.972451203673
 영등포동1가 22-1,37.5178997038589,126.915444543796
 원남동 95,37.5755100944987,126.997685376825
 대치동 945-20,37.507049598345,127.061824033436
 공덕동 31-1,37.5508962305278,126.961228072582
 대방동 394-25,37.5001492872595,126.927400032438
 응암동 109-15,37.5993192935682,126.92088651558
 화양동 111-102,37.547463422162,127.072067378709
 영등포동2가 28-114,37.5208170386165,126.911481976187
 영등포동2가 315,37.5199765073529,126.908940230183
 응암동 20-2,37.6001644686699,126.935791714252
 봉천동 948-4,37.4844860187613,126.938459044702
 응암동 111-57,37.5989864602348,126.918596584452
 화곡동 981-3,37.5500341194238,126.848445226628
 창동 659-29,37.6479187875937,127.034772933096
 구의동 251-176,37.5407874301332,127.084183707491
 화곡동 914-32,37.5291046707055,126.844570594215
 상봉동 87-28,37.5940381053936,127.089626748027
 신정동 971-24,37.5227028246019,126.851988898811
 도봉동 596-9,37.6774144581994,127.044091948214
 목동 909-4,37.8880511037257,127.548095575121
 구로동 414-10,37.4935670070224,126.88303212397
 오류동 55-16,37.4958704185078,126.845058209544
 서초동 1601-10,37.4854698391904,127.015051465979
 목동 605-17,37.5505132478057,126.864920270327
 방배동 477-1,37.4773854033978,126.987410725567
 창천동 20-51,37.5561817631878,126.939004362767
 서초동 1589-10,37.4853291444401,127.013220424229
 삼성동 157-14,37.508595625561,127.057225349288
 구의동 246-14,37.5370438284197,127.084382936276
 화곡동 24-65,37.5467890669755,126.846015881364
 신월동 547-3,37.5184033794075,126.839493036574
 구의동 547-7,37.5333446800008,127.092152380613
 구로동 110,37.5019092968324,126.888489914608
 봉천동 896-36,37.4803969980894,126.946761439653
 응암동 116-15,37.5984008148969,126.920012770054
 화곡동 925-22,37.5291740328435,126.842298437434
 성내동 81-2,36.1230020098624,128.12101981995
 응암동 96-35,37.6004477791139,126.925578094024
 화양동 21-22,37.5476907488654,127.068600639251
 경운동 89-4,37.5758189598459,126.985296975593
 영등포동1가 20-1,37.5178179662531,126.91578970324
 등촌동 636-42,37.5552576959964,126.861721958784
 대조동 223-3,37.6127075790323,126.917989701458
 신월동 474-12,37.5256646119966,126.849693447199
 용두동 255-71,37.570824594132,127.032704587614
 불광동 13-11,37.6188996165135,126.933153890374
 용두동 236-4,37.576957838452,127.028971764603
 망우동 508-6,37.5968281821069,127.094094506432
 천호동 432-10,37.5403295500284,127.123513908735
 사당동 1007-29,37.4830531987899,126.981278721193
 성내동 199-19,37.5344727712351,127.134633314151
 화곡동 924-15,37.5291138823234,126.841558356946
 화곡동 24-53,37.5469617663213,126.84705789663
 구로동 474-20,37.4989916417342,126.881318108418
 봉천동 1680-24,37.4786104033336,126.961340781682
 응암동 116-20,37.5982672697205,126.919920169055
 사당동 212-1,37.4869423409361,126.967197261054
 천호동 161-17,37.5371704495912,127.133851137645
 구산동 3-8,37.6116952702985,126.915271333164
 응암동 601-24,37.588755324428,126.917312452023
 독산동 1023-1,37.4675847794958,126.901611393858
 용두동 112-8,37.5777286669801,127.031377261484
 망우동 508-32,37.59623207932,127.094329941914
 신정동 1148-9,37.5172403891298,126.853826046141
 영등포동2가 28-142,37.5208852950437,126.910963468503
 등촌동 654-61,37.5547905968045,126.856615737694
 봉천동 856-5,37.4796213939616,126.952788451113
 서초동 1338-20,37.4901865462316,127.030625151938
 을지로4가 187-9,37.5661887613561,126.999022511875
 아현동 331-22,37.5568832382551,126.954247725626
 독산동 1031-22,37.4650398052774,126.898294797659
 성수동1가 26-3,37.5422464147888,127.049426107237
 천호동 452-22,37.5382227385586,127.128866756657
 내수동 73,37.5726095041393,126.972272908255
 화곡동 926-3,37.5288177716753,126.842628992875
 성수동1가 13-120,37.5492826735461,127.04940747534
 천호동 452-15,37.5383990522805,127.128252389728
 신사동 23-22,37.5985566767413,126.915060338057
 봉천동 921-6,37.4811007700037,126.944432624011
 서초동 1677-11,37.4948995563787,127.018899735281
 신당동 420-23,37.5565785171141,127.009941978278
 봉천동 892-23,37.4830301432737,126.947030659983
 화양동 116-2,37.5475994047401,127.070901957713
 면목동 1203,37.5878068159309,127.088784891291
 창동 655-28,37.6466024911723,127.034268539617
 영등포동1가 99,37.5174674511575,126.911668158565
 면목동 105-4,37.5886364178946,127.089599930231
 서초동 1328-11,37.4947837999952,127.028598057648
 가양동 1480-1,37.5632571512838,126.852691799324
 대현동 104-36,35.8858892458948,128.610685454536
 응암동 110-1,37.5998851807769,126.920680013792
 수유동 50-20,37.6327469721366,127.021916433731
 가산동 237-9,37.4734543213937,126.889328480337
 역삼동 769-1,37.4958303088838,127.039835959133
 삼성동 58-2,37.5197261638385,127.056640531526
 원효로1가 46-3,37.5401975761573,126.968588256383
 목동 324-53,37.543722413714,126.862536317446
 대현동 90-60,37.5571082271653,126.944567754191
 대치동 890-59,37.5041484444426,127.052100204496
 안암동2가 119-9,37.5866401153878,127.024444434292
 잠원동 15-4,37.5157427834263,127.017386629905
 독산동 296-60,37.4721583435499,126.895657019096
 홍은동 396-25,37.5798841474069,126.928852887205
 구로동 98-14,37.4951158210537,126.890019362138
 응암동 589-9,37.5905878735786,126.91604322714
 공릉동 684-16,37.6171556678315,127.072980308175
 공릉동 383-12,37.6253548876299,127.071625542355
 화양동 20-8,37.5471799754181,127.06786188814
 천호동 166-107,37.5383389129179,127.130840909208
 목동 791-21,37.5333101667253,126.864727741602
 봉천동 866-6,37.4794471478836,126.951350621035
 상봉동 102-7,37.5956732175983,127.087230687438
 석관동 176-11,37.612945403507,127.062665380326
 봉천동 1628-15,37.4774659008814,126.960244778106
 옥수동 475,37.5406126981687,127.011744375137
 잠실동 249,37.5054531733202,127.08691012442
 화곡동 1110,37.5548487763703,126.852631297129
 영등포동1가 29,37.5183133517367,126.914369801045
 대조동 186-25,37.6171209750451,126.922431357698
 대조동 197-1,37.617868060323,126.920772313007
 숭인동 317-35,37.5718651891754,127.016495484665
 상봉동 128-33,37.5944370671097,127.079111360164
 공덕동 111-201,37.5479112347749,126.95897797632
 역삼동 703-7,37.504531170471,127.044635693173
 신정동 944-3,37.5241039894502,126.852225196727
 대조동 186-10,37.6174632706282,126.922002277249
 신대방동 342-15,37.4970020682649,126.928184474109
 독산동 289-12,37.4700507382146,126.896815501082
 응암동 122-6,37.5965870200995,126.91621391192
 불광동 274-1,37.6116610216926,126.929959305799
 역삼동 677-4,37.503258104129,127.040093471332
 명일동 46-2,37.5546404123257,127.154626580643
 상계동 734-3,37.6534845798205,127.058428889897
 삼선동5가 298-10,37.5891197234748,127.016092848889
 중화동 305-59,37.6019497173514,127.078868446378
 목동 713-9,37.8906842600696,127.547642785192
 화곡동 917-14,37.5293894755905,126.843829460695
 서초동 1363-25,37.4857005070047,127.032075542031
 구로동 1129-9,37.4813881988506,126.897489725298
 삼성동 147-2,37.5132190050124,127.056001241785
 상계동 1132-28,37.6780159593475,127.054213303854
 공릉동 653-5,37.6191624154309,127.078897294324
 목동 713-1,37.8911502876763,127.548294364139
 개봉동 70-30,37.4981071171046,126.846438829119
 길동 350-3,37.5407044547387,127.143234886779
 길동 320-2,37.54472747304,127.14289957941
 시흥동 994-1,37.4542782340706,126.900115440098
 마장동 775-4,37.5653779584656,127.040410570257
 화곡동 1051-1,37.5428919877256,126.838799648302
 상봉동 116-17,37.5960794077992,127.083109082531
 가리봉동 137-4,37.4789054942124,126.894807423154
 구로동 1130-21,37.4812830534996,126.898296987262
 광장동 102,37.5516338111322,127.110890298126
 구산동 2-5,37.6113542929848,126.915826065008
 상봉동 102-14,37.5958031372788,127.086961102091
 가산동 535-55,37.4817893777179,126.875643510042
 석관동 175-25,37.6126169570462,127.062041433717
 구로동 97-4,37.4964758111106,126.891921085854
 자양동 767-4,37.5398401061193,127.08291542659
 화곡동 24-92,37.5462547583746,126.845470600902
 수송동 58,37.5725578945143,126.981828404737
 영등포동2가 29-72,37.5222787723243,126.9098995162
 공덕동 15-3,37.5450659627784,126.954907377987
 등촌동 685,37.5666216314496,126.842207100979
 봉천동 878-7,37.4794975438474,126.948714321962
 서초동 1338-1,37.4904151276463,127.029708439558
 연희동 188-57,37.5664979549853,126.930304363475
 화곡동 925-11,37.52954164063,126.842576326129
 상계동 1262,37.6791078501215,127.054885125684
 화곡동 935-15,37.5285471851183,126.839381090086
 독산동 962-11,37.477196289523,126.903124638533
 길동 413-54,37.5355839627488,127.138384244559
 숭인동 1396,37.5732820532854,127.022880589166
 천호동 425-3,37.5403228843949,127.125795430603
 천호동 155-5,37.5372129402328,127.134699599425
 응암동 126-10,37.5945951740543,126.916113217167
 응암동 427-113,37.5945233467283,126.918648574282
 화곡동 24-152,37.5457115000506,126.84711337563
 서초동 1679-1,37.4955651107309,127.020679564826
 숭인동 201-11,37.5738383961321,127.021307679334
 구의동 251-157,37.5414435590756,127.084048512484
 봉천동 41-306,37.4849974734584,126.954178084751
 화양동 49-12,37.5416744558392,127.066386735689
 방학동 719-2,37.6689956282129,127.04477570971
 응암동 599-4,37.5890638745746,126.916315955564
 대현동 37-30,37.5580725943902,126.94416277844
 등촌동 656-57,37.5557417258538,126.85388699964
 길동 457,37.5351295486941,127.136944443085
 군자동 473-21,37.5573429781513,127.077849486833
 역삼동 735-17,37.498176780203,127.033643464922
 구로동 43-1,37.5034135981255,126.891470096821
 방배동 1031-2,37.4783411767598,126.9993247249
 대방동 385-22,37.5049044826171,126.922582671911
 황학동 1079,37.5675922569676,127.022791455238
 독산동 973-1,37.4763909966448,126.903313803667
 역삼동 831-40,37.4940738802887,127.031310115894
 잠실동 251-13,37.5056393373602,127.08852418302
 천호동 166-100,37.5386275646053,127.13169312147
 성수동1가 656-1041,37.5473311381502,127.045292744752
 응암동 103-20,37.5988859345487,126.921502544284
 명일동 48-7,37.5522709481116,127.155745528444
 서초동 1339,37.489498463718,127.029859365763
 봉천동 731-1,37.4917904585413,126.926586668545
 하왕십리동 1070,37.5663379455023,127.028445899926
 등촌동 506-23,37.5506223077684,126.863007075172
 상계동 1267,37.6801857663557,127.055834992916
 동선동4가 53,37.5942470839183,127.016510225868
 창동 744-1,37.6614707903124,127.047885361932
 화곡동 920-5,37.5301444635655,126.842428407089
 가산동 139-3,37.4796732948542,126.888375752993
 신도림동 337,37.5094490554526,126.88779869058
 한강로2가 419,37.5276397536323,126.968864857125
 신월동 96-5,35.2275164841008,128.685734064544
 문배동 24-6,37.5360537734353,126.969099046045
 잠실동 251-9,37.505785634697,127.088887233227
 역삼동 603-7,37.5059331813656,127.030094174653
 서초동 1445-14,37.4835480975143,127.017655168142
 천호동 167-156,37.5391193414318,127.132786005944
 대치동 891-63,37.5053954665442,127.054574631434
 구로동 3-81,37.5049137365867,126.886704822133
 영등포동1가 27-1,37.518110834554,126.915001691949
 대치동 889-53,37.5041705340919,127.050785403409
 필동1가 22-2,37.5608428477152,126.992228728658
 성내동 80-3,36.1231279399006,128.120729250229
 봉천동 1663-10,37.4788449182104,126.958135432701
 갈현동 456-14,37.6182561788343,126.919327698567
 석관동 124-21,37.6111481818851,127.064431052392
 잠실동 249-10,37.5053047935506,127.086898785426
 신월동 547-5,37.5182338703398,126.839472144424
 역삼동 735-11,37.498834063768,127.03348081973
 대조동 197-16,37.6174750166494,126.920416863485
 천호동 562-2,37.5394067016099,127.130697789861
 봉천동 883-4,37.4813674374317,126.948842350498
 신문로2가 171,37.5729057282051,126.967839426243
 녹번동 83-11,37.6028085800925,126.927927727984
 면목동 72-36,37.5893883707414,127.093069039119
 응암동 91-8,37.5995477176514,126.917224851956
 염창동 267-20,37.5517942950783,126.868165222655
 독산동 144-4,37.4766691895781,126.897450214385
 봉천동 869-3,37.480902175836,126.951310916485
 행당동 292-28,37.5611017391741,127.033324510179
 황학동 1200,37.5677211269629,127.0214057909
 공덕동 26-7,37.5496743045197,126.960114155942
 구로동 611-26,37.5045870651962,126.877121803729
 독산동 959,37.4788149831826,126.903010628652
 구의동 598-2,37.533350864973,127.091327078835
 견지동 110,37.57248845257,126.982441783981
 가산동 535-156,37.482059038526,126.87537034848
 원효로1가 120-22,37.5388655821783,126.969496074415
 독산동 974-1,37.4760519220274,126.903937988736
 숭인동 76,37.5738466933519,127.01624629592
 봉천동 854-4,37.4800454592125,126.953436192651
 독산동 950-5,37.4794256339883,126.904469664778
 종암동 3-1278,37.59941427207,127.035526140699
 대조동 172-132,37.609617404796,126.920282945393
 내수동 71,37.5739549605302,126.971281374264
 등촌동 628-16,37.5594822823169,126.857260021351
 잠실동 176-8,37.5108506382876,127.079519162867
 서초동 1674-5,37.4940710701616,127.016204675739
 연지동 238-5,37.5725137371698,127.000369998031
 응암동 125-11,37.5943059453933,126.916811004742
 봉천동 725-4,37.4938125926115,126.926812050552
 역삼동 823-3,37.498425428788,127.031695829018
 암사동 500-9,37.5518889847589,127.128704462995
 대현동 37-15,37.5584759290271,126.943575270731
 창천동 92-7,37.5605399089864,126.933076375217
 대현동 37-48,37.5584163162185,126.944437037935
 대치동 891-38,37.5054425240169,127.054718574921
 화곡동 1161,37.5546761666319,126.852894370042
 구의동 252-100,37.5387250631037,127.083964507904
 도봉동 634-6,37.6721946583987,127.046846228297
 신공덕동 15-80,37.5450209654821,126.955024254434
 오류동 46-1,37.4948570720846,126.842031831609
 홍은동 400-6,37.5821229599195,126.925998864085
 양재동 3-14,37.4828953394675,127.042063750566
 한강로3가 65-230,37.5231512109432,126.962907353136
 역삼동 824-12,37.4973949157024,127.030231884727
 독산동 961-14,37.4767360797506,126.90385647437
 구산동 3-24,37.6114990177615,126.914937360765
 창동 647-11,37.6440152113503,127.034281411212
 구로동 508-7,37.4978153206248,126.884193240723
 용답동 232-1,37.5612889432257,127.063375267692
 천호동 452-21,37.5383016446665,127.128574182007
 봉천동 876-3,37.4805183566443,126.9502994721
 화곡동 916-32,37.5293611486047,126.84329148891
 대조동 186-3,37.6174707774056,126.922208036053
 방배동 3001-2,37.4859946794948,126.983078885953
 역삼동 708-16,37.503429130215,127.047821657968
 상봉동 101-29,37.5961471729644,127.087013770928
 서초동 1584-6,37.4851463745213,127.012007924856
 번동 460-15,37.6377193313243,127.030844113034
 역삼동 720-22,37.5013390386658,127.04193201047
 창동 731-113,37.6568786980547,127.040553846801
 아현동 709,37.5576860591764,126.960509983326
 봉천동 1595-3,37.4753962294585,126.953104663234
 영등포동4가 117-7,37.5188815294595,126.90249425603
 방학동 715-3,37.6652920161052,127.044955182625
 등촌동 637-16,37.5566409495989,126.858649077665
 행당동 286-38,37.5610636257562,127.034031294414
 오류동 46-2,37.4946019201793,126.841913495458
 개포동 13-3,37.4943362496223,127.079600880663
 신정동 318-17,37.5217946891632,126.86954961091
 우면동 759,37.4572094317931,127.015685674335
 화곡동 1074-20,37.5407779367905,126.839327665698
 봉천동 1659-4,37.4770022661019,126.962933313861
 가산동 142-59,37.4785711601717,126.892479195984
 상봉동 85-4,37.5941651640607,127.091394331997
 군자동 473-1,37.364384918821,126.786258714415
 개봉동 403-17,37.4944150866976,126.855918504814
 등촌동 641-10,37.5566666036319,126.856131262835
 신사동 20-29,37.598397410855,126.910615252831
 원효로3가 277-36,37.5326038939768,126.95519037068
 공덕동 27-4,37.5498085470362,126.960713106667
 등촌동 639-8,37.5585654655806,126.856151983915
 광장동 120,37.5507724268073,127.109277745813
 신천동 11-4,37.5174422476601,127.103565383923
 봉천동 972-48,37.4903209576901,126.925868130769
 석관동 135-2,37.6131742569395,127.06568165088
 중곡동 41-33,37.5618615583157,127.082437979987
 황학동 1720,37.5702025775272,127.022049412203
 봉천동 875-3,37.4810159394563,126.950081955926
 안암동2가 154-1,37.5861725583445,127.022656191814
 봉천동 882-4,37.4808933182173,126.948605019246
 독산동 1006-115,37.465031901323,126.893337881446
 화곡동 1075-5,37.5411358205474,126.840097109959
 봉천동 881-26,37.4798070875531,126.947695055748
 성내동 47-16,37.5371417222818,127.124798447711
 효제동 45,37.5747995336933,127.001342631016
 문배동 24-21,37.5366826027455,126.968572112566
 가양동 1479-8,37.5637129806067,126.850877429557
 강일동 677-2,37.5651584346704,127.173197816026
 하왕십리동 890-181,37.5642485837299,127.02855653618
 서초동 1337-22,37.491578708169,127.029973292577
 행당동 286-24,37.5611456433265,127.034340770605
 봉천동 914-4,37.4809154226857,126.945827148365
 사당동 1031-23,37.4785928121199,126.980887848151
 개포동 1237-3,37.4780976362112,127.045853538127
 응암동 110-27,37.5993735692876,126.920221503588
 문배동 10-3,37.5375515990213,126.97051555277
 월계동 383-19,37.6227509074317,127.059622521218
 구로동 97-9,37.4961856997969,126.892077805734
 도봉동 62-3,37.6826693943881,127.047061682736
 염창동 261-12,37.5482656602702,126.876840545505
 화곡동 72-3,37.5473253884287,126.846235949087
 암사동 503-24,37.552037567095,127.127696790855
 등촌동 633-17,37.5539096023626,126.865335105322
 진관동 73,37.6352746962986,126.919620006966
 창동 603-5,37.6104459391715,128.362692805214
 서초동 1328-7,37.4953221157033,127.028340982108
 노량진동 267-6,37.512859272402,126.934648984915
 화곡동 1116-5,37.5534484053555,126.851291596861
 공덕동 108-65,37.5486502569868,126.959784783419
 봉천동 867-7,37.4799079335589,126.950772968084
 화곡동 917-4,37.529840120058,126.843959780275
 봉천동 881-31,37.4801087773882,126.947769665968
 서초동 1321-9,37.4956618426083,127.025599173756
 용두동 787,37.5778083686391,127.03769535363
 독산동 960-11,37.4781373680937,126.90431087043
 하월곡동 90-219,37.6040949161897,127.032441918637
 화곡동 24-104,37.5460603370492,126.846493146341
 용답동 229-10,37.561205614706,127.062023822513
 신내동 644,37.6154839914532,127.094443771997
 구의동 243-13,37.5381095980013,127.088948573963
 황학동 836,37.5662880551894,127.022849045798
 화곡동 903-11,37.529304356234,126.847421001322
 광장동 108,37.5514143934645,127.110035198207
 서초동 1302-1,37.5031915533457,127.021770316532
 화곡동 29-46,37.5464019465237,126.847857155117
 방배동 751-9,37.498062542159,126.98550883173
 등촌동 506-25,37.5506608965166,126.862873306579
 염창동 253-2,37.5500934790014,126.876281585032
 대조동 186-43,37.6168736735598,126.9223631407
 시흥동 882-61,37.4550269635555,126.900995745225
 독산동 296-7,37.4719355123351,126.895492903235
 적선동 156,37.5744385390047,126.973558627993
 구로동 106-4,37.4977390391803,126.892340088135
 장위동 50-35,37.6120841928279,127.058015486802
 구로동 106-2,37.4981740266898,126.891983616273
 상계동 693-2,37.6560858462459,127.061042834618
 방배동 750-9,37.4981275771138,126.985953694591
 구로동 512-2,37.4980991555097,126.885760974516
 잠실동 336-5,37.5041772837445,127.087285061862
 영등포동6가 3-2,37.520894751915,126.904312677331
 역삼동 823-26,37.4986517979555,127.032932136365
 성내동 46-4,37.5368389848999,127.12416611761
 자양동 859,37.5377127165626,127.081549994917
 사당동 1049-8,37.476485569323,126.973314147773
 송파동 17-6,37.50650926858,127.107476211252
 서초동 1600-7,37.4861383931686,127.015149655663
 구로동 494-10,37.4991014447624,126.882645494488
 역촌동 41-25,37.6019198675905,126.91941522909
 역삼동 736-22,37.4987458617026,127.034745296857
 서초동 1598-1,37.4880764640894,127.014137914914
 구로동 1132-26,37.4796686005144,126.897804700013
 불광동 281-22,37.6114067152261,126.931472314974
 자양동 224-12,36.3340370121473,127.442675264429
 상봉동 104-21,37.5948248474432,127.087465029415
 창동 621-4,37.6460586978709,127.036796021551
 석관동 337-31,37.6098819357091,127.056453325598
 석촌동 1-6,37.506000537679,127.097905835078
 공덕동 30-10,37.5502913179359,126.96049973781
 성수동1가 72-71,37.5413895474206,127.04921322725
 등촌동 656-37,37.556776412154,126.854997859817
 공릉동 683-20,37.6177014044044,127.074611069487
 상계동 341-5,37.6563256695129,127.064312100395
 군자동 355-5,37.5487464843218,127.068134786858
 길동 416-4,37.5372843125618,127.135572974041
 서초동 1685-3,37.4981672702862,127.013304944794
 송파동 18-9,37.5064304562422,127.107934992152
 숭인동 202-3,37.573545786499,127.02168762487
 성수동1가 72-114,37.5407700926623,127.048771377802
 등촌동 635-5,37.5545793919878,126.862103187153
 망우동 506-15,37.5955015801743,127.093459102639
 서초동 1338-25,37.4905866975493,127.029571540398
 봉천동 1654-1,37.4750377927,126.969038508702
 보문동2가 111,37.5848818208408,127.0191671467
 신내동 646,37.6163310540598,127.092872400213
 독산동 333-2,37.4700281689382,126.890921381327
 구로동 104-6,37.4971738985877,126.891380900078
 화곡동 982-17,37.5489758544735,126.84752782444
 서초동 1542-13,37.4904851939112,127.008715652391
 동선동1가 85-66,37.592270448798,127.018664449845
 천호동 449-49,37.5366174386908,127.131354100832
 암사동 463-4,37.5529143565207,127.128830463156
 영등포동1가 92-4,37.5183129909545,126.913149608503
 방배동 754-1,37.4969634948464,126.984301550309
 고척동 76-4,37.499778183387,126.866138480883
 독산동 1004-13,37.4650423365485,126.890411927882
 문배동 11-29,37.5378953954703,126.970396650829
 연희동 218-1,37.5642213113615,126.928501894364
 구의동 253-19,37.5447296468926,127.083224788627
 녹번동 131-14,37.6083496557481,126.928127691895
 익선동 33-6,37.5749463007119,126.988725267073
 도선동 53,37.5625253146508,127.034094889759
 녹번동 83-62,37.6024946071577,126.927597673913
 암사동 502-13,37.5511401737608,127.127374372351
 대조동 224-11,37.6115187651419,126.917896927509
 길동 385-3,37.5382048699648,127.136714466234
 시흥동 113-4,37.4585384670223,126.897376117945
 서초동 1309-1,37.5020589611746,127.024033308338
 불광동 281-61,37.6111500765478,126.930689294392
 마장동 474-5,37.5704306757745,127.037336748935
 동선동1가 121-5,37.5933091831849,127.01896164065
 등촌동 633-21,37.5537939571752,126.865773461666
 역촌동 41-17,37.6017279962964,126.918824585062
 신당동 160-1,37.5651697396009,127.022376481561
 화양동 193,37.5473916451162,127.072301614749
 구의동 75-1,37.5510794147506,127.089552012824
 상봉동 102-32,37.5955299515521,127.08684086663
 응암동 21-3,37.6000254063942,126.935885469776
 역삼동 718-27,37.500656880569,127.039666048898
 길동 457-1,37.5350528774892,127.137267345221
 대현동 110-22,37.5581468164809,126.942594307104
 동선동4가 127,37.594686696434,127.018262237006
 가락동 78-1,37.4948488910235,127.121898891099
 불광동 305-1,37.6183258434778,126.923364484796
 자양동 219-24,37.5365960469487,127.081137616897
 수유동 223-1,37.638895791103,127.023070242286
 황학동 1930,37.5700443874916,127.020346985473
 상계동 1258,37.6802683691786,127.054884291034
 신월동 545-2,37.517789865527,126.840795347679
 서초동 1582-3,37.4869756444659,127.011549158301
 황학동 808,37.5661695709568,127.023328059144
 신정동 1029-14,37.5211438173133,126.855395640668
 화곡동 899-21,37.53018005961,126.8460663518
 개포동 186-13,37.4890501329521,127.067188857147
 역촌동 85-9,37.6005024422458,126.915372795578
 장위동 50-33,37.6121382718575,127.058227232849
 아현동 327-10,37.5566829353174,126.95466788769
 연건동 317,37.5761769165014,126.999941361764
 숭인동 178-94,37.5751089172762,127.020264669365
 월계동 366-3,37.6251117019824,127.060257501726
 황학동 2484,37.5656208750324,127.022625949801
 역삼동 706-11,37.5021973781109,127.0437262876
 영등포동3가 17-3,37.5185476215838,126.907409951513
 화곡동 350-37,37.5338086255783,126.845167018553
 합동 116,37.561263676843,126.966189076888
 화곡동 1105-3,37.5525553829245,126.849939527292
 암사동 512-10,37.5499702316112,127.126727251928
 구로동 103-11,37.4961291725651,126.889682262301
 문배동 3-3,37.5386694767535,126.970308807231
 응암동 113-9,37.5980991053613,126.916790242801
 신정동 324,37.5152449546897,126.859105409714
 하월곡동 90-1817,37.6056130617268,127.032548561019
 서초동 1445-13,37.4840540290263,127.017337814351
 구로동 187-4,37.4854234248698,126.899492849115
 화곡동 105-378,37.5412518685762,126.842094530664
 가산동 238-117,37.4731072665649,126.887150203136
 종암동 3-1123,37.6000984811676,127.034515562555
 삼성동 144-14,36.3378908282465,127.433355386955
 아현동 437-3,37.5513391596808,126.956180559979
 잠실동 176,37.5111961826643,127.079237157242
 역삼동 837-18,37.4913730459075,127.032524620269
 신정동 953-5,37.5251289334783,126.858427590729
 길동 386-8,37.5377088274035,127.137339528789
 수유동 48-8,37.6343356086907,127.022173807248
 면목동 68-2,37.5865868771867,127.094342564173
 봉천동 876-1,37.4807244624187,126.950273500612
 화곡동 899-29,37.5303435822366,126.845891878311
 한강로2가 2-11,37.5315368870386,126.969091787162
 신정동 319,37.520903397903,126.869048443232
 창동 13-2,35.1860415466278,128.559136759293
 연희동 413-126,37.5666459620541,126.924800467774
 서초동 1601-6,37.4854360921784,127.014574307451
 상봉동 102-52,37.5953650618027,127.086421486258
 응암동 678-3,37.5861406204962,126.921897205011
 용두동 130-4,36.3309433876087,127.404036847895
 화곡동 899-27,37.5303677618614,126.845571084773
 구산동 3-50,37.6118898441656,126.915528423326
 목동 604-9,37.5499045780893,126.865944417207
 상봉동 86-25,37.5944851292405,127.091116819602
 의주로1가 25-10,37.5653058191943,126.967962934509
 응암동 120-14,37.5962903304551,126.917671367138
 화곡동 367-51,37.538095958557,126.841999283654
 개포동 1237-8,37.4782442830201,127.04666333116
 가리봉동 135-68,37.4793904437836,126.891708708855
 화곡동 917-7,37.5294414208791,126.844129555921
 내수동 75,37.5734184939875,126.973256799429
 화곡동 981-1,37.5503126940594,126.848749765121
 불광동 281-16,37.6115254356335,126.931530126388
 봉천동 876-16,37.4806754782457,126.949098848013
 신사동 17-7,37.5987565598404,126.909884463906
 오장동 90-8,37.56426230974,126.999613564247
 응암동 89-1,37.6013595356362,126.921234417135
 응암동 113-23,37.5974983117793,126.916453027184
 대현동 90-58,37.5573283080426,126.943657841438
 연희동 100-15,37.5720352046544,126.929557123852
 구의동 218-15,37.5385596044021,127.091971182308
 화곡동 24-103,37.5461274854306,126.846361191656
 응암동 115-31,37.5989208622049,126.919733778983
 가산동 140-15,37.4782654529249,126.890132381971
 상봉동 84-15,37.5947966673044,127.092219592747
 하계동 256-13,37.6398492727831,127.073926477046
 공덕동 462,37.5474419013229,126.953044113355
 등촌동 658,37.5574260298678,126.851130678899
 응암동 111-1,37.5994548680373,126.918886026552
 가산동 550-17,37.4763271583884,126.878860203413
 동소문동4가 75-2,37.5908662287939,127.010670000354
 쌍문동 669-3,37.6556338043916,127.037797916882
 목동 907,37.8861897284983,127.546713021975
 화양동 21-20,37.5478192020544,127.067876259397
 구로동 98-12,37.495220526523,126.89022035696
 양재동 208-8,37.4654445600466,127.034485382834
 성수동1가 13-117,37.5494780957461,127.049881498641
 중곡동 648-19,37.5584178695049,127.079662220149
 화양동 19-52,37.5471036516298,127.068833920847
 구로동 106,37.4984456598829,126.891286573738
 등촌동 628-32,37.5592433398145,126.857526761437
 갈월동 53-19,37.5455278764107,126.97393366432
 숭인동 243,37.5726037914594,127.017497261255
 천호동 167-159,37.5392185576654,127.132764059437
 명일동 48-17,37.5519792213042,127.155803929478
 삼성동 52-9,37.5185297135055,127.051129368445
 진관동 65,37.6426873699172,126.921208889513
 중화동 208-16,37.5943977050901,127.075256858169
 동자동 45,37.5516967168637,126.973242349808
 면목동 105-43,37.588417319195,127.089385489954
 봉천동 43-3,37.4845459344516,126.954425063162
 응암동 111-61,37.5992973349308,126.917690335005
 오류동 47-24,37.4944213358589,126.841353903951
 신도림동 435-10,37.5068305549361,126.884128562623
 대현동 90-42,37.5574349953681,126.944215651951
 천호동 167-122,37.5391154889046,127.132036028807
 봉천동 875-5,37.4810766727215,126.949468895323
 화곡동 779-9,37.5320018456812,126.862047276335
 서초동 1327-29,37.4949428649795,127.027421420831
 암사동 503-9,37.5515272014484,127.127291862391
 역삼동 706-12,37.5022458403953,127.043895507603
 자양동 680-12,37.5361905444803,127.084759131485
 신설동 98-49,37.575745117139,127.025609519599
 신설동 89-29,37.5769847885443,127.02570138473
 가산동 147-33,37.4770115058474,126.894772556938
 성수동2가 278-29,37.546424847336,127.061168082666
 천호동 169-12,37.5382162564207,127.134325752731
 역삼동 824-49,37.497446401169,127.030627051265
 화곡동 29-39,37.5467514166007,126.847482987229
 화양동 17-16,37.5471136673679,127.070018437211
 마장동 766-25,37.5694185367197,127.044428870067
 화곡동 916-6,37.5293897995404,126.842954123401
 구로동 104-8,37.4970868280908,126.891704387646
 구로동 110-8,37.5012541082838,126.88898378988
 천호동 452-5,37.5380152913431,127.128880794673
 화양동 98-1,37.5457572242358,127.072446060834
 가양동 257-1,37.5710415171114,126.838332424095
 가산동 235-15,37.473024785286,126.891848828945
 화곡동 924-24,37.5296866292309,126.841806386903
 황학동 846,37.5663000436364,127.022521980961
 묵동 163-28,37.6156249976014,127.078581981684
 한강로1가 64,37.5371786415729,126.972964806825
 길동 415-13,37.536621994842,127.136160411395
 등촌동 673-6,37.5587882656336,126.840037377869
 성수동1가 33-21,37.5416078535154,127.049667826066
 구산동 2-8,37.611162126063,126.9157206338
 능동 222-7,37.5559964111216,127.080795837119
 숭인동 1392,37.5737169093035,127.022719566733
 사당동 142-1,37.4860647682296,126.980528888991
 능동 222-2,37.5561468656909,127.081073211753
 동소문동6가 121,37.5927855752485,127.014995263291
 대조동 197-8,37.6175091188664,126.920613455197
 등촌동 632-7,37.5553346230817,126.864978285965
 응암동 109-2,37.6000531980211,126.9217610645
 천호동 450,37.5370177691469,127.130434280927
 숭인동 317-48,37.571463446481,127.016512554784
 목동 905-33,37.5318269332933,126.876031036198
 창동 442-51,37.6422583695919,127.041155529241
 역삼동 837-13,37.491729254055,127.03183794229
 봉천동 877-29,37.4798211265557,126.949537838422
 대현동 90-44,37.557345590908,126.943986556974
 독산동 1031-14,37.4653420760114,126.898380372903
 길동 414-4,37.5364903809285,127.137446437365
 중곡동 157-6,37.5572060178226,127.080436768178
 대현동 56-119,37.5584215971782,126.945050328283
 신내동 492-4,37.6014046829,127.100214796935
 영등포동1가 118,37.5175484447054,126.911269879904
 개봉동 403-15,37.4946305850543,126.855937612461
 창동 7,37.6204369706381,128.394718053885
 충무로3가 49,37.5623845282646,126.992691892919
 응암동 117-39,37.5964649851849,126.918620723568
 등촌동 63-12,37.5627901005319,126.851005042665
 신당동 309-45,37.5596328873245,127.013151969679
 대현동 56-28,37.5582364146425,126.945175548388
 가산동 535-7,37.4839523687584,126.875091584477
 동선동1가 85-65,37.5920897132949,127.018663285351
 천호동 155-3,37.5374843749824,127.135140002124
 봉천동 858-6,37.4814563406999,126.953535122014
 역촌동 2-38,37.6092881615187,126.919762719925
 서초동 1303-6,37.5035920595945,127.023547813833
 오장동 145-1,37.5652379877122,127.001408686174
 등촌동 631,37.5574004750599,126.861386157666
 무학동 7-1,37.5644829987586,127.015782365638
 도선동 292,37.5637044124348,127.031403934472
 염창동 266-18,37.5507182387711,126.870710967945
 구의동 251-34,37.5400140016866,127.083487918594
 가양동 1479-9,37.5635864674561,126.851202012108
 양재동 275-4,37.4768895935875,127.043955688769
 독산동 298-9,37.4724365642145,126.894664272396
 구로동 110-5,37.5007763438731,126.889396015952
 응암동 109-12,37.5993745343645,126.921186116393
 망우동 133-23,37.6003237992232,127.106527956795
 응암동 111-12,37.599019929953,126.918267980155
 봉천동 1599-2,37.4798184866083,126.953567422415
 천호동 167-102,37.5390892550935,127.132271434021
 신정동 319-17,37.5191320819953,126.869184358293
 목동 907-10,37.5366672252836,126.879873989552
 잠실동 178-6,37.5110728398611,127.080410219861
 방배동 866-10,37.4859857035995,126.983888397793
 화곡동 900-32,37.5299641890372,126.845434524554
 오장동 90-24,37.5640979915643,126.999898228422
 원효로1가 28-10,37.5389525485178,126.9671233462
 응암동 115-18,37.5988137499248,126.919247497799
 화곡동 1026-25,37.5449683601128,126.837588022247
 등촌동 656-1,37.5570605928588,126.853629407077
 상봉동 102-45,37.5954116040362,127.086712829513
 수유동 50-17,37.6334176115666,127.021840933263
 노량진동 57-1,37.5129240610736,126.941691354205
 구로동 1132-29,37.4796579486255,126.897538894776
 신도림동 436-7,37.5064204191129,126.883778751085
 역삼동 787-7,37.4937533375547,127.043127642404
 영등포동2가 284-3,37.520653405188,126.909203045151
 응암동 88-8,37.6005210865125,126.921534707869
 송파동 86-1,37.5054494079802,127.109347712737
 역삼동 832-16,37.4929651185921,127.030937903539
 영등포동1가 24,37.5177954022687,126.915588590409
 구산동 2-16,37.6111213479961,126.915521807682
 화곡동 1075-18,37.5408530061436,126.840262598403
 연희동 122-3,37.5696418151601,126.930947862993
 화곡동 899-19,37.5302386321278,126.84621987964
 용두동 40-35,37.6152074181936,126.893908676964
 흥인동 119,37.5658449635261,127.015467626299
 가양동 194-2,37.5710839094284,126.840805087067
 가산동 239-2,37.4741033539996,126.887320996017
 개봉동 403-18,37.4942230161887,126.855900131519
 독산동 962-42,37.4776179672532,126.903315456245
 방배동 476-1,37.4776750965381,126.987996404443
 불광동 281-20,37.611289966609,126.931573291817
 면목동 1110-13,37.5806917678806,127.090859630723
 돈의동 41-1,37.5723215626475,126.99010596478
 독산동 1156,37.4610939379188,126.896786119776
 목동 961,37.9257570035616,127.589886155074
 등촌동 684-3,37.5666281416451,126.841425795734
 황학동 656,37.5667676550466,127.021178721473
 응암동 118-49,37.5969929467409,126.917272202331
 봉천동 868-25,37.4806363141552,126.95116697651
 길동 387-4,37.538161330035,127.138401905899
 가산동 235-81,37.4726933772469,126.891147463996
 성내동 46-23,37.5369927402601,127.124319830008
 독산동 952-34,37.4792861217619,126.90231782893
 필운동 285-5,37.5757056351733,126.969485021863
 등촌동 78-7,37.5608950851861,126.85458866173
 상봉동 115-70,37.5956956826345,127.08515673944
 상봉동 102-5,37.5958311489796,127.087323548393
 화곡동 938-5,37.529760033881,126.83970599058
 봉천동 870-13,37.4817358659155,126.951446046696
 영등포동4가 117-5,37.5190244799432,126.902596369118
 오류동 9-9,37.4956657963143,126.841276067015
 봉천동 861-6,37.4816522276366,126.95217180782
 대현동 90-26,37.5576821940013,126.943610765885
 종로1가 24,35.8713438329109,128.590715966257
 서초동 1327-23,37.4954363096032,127.027570783597
 하월곡동 90-260,37.6040838815676,127.032826240122
 문정동 652,36.7942566867337,128.592900779246
 목동 916,37.7298144827624,126.733236386535
 염창동 310,37.5481854956024,126.871567913093
 아현동 331-29,37.5568452289871,126.953651042949
 구로동 494-54,37.4986806717378,126.882765254746
 염창동 266-12,37.5507312644944,126.870128693019
 봉천동 869-6,37.4810901385486,126.950659831854
 천왕동 277-6,37.4814044590485,126.838817252525
 봉천동 877-8,37.4795619241492,126.950153241636
 봉천동 1568-2,37.4790100125101,126.950509121439
 가산동 140-23,37.4786484780542,126.889887666528
 숭인동 1421,37.5737460600922,127.022367625916
 청담동 5,37.523585561195,127.045060981516
 연희동 136-7,37.5669859111849,126.931370275931
 대방동 405-8,37.4995641655174,126.926853981858
 묵동 174-32,37.6126952554072,127.078285069586
 화곡동 1111-3,37.5543005169577,126.851859089405
 신정동 1192-16,37.5219052146697,126.849971391405
 화곡동 998-5,37.5517537266557,126.849250792401
 구의동 219-17,37.5389600972837,127.091687685696
 구의동 199-14,37.5401686657561,127.09532153943
 진관동 60,37.6396703886869,126.918095180382
 신설동 81-79,37.5764823019401,127.023459248663
 대조동 26-10,37.6093509054172,126.926460533268
 서초동 1337-2,37.4919528099305,127.028810174561
 봉천동 1718-4,37.4918904330396,126.944631912783
 봉천동 861-7,37.4818875631616,126.952207619987
 문정동 622,37.480111974021,127.119690953249
 동선동4가 111-1,37.5941607282865,127.018238330644
 가리봉동 137-23,37.4787950774991,126.895833620938
 구로동 187-3,37.4856193830049,126.899108995993
 북가좌동 343-1,37.5836229582293,126.911116313158
 노량진동 39-9,37.512592347857,126.938533553261
 목동 515-7,37.5467220699359,126.876020145782
 상봉동 104-70,37.5944095112077,127.087032292031
 길동 388-7,37.5379806718556,127.138739787029
 영등포동1가 121-5,37.5172035652892,126.91170984844
 신설동 109-8,37.5717464649675,127.024766614167
 영등포동7가 91-2,37.5249863718388,126.907182548069
 용두동 130-12,37.578169613011,127.031050305629
 황학동 2022,37.5690642245646,127.020949163698
 성내동 244-4,35.9599762527123,128.921855648047
 삼선동5가 298-7,37.5893479230945,127.015814665624
 역삼동 719-24,37.5008753489213,127.040644304013
 가산동 144-5,37.4766620862391,126.890991933659
 봉천동 41-193,37.4861200199074,126.954503472707
 봉천동 883-5,37.4811571014758,126.948659805889
 대방동 394-11,37.4999697330088,126.927416531351
 구의동 243-2,37.5385167333871,127.088801170101
 화곡동 24-76,37.5463045397736,126.846889360684
 청파동3가 80-6,37.5419160467358,126.970342208263
 연희동 194-30,37.5652273822191,126.93012577879
 구로동 107-4,37.4986522356386,126.891116724952
 불광동 11-7,37.6172021652023,126.933175989271
 수유동 95-7,37.6337774651078,127.022837271187
 성내동 47-8,37.5372479896463,127.124178615895
 영등포동1가 127,37.5171586532807,126.910643478456
 중곡동 639-4,37.5582917850136,127.077710586528
 서초동 1515-3,37.4864139600265,127.004543509329
 사당동 207-3,37.4878080002902,126.967000091222
 봉천동 868-3,37.4803933501076,126.951493368319
 구로동 1127-22,37.4821516246023,126.898881255335
 오류동 47-31,37.4946228196292,126.841341005747
 송파동 31-2,37.5107143866146,127.106985398164
 목동 917,37.8896699209249,127.547120992596
 염창동 65,37.5563872499838,126.869965022096
 하월곡동 90-1261,37.6055393116022,127.032205013178
 신설동 117-9,37.5731884703989,127.023609348038
 화곡동 70-5,37.5455568458786,126.845118658643
 영등포동1가 79-3,37.5182160600169,126.913712615649
 구의동 199-23,37.5394329898022,127.094625729782
 창동 624-15,37.6070810961592,128.356813784502
 창동 623-48,37.6444119577221,127.036218322398
 용두동 100-1,35.0948773787973,126.820881524003
 천호동 452-6,37.5380894345949,127.128680014242
 등촌동 642-2,37.5555748070668,126.858739779506
 황학동 1744-1,37.5701811399883,127.020995666307
 구로동 1131-8,37.4804329495156,126.898963307746
 서초동 1337-14,37.4921335279217,127.029101603517
 자양동 779,37.5374989137458,127.08226319049
 천호동 442-34,37.5411535317563,127.123950369565
 창천동 97-64,37.5615501989864,126.932106689529
 상봉동 102-30,37.5954929253739,127.087047291707
 정릉동 480-1,37.602915937102,127.012087610456
 역삼동 825-24,37.4970086633559,127.029720365516
 망우동 508-2,37.5971290955643,127.094354818102
 봉천동 1628-13,37.4774502227788,126.960130200011
 화곡동 982-13,37.5491556291624,126.847812235516
 황학동 787,37.5670978164957,127.023300864209
 을지로5가 20-1,37.5671086786132,127.001824758925
 등촌동 641-9,37.5565662639346,126.856473012923
 잠실동 40,37.5110910184918,127.093881664248
 동소문동6가 143-5,37.5933666766495,127.016016224463
 응암동 126-47,37.5945040786297,126.916644425899
 염창동 242-5,37.5555227768306,126.867130816949
 망우동 506-14,37.595554909564,127.093623037207
 용두동 255-58,37.5702427496165,127.03069070263
 암사동 513-8,37.5487604806947,127.126083829962
 면목동 105-8,37.588470819933,127.088801010794
 염창동 263-20,37.5486982649906,126.874811206176
 천호동 167-175,37.5391561319308,127.132609380673
 신정동 318-1,37.522433725694,126.86943427602
 봉천동 1529-68,37.4794122455851,126.941398244916
 오류동 76-2,37.4939975192617,126.840519363964
 구의동 199-8,37.5404555460214,127.095236317584
 봉천동 729-24,37.4918137075838,126.925431453524
 서초동 1309-2,37.5022993072539,127.024009091258
 역삼동 824-9,37.4975395754812,127.030582418833
 연희동 80-7,37.5712202593274,126.934824860893
 목동 614-9,37.5480541273428,126.863561642354
 신당동 420-17,37.5567463067338,127.009839246934
 구로동 651-2,37.4966218769738,126.872176813718
 석촌동 175-6,37.5053867462444,127.105305990689
 창동 629-25,37.6436334805436,127.035539544853
 홍은동 427,37.5820175391513,126.936685566175
 자양동 626-3,37.5357306025124,127.083215648535
 신정동 903-27,37.5258601301051,126.860484913905
 숭인동 310,37.5728356702934,127.016103947937
 화곡동 1075-27,37.5408107267802,126.840580410941
 가양동 275-1,37.5703686238113,126.840043613648
 등촌동 683-1,37.5660161911018,126.841489527348
 화곡동 1063-8,37.5425252149785,126.841734172921
 신정동 323-9,37.516422678839,126.862054547941
 공릉동 661-3,37.61875816541,127.077382862756
 구의동 243-48,37.5384563690464,127.088609395753
 가양동 187-7,37.5701953254087,126.840910402959
 화양동 21-23,37.5478071952756,127.068708787464
 시흥동 998-5,37.4541124783627,126.898015320672
 봉천동 880-9,37.4802436722194,126.948352198237
 구로동 98-10,37.4953373270861,126.890444744966
 천호동 163-30,37.5380130158316,127.133845641374
 송파동 85-5,37.5049330810675,127.108242253912
 봉천동 881-30,37.4800341469535,126.947668858544
 신정동 1290-4,37.5098045968151,126.843250668169
 화곡동 987-1,37.5509957230371,126.848476350425
 신정동 972-6,37.5214683305705,126.852919639964
 쌍문동 639-3,37.6566901126691,127.038283805891
 자양동 608-21,37.5326995704386,127.075851983858
 상계동 330-29,37.6564579625502,127.066115009983
 잠실동 176-2,37.5109132647678,127.079303245215
 봉천동 1654-9,37.475039882734,126.969474626571
 천호동 416-12,37.5403187625621,127.126307485739
 구로동 642-88,37.4987867514019,126.876796617456
 상봉동 101-34,37.5961230136484,127.086659797577
 오류동 58-1,37.496383767284,126.845423708123
 구로동 44-5,37.5021501461144,126.891707580006
 문배동 40-31,37.5378933328723,126.967924805754
 시흥동 992-63,37.4525995987358,126.899307403181
 숭인동 313-12,37.572327554742,127.016250568144
 구의동 236-25,37.5429468445095,127.084668190516
 오류동 51-31,37.4954100435767,126.843347930728
 신사동 23-48,37.5981048225275,126.91498381569
 삼성동 51-4,37.5130687320646,127.052498459909
 천호동 167-43,37.5390944225543,127.133855086662
 역삼동 824-13,37.4975780650696,127.030309016001
 동선동4가 295-4,37.5957220642185,127.019972853758
 암사동 513-39,37.5482895988085,127.126045079416
 상봉동 128-90,37.5940949352298,127.079741330224
 봉천동 1599-3,37.4794740179712,126.953517897156
 둔촌동 425-15,37.533237441865,127.139909653773
 목동 605-11,37.5503992112983,126.865231876602
 방배동 426-1,37.4841263542599,126.983114717783
 봉천동 874-22,37.482109501514,126.950207857031
 성수동2가 277-37,37.5436911446281,127.062512853468
 중계동 509-1,37.6407492361499,127.068236196827
 신도림동 276-32,37.5133455685548,126.880760937854
 창동 661-5,37.6499754838192,127.036356693523
 가양동 239-8,37.5716382618281,126.839657124655
 흥인동 8,37.5677469045872,127.01634629453
 대치동 891-26,37.5046327781487,127.053751951896
 창동 632-1,36.642795029817,128.195165683623
 구의동 218-12,37.5389648359037,127.092726008736
 충무로2가 48-2,37.5628276753718,126.98993591221
 천호동 566,37.5382019145802,127.129958094402
 연희동 103-6,37.5724087679827,126.929241838592
 천호동 167-17,37.539001074115,127.133668240413
 성수동2가 299-134,37.5497294046629,127.052896288519
 연희동 78-4,37.5732637528659,126.93509426918
 서초동 1338-8,37.4899080650134,127.030205537859
 강일동 679-1,37.5647818957018,127.174329654308
 상봉동 104-32,37.5947614711553,127.08730679012
 상봉동 81-5,37.5970703422814,127.091207303718
 창동 715-9,37.6556212651385,127.039423935544
 독산동 1003-19,37.4658985392876,126.890092113377
 가산동 237-16,37.4733615132533,126.889212029504
 문배동 40-19,37.5383489312411,126.969068733898
 구로동 685-204,37.4938530090149,126.872428400169
 공릉동 670-11,37.6186808446151,127.076915872587
 대현동 90-22,37.5576883312628,126.943755316622
 대치동 943-24,37.5068837031641,127.059436775249
 서초동 1316-17,37.498513232496,127.024709954442
 봉천동 701-20,37.490460776193,126.926496634886
 숭인동 1392-1,37.5735643937643,127.022724320472
 용두동 138-41,37.578571864192,127.03234253244
 화곡동 371-21,37.5369236754098,126.838191516763
 화양동 17-68,37.5466365430931,127.069295941347
 시흥동 998-10,37.4540481311303,126.898342210085
 개포동 1229-6,37.4771291005017,127.045607689737
 신당동 340-123,37.5560480921109,127.012261904764
 천호동 163-15,37.5378330867261,127.13419429385
 독산동 1007-13,37.4658210485622,126.896309738571
 화곡동 908-4,37.5279456609912,126.847034783192
 천호동 466-3,37.5420944040342,127.121253204305
 오류동 6-16,37.4951770978397,126.840321124348
 공덕동 475,37.5478269388422,126.95430987978
 녹번동 176-6,37.6022010759982,126.922195793508
 길동 388-5,37.5374727879039,127.138897929831
 독산동 303-1,37.4721379371788,126.891424745732
 잠원동 76,37.5072339719481,127.000759636232
 문배동 11-14,37.5374902696805,126.969657973409
 역촌동 36-30,37.6019004921483,126.916295692497
 화곡동 899-4,37.5300290495064,126.846800837822
 하왕십리동 286-2,37.5695443045313,127.029318715531
 시흥동 935-1,37.4485593152934,126.904183355962
 대현동 90-36,37.5575166204188,126.944310023643
 방배동 752-36,37.4978800123341,126.984604089078
 등촌동 648-11,37.5519490051495,126.864287404414
 창동 181-46,37.65934226249,127.045596509647
 봉천동 893-27,37.4821553941369,126.946751062642
 신월동 235-7,37.5285301610698,126.838878767114
 중곡동 341-3,37.5569506125533,127.081756943405
 불광동 281-37,37.6110143688548,126.931412102401
 성내동 48-42,37.5374283225921,127.124797477935
 효제동 65-2,37.5742014310378,127.001836465134
 응암동 353-10,37.5903135662735,126.918232427849
 녹번동 176-4,37.6022394078769,126.921854383852
 역촌동 43-68,37.6004695595174,126.918008654206
 삼선동4가 345-1,37.5908509405201,127.013882805683
 천호동 167-104,37.5392374258933,127.132344807979
 연지동 222,37.5727307831017,127.000267139881
 영등포동1가 31-6,37.5180200349026,126.9146798438
 연희동 446-270,37.5671603149415,126.920174976837
 구로동 474-1,37.5000751183886,126.880579712466
 등촌동 628,37.5604784433556,126.855638197046
 노량진동 194-3,37.5127489518523,126.948588714258
 자양동 219-8,37.5365487041162,127.082179258689
 숭인동 317-29,37.5720335698321,127.016721060559
 암사동 500-10,37.5520213827263,127.12875286733
 상봉동 113-28,37.5948178525236,127.085174471536
 봉천동 1564-3,37.4796211059612,126.944605492274
 쌍문동 88-4,37.6504728096408,127.035317413308
 길동 413-23,37.5363330296113,127.138279887834
 영등포동3가 20,37.5174684938785,126.907284667771
 공덕동 115-45,37.5479149327914,126.958408958243
 중곡동 92-3,37.5558816408927,127.088521389273
 역삼동 708-26,37.5035490109928,127.049060896122
 천호동 167-2,37.5389357754276,127.132736818067
 화양동 113-1,37.5470306772233,127.071847319779
 목동 621-5,37.5472850919335,126.863528592643
 영등포동4가 443,37.5179660261416,126.901962215334
 하왕십리동 898-2,37.5646606777614,127.027481932094
 가양동 448-11,36.3483191690816,127.440353118767
 성내동 81-12,36.1229142050061,128.120809203619
 봉천동 881-1,37.4805231891466,126.947855654796
 연희동 121-4,37.570905851286,126.929969661225
 영등포동2가 28-118,37.5204720805334,126.911441980803
 중곡동 158-4,37.5576139957044,127.081019018782
 구로동 650-4,37.4959809543624,126.872884674101
 신당동 353-22,37.5513891771312,127.007674674266
 번동 417-6,37.637846511993,127.029512871226
 쌍문동 601,37.6574384478719,127.039249991281
 독산동 961-9,37.4775392916825,126.904018351564
 용두동 788,37.6230996213388,126.880109348089
 화양동 111-73,37.5470405908758,127.072355015487
 월계동 379-17,37.6234684298601,127.06066181704
 천호동 554-2,37.5402699378391,127.129657806792
 봉천동 863-9,37.479909032842,126.951789389903
 등촌동 628-17,37.5591301807361,126.856820383
 서초동 1589-3,37.4850549474272,127.012606299022
 역삼동 736-24,37.4985487695635,127.035037025915
 가산동 238-55,37.4728532138386,126.887423409772
 이태원동 130-11,37.5335345130467,126.993731806058
 독산동 1005-4,37.4643709133357,126.892986249688
 녹번동 144-100,37.6069835493967,126.92353142416
 화곡동 899-43,37.5303716786835,126.846240049927
 영등포동 618-22,37.5142973601298,126.908411074804
 정릉동 882-5,37.6085665276938,126.998532887854
 신당동 120-1,37.5653094495826,127.018007771671
 방배동 1031-3,37.4781722951849,126.999449485767
 효제동 167,37.5725341041918,127.004489208204
 봉천동 40-24,37.4860363608618,126.955912592037
 상계동 1131-12,37.6780857970597,127.056311032768
 염창동 264-26,37.5496595209909,126.871764806802
 연건동 206,37.5761865207394,127.000431181754
 응암동 110-38,37.5992462583416,126.919647308146
 도선동 46,37.562353265778,127.034406746384
 천호동 562,37.5395938376281,127.130620731546
 천호동 167-57,37.5388202177151,127.132313614289
 봉천동 876-27,37.4807560945224,126.949973868235
 자양동 854,37.5319173089117,127.067959463832
 시흥동 989-10,37.4492359285515,126.900783277041
 목동 607-1,37.5503019248725,126.864781825898
 독산동 149-50,37.473135731905,126.897292359455
 구로동 109-1,37.4996795798353,126.888390614129
 목동 607-22,37.5494345554756,126.865638290013
 대현동 45-5,37.5572508654636,126.947094925141
 숭인동 217-26,37.5732009127585,127.019460999221
 고척동 76-411,37.4997248558991,126.865948927057
 등촌동 721,37.5358158661925,126.863032623447
 신대방동 698,37.4855749035561,126.904437679693
 구로동 186-7,37.4860630725736,126.898599904924
 공덕동 26-4,37.5438817321472,126.953275371849
 대현동 27-20,37.5580311301188,126.943156894671
 방배동 488-4,37.4741942560218,126.993117973114
 신당동 420-9,37.5569706840026,127.009761868429
 황학동 882,37.5667080418678,127.022477405771
 면목동 90-64,37.5935944314727,127.091410188998
 오류동 73-6,37.4929549431949,126.840820263182
 암사동 503-5,37.5522292770849,127.127362538531
 신설동 117-14,37.5734838252052,127.023596998954
 신도림동 271-25,37.5143262442645,126.881409832081
 길동 387-5,37.5380092904562,127.138344976787
 서초동 1601-2,37.4857640144195,127.01469884462
 염창동 250-5,37.5502145191097,126.874938044362
 서초동 1688-6,37.4960504535892,127.020123659049
 가산동 143-49,37.4779410686397,126.890648248254
 면목동 633-9,37.5793890279707,127.086862503769
 봉천동 881-3,37.4803381846259,126.947815221589
 상도1동 522,37.5060730836144,126.950341856942
 숭인동 1421-1,37.5734442503447,127.022377308255
 증산동 163-10,37.5859074589976,126.911368075538
 상봉동 105-17,37.5938783846566,127.088586874876
 개포동 1229-10,37.4765639573441,127.04619369484
 흥인동 86,37.5660029040967,127.016597638199
 숭인동 217-16,37.5728478526029,127.019645608473
 대조동 197-20,37.6172634137766,126.920811686682
 봉천동 1564-1,37.4797710963838,126.944625560319
 상봉동 104-10,37.595108276697,127.087538732285
 화양동 17-92,37.5465238252231,127.069235294056
 화곡동 1097-6,37.5535892221835,126.850468659751
 불광동 281-23,37.6115396529201,126.931356696093
 구의동 80-29,37.5463138638464,127.086337390737
 봉천동 863-5,37.479476287811,126.951642471923
 불광동 222-6,37.617415650423,126.932708747761
 용답동 236-5,37.5602014835272,127.069078800493
 석촌동 175-12,37.5056467552205,127.105956567907
 한강로2가 312-4,37.5303103962558,126.968486758233
 구로동 26,37.5056632591005,126.891540237886
 독산동 953,37.4785541001,126.900477518643
 화곡동 982-12,37.5492752642574,126.848137630092
 면목동 604-21,37.5813342007055,127.08681582119
 오류동 68-6,37.4928784086556,126.841892999647
 봉천동 877-16,37.4803243772821,126.949910483329
 수유동 48-1,37.6343975598161,127.022865862129
 천호동 431-5,37.5399763102941,127.123460432835
 중화동 208-4,37.5944822479389,127.075885080732
 성내동 244-5,35.9599391385972,128.921602866473
 황학동 1565,37.5691664723885,127.02215124947
 화곡동 1107-3,37.5547556385655,126.853891286661
 독산동 1006-3,37.4661399255598,126.892291643194
 우면동 765,37.4564580380836,127.015913246973
 구산동 3-3,37.6117541512285,126.915458946103
 등촌동 637-27,37.5565625948024,126.858279280193
 명일동 47-18,37.5533111415485,127.155951971691
 응암동 111-14,37.5992083999362,126.917761127789
 봉천동 877-4,37.4798985260678,126.950143665753
 등촌동 636-1,37.5564840646739,126.860639772073
 등촌동 633-24,37.5533565485174,126.865863871932
 을지로5가 77-2,37.5665184318187,127.003340460706
 역삼동 832-33,37.4923967089538,127.032037271552
 도선동 276,37.5632457005144,127.033277641775
 대방동 394-5,37.5001445327957,126.927622618233
 도봉동 62-1,37.6825893113064,127.048081497106
 한강로1가 50-1,37.5367184308101,126.972549837484
 창천동 20-41,37.5562467737426,126.93928533223
 노량진동 56-11,37.5126635232022,126.941324547177
 역삼동 832-3,37.4923585271759,127.030707475746
 응암동 118-39,37.5973103011606,126.917550298068
 숭인동 201-7,37.5739525424125,127.021492466698
 가락동 77-4,37.4957241539297,127.122117555448
 성내동 199-17,37.5340302240899,127.134062120754
 대조동 179-30,37.6073201418549,126.922333020326
 가산동 238-11,37.4724325166946,126.88816632753
 도선동 257,37.5631548390394,127.032826347179
 암사동 501-19,37.550147778513,127.12855585835
 봉천동 863-6,37.4796609217325,126.951752858398
 도선동 14,37.5637171197981,127.035758656534
 봉천동 1540-24,37.4794142234571,126.943331255798
 화곡동 343-66,37.5307165299449,126.846572205093
 봉천동 1658-16,37.4763525286523,126.964188321868
 동선동4가 132,37.5945896402502,127.018325516066
 공덕동 463,37.5498056445452,126.954395165618
 고척동 76-183,37.5000662702722,126.864788636676
 연희동 340-27,37.5638651446218,126.931725791692
 창동 624-1,37.6046766304661,128.356364454885
 저동2가 7-2,37.5651469010471,126.990541123048
 화곡동 29-45,37.5464754147857,126.84771066547
 신공덕동 167,37.5434895493352,126.952868227397
 수유동 50-31,37.6321255792359,127.022031416839
 길동 413-11,37.5364357494613,127.138084850505
 방배동 750-10,37.4980528837283,126.986086276863
 오류동 34-13,37.4970364112407,126.844774130863
 목동 923-15,37.5276000789549,126.870695648329
 공덕동 12-98,37.5494446722432,126.960453952703
 화곡동 1063-17,37.542660803302,126.841601423003
 천호동 361,37.5449081623304,127.127712227141
 대현동 37-24,37.5582249245942,126.944217917838
 불광동 239-4,37.6169453679686,126.93260141272
 삼성동 158-4,37.508477461492,127.057886670001
 부암동 129-8,37.5978013300824,126.963100303534
 상봉동 85-5,37.5941973104588,127.09154296648
 한강로2가 2-37,37.5302122009928,126.967793940653
 연지동 111,37.0098670371319,127.270687507754
 등촌동 628-18,37.5589191842878,126.856466840971
 청담동 130-8,37.5243453774048,127.055326803019
 길동 413-24,37.5362372840053,127.13832790023
 가산동 547-56,37.4781289625734,126.877315301043
 봉천동 1598-7,37.4789272984831,126.953439467546
 삼성동 44-16,37.5119316218544,127.048611759273
 화곡동 925-3,37.5296370049718,126.842715900317
 서초동 1316-5,37.4975296023332,127.024484722855
 홍은동 400-3,37.5823725821425,126.925751084343
 서초동 1344-13,37.4868160144438,127.028242317456
 영등포동3가 7,37.5190772572477,126.905552415741
 충무로5가 36-2,37.5633822367829,127.000001727897
 서초동 1303-7,37.5035068792005,127.023256242309
 봉천동 1620-14,37.4782576023857,126.958008516471
 방배동 750-8,37.4982026893799,126.985819459465
 중계동 360-12,37.6484950067814,127.076297811455
 수유동 50-30,37.6331399402464,127.021604974124
 영등포동2가 28-116,37.5205831048164,126.911137942372
 충정로2가 192,37.5641150094606,126.964890294503
 구의동 76-1,37.5513744485661,127.089363561801
 녹번동 19-121,37.6034375970065,126.935336127037
 창동 659-21,37.648835048058,127.035674740476
 중곡동 157-17,37.5574035408858,127.080775152484
 화곡동 920-16,37.5300829855345,126.841845409808
 용두동 236-1,37.622818047957,126.88340271478
 화곡동 1073-9,37.5404164983906,126.837280642669
 동선동4가 148,37.5943089843558,127.017678766996
 봉천동 43-6,37.4846026151831,126.954498711191
 동소문동6가 3-1,37.5923101017421,127.013403012161
 구로동 1130-23,37.4810008674998,126.898657610293
 연지동 163-3,37.5732410000698,126.998737227527
 군자동 355-1,37.3608318322312,126.78823498479
 창동 296-1,37.6136835722938,128.378859501679
 봉천동 870-12,37.4817928178978,126.950841584023
 순화동 217,37.5635869321786,126.970353714468
 연희동 212-2,37.5637511490095,126.928895664879
 서초동 1330-6,37.4931530661676,127.028265897457
 창동 443-4,37.6117483648431,128.373085186165
 길동 387-2,37.538099362608,127.138056986081
 가산동 147-10,37.4781073663838,126.89535431605
 사당동 1007-13,37.4837261777462,126.981138170028
 응암동 366-6,37.5910569772671,126.918508459557
 염창동 283-3,37.5475106235463,126.877510469097
 가양동 250-2,37.5708270868596,126.840377861826
 상봉동 107-31,37.5946241746911,127.086578175194
 암사동 501-21,37.550814255191,127.12856782668
 화곡동 24-39,37.548089897697,126.846812264759
 오류동 134-1,37.4924218125095,126.84092894551
 봉천동 867-15,37.4802299834073,126.950532659856
 상계동 341-15,37.6564514875882,127.064774663707
 면목동 626-31,37.5791040553037,127.087055045939
 강일동 675-3,37.565380410444,127.174115363261
 신정동 319-18,37.5194800895031,126.869278034378
 흥인동 142-1,37.5660844862432,127.014220279571
 석관동 226-3,37.6118328728995,127.059727811059
 독산동 151-3,37.4727015776398,126.897037487088
 녹번동 144-43,37.6066184826504,126.923411656325
 신당동 340-73,37.5579002225486,127.012699210144
 원효로1가 112-4,37.540970276109,126.970348516079
 서초동 1553-15,37.4917214798544,127.009057194612
 미아동 160-3,37.6342260671377,127.023948410115
 염창동 262,37.5488186166786,126.876287600671
 화곡동 937-14,37.5293511157133,126.838958237773
 암사동 502-3,37.5509523735734,127.126918803771
 부암동 154-2,37.5966683730713,126.96413687351
 불광동 281-48,37.6111762458066,126.931059970839
 보문동2가 82,37.5856196772547,127.018719703859
 중계동 143,37.6602491668882,127.075325231999
 면목동 1541,37.5924867369771,127.087293190185
 마장동 775-2,37.5653858062295,127.040194204062
 대현동 90-50,37.5573378728949,126.943854324997
 역삼동 823-7,37.49840487447,127.032265640731
 녹번동 176-3,37.6023605218493,126.921952736155
 천호동 165-1,37.5385379646715,127.132175324486
 동소문동5가 30,37.5920164027109,127.014554046424
 창동 623-6,37.6450224107062,127.036675023037
 봉천동 882-3,37.4806981695636,126.94851291205
 길동 416-13,37.5368148510119,127.135732917669
 문배동 24-8,37.5367060942087,126.969538646242
 가양동 1480-4,37.5629152757614,126.853332322935
 구로동 603-9,37.5033263043143,126.881059945631
 번동 448-2,37.6350053899958,127.024627773712
 오류동 75-2,37.4939706531209,126.840791842416
 불광동 13-7,37.6191986361379,126.933022107113
 을지로5가 39-1,37.5673701525509,127.00274700434
 홍은동 274-32,37.5807404012719,126.935816905018
 염창동 264-35,37.5503469148072,126.871551788479
 성내동 64-13,37.5379643772721,127.123740704748
 상봉동 102-19,37.5957282474432,127.086679328693
 성북동1가 35-22,37.5884227432687,127.005435296351
 대신동 90-1,35.8716542818469,128.581292619917
 가산동 237-50,37.4726410469194,126.890157417554
 영등포동1가 94-2,37.5177537541168,126.91313739308
 봉천동 851-10,37.4824013078755,126.954131786016
 동소문동4가 75,37.5906418318687,127.010065356007
 한남동 726-116,37.5411834448395,127.004061491747
 화곡동 981-5,37.5499339515404,126.848636743114
 봉천동 879-3,37.4796144439754,126.947715755869
 대현동 56-83,37.5586705964354,126.945326367357
 서초동 1623-3,37.4871226334783,127.015465266882
 황학동 1694,37.5701882963309,127.023170971773
 개포동 1236-4,37.4772584914341,127.04608361463
 상봉동 104-4,35.2109754838452,128.071997479863
 화양동 18-9,37.5478115820585,127.069640472995
 화곡동 903-5,37.5292695615757,126.847585434775
 등촌동 656,37.5572619130222,126.85356360661
 잠실동 294-23,37.5055323917933,127.07849067096
 행당동 192-29,37.5648889717922,127.0367834541
 수유동 274-5,37.6476206737232,127.014795431941
 서초동 1330-12,37.4932298170335,127.028723061648
 역삼동 830-41,37.4953256401575,127.032530620472
 서초동 1337-6,37.4912395215212,127.029072229245
 동선동4가 295-1,37.5958902626388,127.02019976307
 길동 456-3,37.5354371260927,127.137100590054
 오류동 59-20,37.4966526912688,126.845758470145
 응암동 354-3,37.590466847553,126.918047158421
 미근동 190,37.5642743558087,126.967411211335
 화곡동 926-5,37.5288558636631,126.841932591861
 역삼동 648-1,37.4997635697475,127.03107229708
 신당동 160-5,37.5649745913523,127.023323760819
 성내동 448-17,37.5237641411373,127.13061962536
 창동 731-123,37.6568967940031,127.04118630728
 용두동 255-49,37.5707191493581,127.028455765966
 성수동2가 255-7,37.5400507684935,127.060760482139
 가산동 775,37.4850169225566,126.88021101956
 화곡동 904-3,37.5290243132461,126.847810066027
 동소문동4가 118,37.5912502272908,127.011462468894
 천호동 169-1,37.5384777800676,127.133440995766
 중계동 506,37.6399286675942,127.064260665213
 상도동 183-28,37.5037177071295,126.938463861295
 연희동 193-9,37.5655494450618,126.928727404215
 천호동 167-73,37.539473285828,127.131824547347
 만리동2가 11-1,37.5550123008918,126.966292916275
 화양동 20-5,37.5472363073222,127.068081419187
 성수동1가 656-392,37.5415827513734,127.047267672885
 천호동 169-6,37.5383958026199,127.133796831512
 서초동 1327-27,37.4952875287127,127.02725682994
 갈현동 325-8,37.6165253569878,126.907684423302
 면목동 116-2,37.5873702197106,127.086894346823
 황학동 1628,37.569526170147,127.022415718176
 방배동 755-7,37.4967970406832,126.985958372461
 등촌동 681-3,37.5633982334162,126.840196943351
 응암동 124-37,37.5946966743123,126.917663355908
 녹번동 27-7,37.6062630768523,126.933139311662
 서초동 1355-17,37.4849825161199,127.02915762894
 구로동 106-10,37.4980071183298,126.891646142389
 창동 650-32,37.6460450590412,127.033850257106
 영등포동3가 9-13,37.517688570188,126.906440854982
 사당동 183-1,37.4911134460492,126.964131509061
 구로동 182-6,37.4864335834549,126.897498351705
 구로동 110-4,37.5010047710866,126.889640537538
 창천동 490,37.5612256016093,126.927273132375
 봉천동 881-2,37.4803996371937,126.947969134858
 화곡동 1111-4,37.5540289687052,126.851715818622
 서초동 1303-16,37.5027502065337,127.023882060058
 천호동 163-7,37.537973755444,127.133060205319
 목동 516-2,37.5467940019198,126.877192945059
 역삼동 831-45,37.493665526517,127.031012647608
 천호동 164-70,37.5372131327462,127.133259580603
 천호동 151-2,37.5384802191743,127.135631106287
 노량진동 16-1,37.5143261978436,126.939390685514
 홍지동 104-21,37.5991930305182,126.960710782456
 면목동 472-56,37.5808925364679,127.090646634555
 봉천동 877-23,37.4801061348208,126.949354629452
 숭인동 1421-2,37.5736182818785,127.022370556316
 동선동1가 124,37.59361908197,127.019018751576
 대조동 31-16,37.6100753013779,126.926360224424
 묵동 163-4,37.6159692719106,127.078478621992
 상봉동 105-12,37.5940969565933,127.088466441187
 영등포동2가 28-140,37.5217736200968,126.9102592155
 쌍문동 669-4,37.6555362016497,127.037739855875
 상계동 341-7,37.656277973003,127.064608443016
 길동 415-16,37.5363590461767,127.136483762395
 등촌동 656-52,37.5560074078269,126.853713291538
 봉천동 867-14,37.4800418101613,126.950502582375
 삼전동 181-4,37.5008284943862,127.096597224718
 가산동 234-41,37.4734178644263,126.893913366524
 영등포동6가 92,37.5209050848,126.901801367925
 용두동 100-8,36.9629655227012,127.883986306005
 영등포동4가 147-5,37.5199298249969,126.902659933973
 양재동 402-5,37.4717176722982,127.050335991151
 황학동 1752,37.5694576119055,127.020855141524
 가산동 143-6,37.4774390871452,126.890897391558
 삼성동 65-2,37.5171014250527,127.051520336891
 가락동 166-17,37.4971216905391,127.133295995036
 삼성동 142-3,37.5061467123415,127.050941182789
 길동 456-4,37.5352928895866,127.137046592432
 송정동 81-16,35.1963794560927,129.206475786658
 면목동 1546,37.589636777497,127.094233313195
 가산동 234-2,37.4733369634641,126.893538063473
 문배동 7-6,37.5380569340906,126.969824128113
 우면동 728,37.4635741621064,127.025089824646
 대조동 59-46,37.6076108460221,126.923393079517
 가산동 140-20,37.4784558748684,126.889982959948
 삼성동 112-1,36.3359772679839,127.429767134645
 수유동 45-1,37.6359012719829,127.022702362048
 길동 388-4,37.5378348245432,127.139033485611
 삼성동 157-18,37.5081641125804,127.057468903794
 문배동 11-34,37.5377939028052,126.96943610721
 영등포동1가 26-1,37.5179880594432,126.915222018082
 천호동 169-9,37.5383648121314,127.133916799423
 응암동 91-7,37.5997121915342,126.917815522132
 화곡동 899-2,37.5302488629159,126.846696684555
 영등포동3가 1-9,37.518530885715,126.910672465864
 녹번동 83-58,37.6026604371715,126.928473313091
 용답동 229-11,37.5612664956052,127.061598426836
 청담동 46-3,37.5192730128264,127.048888327513
 성내동 43-6,36.1219515710612,128.119072026433
