건물명,주소,위도,경도
엠파크, 가락동 166-17,37.49712169,127.133296
송파KCC웰츠타워, 가락동 77-4,37.49572415,127.1221176
한화오벨리스크, 가락동 78-1,37.49484889,127.1218989
인화오벨리아, 가리봉동 135-68,37.47939044,126.8917087
가산하우젠, 가리봉동 137-23,37.47879508,126.8958336
삼부르네상스파크빌, 가리봉동 137-4,37.47890549,126.8948074
램킨푸르지오시티, 가산동 139-3,37.47967329,126.8883758
세림프라미스, 가산동 140-15,37.47826545,126.8901324
라온복합건물, 가산동 140-20,37.47845587,126.889983
몽삐에뜨6차, 가산동 140-23,37.47864848,126.8898877
비즈트위트 바이올렛 5차, 가산동 140-36,37.47812938,126.8898575
가산지웰에스테이트, 가산동 140-9,37.47838377,126.8904994
가산 양우 내안애 애플, 가산동 141-2,37.47889001,126.8911517
리베라움, 가산동 142-59,37.47857116,126.8924792
미라벨, 가산동 142-6,37.47848383,126.8922709
(143-49), 가산동 143-49,37.47794107,126.8906482
가산 지웰 에스테이트 2차, 가산동 143-6,37.47743909,126.8908974
G밸리 노블루체 스위트, 가산동 144-5,37.47666209,126.8909919
(147-10), 가산동 147-10,37.47810737,126.8953543
라비앙 케슬, 가산동 147-33,37.47701151,126.8947726
킹-캐슬, 가산동 147-50,37.47744546,126.8956599
아이캐슬, 가산동 147-6,37.47732787,126.896009
영풍타운, 가산동 149-38,37.47558158,126.8947218
대명 U타운, 가산동 153-7,37.47389394,126.8942583
가산 센트럴 푸르지오 시티, 가산동 233-5,37.47553641,126.890842
금강노블레스, 가산동 234-2,37.47333696,126.8935381
가산더블레스, 가산동 234-41,37.47341786,126.8939134
신현빌B동, 가산동 235-12,37.47321926,126.8917734
세교 예지안 9차, 가산동 235-15,37.47302479,126.8918488
(235-81), 가산동 235-81,37.47269338,126.8911475
신현빌A동, 가산동 235-84,37.47323104,126.8915504
"	(237-16)	", 가산동 237-16,37.47336151,126.889212
세교예지안 7차, 가산동 237-50,37.47264105,126.8901574
공간오피스텔, 가산동 237-9,37.47345432,126.8893285
예다지, 가산동 238-11,37.47243252,126.8881663
원평11차, 가산동 238-117,37.47310727,126.8871502
세움아트빌3차 A동, 가산동 238-55,37.47285321,126.8874234
"	원평빌라트(6차)	", 가산동 239-2,37.47410335,126.887321
서울 디지털 드림타운, 가산동 494-4,37.48202948,126.8761421
이지크라운, 가산동 535-156,37.48205904,126.8753703
가산유미어스오피스텔, 가산동 535-55,37.48178938,126.8756435
G밸리 하우스디 어반, 가산동 535-7,37.48395237,126.8750916
몽삐에뜨, 가산동 547-56,37.47812896,126.8773153
가산 미소지움, 가산동 550-17,37.47632716,126.8788602
한국후지필름 복합주거시설, 가산동 775,37.48501692,126.880211
가산대명벨리온, 가산동 776,37.47844428,126.8777976
(115-6), 가양동 115-6,37.56653976,126.8437637
동양 트레벨 스카이 오피스텔, 가양동 1479-8,37.56371298,126.8508774
휴먼빌, 가양동 1479-9,37.56358647,126.851202
이스타빌2차, 가양동 1480-1,37.56325715,126.8526918
미씨엘로오피스텔, 가양동 1480-4,37.56291528,126.8533323
플래티노, 가양동 187-7,37.57019533,126.8409104
마곡지웰에스테이트, 가양동 194-2,37.57108391,126.8408051
아트리버빌, 가양동 239-8,37.57163826,126.8396571
다솔씨티하임, 가양동 250-2,37.57082709,126.8403779
세종보타닉2차, 가양동 251-2,37.57087688,126.8396711
마곡보타닉투웨니퍼스트, 가양동 257-1,37.57104152,126.8383324
마곡파크뷰에이동, 가양동 275-1,37.57036862,126.8400436
가양글로벌퍼스트, 가양동 448-11,36.34831917,127.4403531
갈월동 에이트리움, 갈월동 101-49,37.5415138,126.9724512
그린빌파크, 갈월동 53-19,37.54552788,126.9739337
초원그린빌, 갈현동 325-8,37.61652536,126.9076844
씨케이 리츠빌, 갈현동 456-14,37.61825618,126.9193277
플라잉캐슬, 갈현동 468-4,37.41834865,126.9777998
강일임페리얼타워, 강일동 675-3,37.56538041,127.1741154
강일 테라우드, 강일동 676-1,37.56561812,127.1729798
강일 포디움, 강일동 677,37.56533902,127.1735694
아르페온1, 강일동 677-2,37.56515843,127.1731978
강일큐브, 강일동 679-1,37.5647819,127.1743297
강일리슈빌에스, 강일동 679-3,37.56439984,127.1737404
국일오피스텔, 개봉동 403-15,37.49463059,126.8559376
금강빌딩, 개봉동 403-17,37.49441509,126.8559185
진오피스텔, 개봉동 403-18,37.49422302,126.8559001
우분투포레스트, 개봉동 70-16,37.49782291,126.8467323
라움, 개봉동 70-30,37.49810712,126.8464388
하우징허브럭스, 개포동 1229-10,37.47656396,127.0461937
CCRU오피스텔, 개포동 1229-6,37.4771291,127.0456077
디오빌, 개포동 1236-4,37.47725849,127.0460836
(1237-3), 개포동 1237-3,37.47809764,127.0458535
YH빌리지, 개포동 1237-8,37.47824428,127.0466633
골든빌오피스텔(1246-3), 개포동 1246-3,37.47874477,127.0461104
대청타워, 개포동 13-3,37.49433625,127.0796009
메트하임, 개포동 186-13,37.48905013,127.0671889
종로1가 대성스카이렉스, 견지동 110,37.57248845,126.9824418
견지동빌딩, 견지동 110-32,37.57262354,126.9826978
운현궁 에스케이 허브, 경운동 89-4,37.57581896,126.985297
고덕 센트럴 푸르지오, 고덕동 210-1,37.55767904,127.1700932
대림리더스오피스텔, 고척동 76-183,37.50006627,126.8647886
원메디타운, 고척동 76-38,37.49807735,126.864208
홈런오피스텔, 고척동 76-4,37.49977818,126.8661385
동양오피스텔, 고척동 76-411,37.49972486,126.8659489
블레스하임-ll, 공덕동 108-65,37.54865026,126.9597848
벨로하우스 공덕, 공덕동 111-201,37.54791123,126.958978
공덕 시티하우스, 공덕동 115-45,37.54791493,126.958409
공덕오피스타, 공덕동 12-98,37.54944467,126.960454
"	(15-3)	", 공덕동 15-3,37.54506596,126.9549074
헤이븐 오피스텔, 공덕동 17-67,37.54913911,126.95968
대성힐스오피스텔, 공덕동 26-4,37.54388173,126.9532754
백상프로포즈오피스텔, 공덕동 26-7,37.5496743,126.9601142
DK빌딩, 공덕동 27-4,37.54980855,126.9607131
솔리스타, 공덕동 30-10,37.55029132,126.9604997
YD레지던스, 공덕동 31-1,37.55089623,126.9612281
마포 신영 지웰, 공덕동 461,37.54387311,126.9500645
마포공덕파크팰리스Ⅱ, 공덕동 462,37.5474419,126.9530441
마포현대하이엘, 공덕동 463,37.54980564,126.9543952
공덕푸르지오시티, 공덕동 475,37.54782694,126.9543099
건양오피스텔, 공릉동 383-12,37.62535489,127.0716255
스테이션빌 빌딩, 공릉동 383-7,37.62604194,127.0724007
두보팰리스, 공릉동 568-7,37.62264789,127.073326
엘네스트빌 오피스텔, 공릉동 653-5,37.61916242,127.0788973
북부포커스빌, 공릉동 661-3,37.61875817,127.0773829
로우폴리스, 공릉동 670-11,37.61868084,127.0769159
진주오피스텔, 공릉동 683-20,37.6177014,127.0746111
도균빌딩, 공릉동 684-16,37.61715567,127.0729803
종로1번가, 관철동 155,37.56889733,126.9850884
현대골든텔(102-0), 광장동 102,37.55163381,127.1108903
효성리버카운티, 광장동 108,37.55141439,127.1100352
이성 리베바움, 광장동 117,37.55136065,127.1095659
주성아우라 오피스텔, 광장동 120,37.55077243,127.1092777
성진오피스텔, 광희동2가 194-1,37.56419082,127.0088792
경희궁자이, 교북동 126,37.57157953,126.9613931
한솔로이젠트, 구로동 103-11,37.49612917,126.8896823
네오팰리스, 구로동 103-8,37.49662294,126.8903221
그린플러스 구로 해담채3, 구로동 104-3,37.49697853,126.8910054
그린플러스 구로 해담채2, 구로동 104-6,37.4971739,126.8913809
비즈트위트 레드, 구로동 104-8,37.49708683,126.8917044
동도아르떼빌, 구로동 106,37.49844566,126.8912866
순영웰라이빌1차, 구로동 106-10,37.49800712,126.8916461
대림역포스큐, 구로동 106-2,37.49817403,126.8919836
구로선경오피스텔, 구로동 106-4,37.49773904,126.8923401
비즈트위트 블루, 구로동 107-4,37.49865224,126.8911167
태형팰리스, 구로동 109-1,37.49967958,126.8883906
종인아네스트, 구로동 110,37.5019093,126.8884899
도림두산베어스타워, 구로동 110-4,37.50100477,126.8896405
구로하우비, 구로동 110-5,37.50077634,126.889396
하나세인스톤1차, 구로동 110-8,37.50125411,126.8889838
티타운빌딩, 구로동 1127-22,37.48215162,126.8988813
몽삐에뜨3차, 구로동 1127-25,37.4824537,126.8994353
하나가드리움(1127-38), 구로동 1127-38,37.48236184,126.8994821
"	(1129-9)	", 구로동 1129-9,37.4813882,126.8974897
세종오피스텔, 구로동 1130-21,37.48128305,126.898297
"	골드마인(Ⅲ)오피스텔	", 구로동 1130-23,37.48100087,126.8986576
태천대, 구로동 1131-8,37.48043295,126.8989633
중앙오피스텔, 구로동 1132-26,37.4796686,126.8978047
다온쉐르빌, 구로동 1132-29,37.47965795,126.8975389
"	(1132-46)	", 구로동 1132-46,37.48006356,126.8970698
한나래16차, 구로동 1132-57,37.47881097,126.8962194
"	(1132-59)	", 구로동 1132-59,37.47941177,126.8970501
한라빌리언스 오피스텔, 구로동 182-6,37.48643358,126.8974984
하나가드리움(186-17), 구로동 186-17,37.48643261,126.8981578
예성유토피아(186-7), 구로동 186-7,37.48606307,126.8985999
예성유토피아(187-3), 구로동 187-3,37.48561938,126.899109
예성유토피아(187-4), 구로동 187-4,37.48542342,126.8994928
신도림포스빌, 구로동 26,37.50566326,126.8915402
한영선샤인빌리지, 구로동 3-81,37.50491374,126.8867048
조일뉴타워, 구로동 414-10,37.49356701,126.8830321
신도림 로제리움, 구로동 43-1,37.5034136,126.8914701
비즈트위트 레인보우, 구로동 44-5,37.50215015,126.8917076
비즈트위트 오렌지, 구로동 44-8,37.50211575,126.8913911
신도림 쌍용플래티넘 노블, 구로동 46,37.50113057,126.8914354
하나세인스톤3차, 구로동 46-4,37.50055879,126.8919804
신동아미래지움오피스텔, 구로동 474-1,37.50007512,126.8805797
스위트팰리스오피스텔, 구로동 474-20,37.49899164,126.8813181
"	(494-10)	", 구로동 494-10,37.49910144,126.8826455
대림오피스텔, 구로동 494-54,37.49868067,126.8827653
신성스카이뷰, 구로동 508-7,37.49781532,126.8841932
하이빌골드타워, 구로동 512-2,37.49809916,126.885761
구로에스케이뷰, 구로동 567-4,37.50255749,126.8829218
스타팰리스(603-9), 구로동 603-9,37.5033263,126.8810599
구로동복합건물OPUS1, 구로동 611-26,37.50458707,126.8771218
해오름, 구로동 642-88,37.49878675,126.8767966
SK 허브수, 구로동 650-4,37.49598095,126.8728847
퀸즈파크 구일, 구로동 651-2,37.49662188,126.8721768
근상프리즘팰리스, 구로동 685-204,37.49385301,126.8724284
오피스텔 미래지오, 구로동 810,37.48515024,126.8995161
로제리움2차, 구로동 97,37.49600448,126.8910319
우진체리쉬, 구로동 97-10,37.49612726,126.891965
하나세인스톤2차, 구로동 97-4,37.49647581,126.8919211
코원, 구로동 97-8,37.49624414,126.8921901
국제빌딩, 구로동 97-9,37.4961857,126.8920778
비즈트위트 그린, 구로동 98-10,37.49533733,126.8904447
파인마루오피스텔, 구로동 98-12,37.49522053,126.8902204
마인드에코프라움, 구로동 98-14,37.49511582,126.8900194
대림역 와이즈플레이스, 구로동 98-4,37.49557562,126.8903154
플러스빌(2-16), 구산동 2-16,37.61112135,126.9155218
보성리엔빌, 구산동 2-5,37.61135429,126.9158261
구산아이빌, 구산동 2-8,37.61116213,126.9157206
힐튼렉스빌, 구산동 3-24,37.61149902,126.9149374
뉴아름빌, 구산동 3-3,37.61175415,126.9154589
두진아이브, 구산동 3-50,37.61188984,126.9155284
워너빌, 구산동 3-8,37.61169527,126.9152713
"	(199-14)	", 구의동 199-14,37.54016867,127.0953215
현대13차폴라트리움, 구의동 199-23,37.53943299,127.0946257
(199-8), 구의동 199-8,37.54045555,127.0952363
다성리버텔, 구의동 218-12,37.53896484,127.092726
와이엔 오피스텔, 구의동 218-15,37.5385596,127.0919712
"	(219-17)	", 구의동 219-17,37.5389601,127.0916877
솔렌시아2, 구의동 236-25,37.54294684,127.0846682
리버 비스타 구의, 구의동 243-13,37.5381096,127.0889486
베스트 트레드빌, 구의동 243-2,37.53851673,127.0888012
아스하임, 구의동 243-3,37.5384742,127.0882634
(243-48), 구의동 243-48,37.53845637,127.0886094
구의동 벨라로사 오피스텔, 구의동 243-71,37.53778644,127.0876138
크레신타워3차, 구의동 246-14,37.53704383,127.0843829
아델리아 구의타워, 구의동 251-157,37.54144356,127.0840485
롯데홈타워빌, 구의동 251-16,37.5413125,127.0845461
아하바 하우스, 구의동 251-170,37.54114285,127.0845107
명진센트라임3, 구의동 251-176,37.54078743,127.0841837
솔렌시아, 구의동 251-177,37.54124374,127.083953
광진팰리스, 구의동 251-26,37.54056068,127.0836579
신도브래뉴오피스텔, 구의동 251-34,37.540014,127.0834879
아스하임, 구의동 252-100,37.53872506,127.0839645
웰츠타워, 구의동 252-16,37.53818751,127.08377
센트럴빌, 구의동 253-19,37.54472965,127.0832248
광진해모로리버뷰, 구의동 547-7,37.53334468,127.0921524
평강오피스텔, 구의동 598-2,37.53335086,127.0913271
썬-타워빌딩, 구의동 75-1,37.55107941,127.089552
그랜드파크 오피스텔, 구의동 76-1,37.55137445,127.0893636
구의동 홀가하우스, 구의동 80-29,37.54631386,127.0863374
동원데쟈뷰, 군자동 355-1,37.36083183,126.788235
"	에피소드 1(Episode 1)	", 군자동 355-5,37.54874648,127.0681348
(473-1), 군자동 473-1,37.36438492,126.7862587
스테이 더 디자이너스 군자, 군자동 473-21,37.55734298,127.0778495
금호힐오피스텔, 금호동1가 1755,37.55166963,127.0257204
재호예향빌, 금호동4가 1028,37.54686872,127.0188558
지앤지타워, 길동 150-1,37.53509491,127.1438622
강동 디앤써밋, 길동 320-2,37.54472747,127.1428996
라온오피스텔, 길동 347-30,37.54114022,127.1424135
더힐스빌, 길동 350-3,37.54070445,127.1432349
노블레스, 길동 383-8,37.53902209,127.1366577
광남벨라스, 길동 385-3,37.53820487,127.1367145
"	(386-8)	", 길동 386-8,37.53770883,127.1373395
다성 이즈빌, 길동 387-2,37.53809936,127.138057
다성 이즈빌, 길동 387-4,37.53816133,127.1384019
길동청광플러스원큐브1차, 길동 387-5,37.53800929,127.138345
다성이즈빌, 길동 388-4,37.53783482,127.1390335
메트로 아파텔, 길동 388-5,37.53747279,127.1388979
다성 이즈빌, 길동 388-7,37.53798067,127.1387398
광남캐스빌, 길동 389-9,37.53765314,127.1393502
경지 Arium, 길동 413-11,37.53643575,127.1380849
"	(413-23)	", 길동 413-23,37.53633303,127.1382799
(413-24), 길동 413-24,37.53623728,127.1383279
아스테르 오피스텔, 길동 413-37,37.53657103,127.1384339
도고하임, 길동 413-54,37.53558396,127.1383842
강동 와이시티, 길동 414-4,37.53649038,127.1374464
강동 큐브 2차, 길동 415-13,37.53662199,127.1361604
청광플러스원큐브3차, 길동 415-16,37.53635905,127.1364838
드림하이츠, 길동 416-13,37.53681485,127.1357329
강동투웨니퍼스트, 길동 416-15,37.53669052,127.135697
솔목오피스텔, 길동 416-4,37.53728431,127.135573
강동역에스케이허브, 길동 445-1,37.535553,127.1349727
일성하이츠오피스텔, 길동 454-1,37.53517167,127.1363347
강동 큐브, 길동 456-3,37.53543713,127.1371006
다성이즈빌, 길동 456-4,37.53529289,127.1370466
청광플러스원큐브2차, 길동 457,37.53512955,127.1369444
강동렘브란트, 길동 457-1,37.53505288,127.1372673
거산 유팰리스, 길동 457-4,37.53479005,127.1372375
비바체하임, 길동 97-5,37.5404408,127.146352
경희궁의 아침 2단지, 내수동 71,37.57395496,126.9712814
경희궁의 아침 3단지, 내수동 72,37.57364515,126.9720837
경희궁의 아침 4단지, 내수동 73,37.5726095,126.9722729
광화문시대, 내수동 74,37.57379438,126.9731567
용비어천가, 내수동 75,37.57341849,126.9732568
노량진 드림스퀘어 복합빌딩, 노량진동 16-1,37.5143262,126.9393907
백명트렌디타워, 노량진동 194-3,37.51274895,126.9485887
노량진큐브스테이트, 노량진동 267-6,37.51285927,126.934649
(39-9), 노량진동 39-9,37.51259235,126.9385336
태영 오피스텔, 노량진동 56-11,37.51266352,126.9413245
메가스터디타워, 노량진동 57-1,37.51292406,126.9416914
"	(131-14)	", 녹번동 131-14,37.60834966,126.9281277
스카이 타워, 녹번동 144-100,37.60698355,126.9235314
에스클래스, 녹번동 144-43,37.60661848,126.9234117
대경아르체, 녹번동 176-3,37.60236052,126.9219527
마하나임, 녹번동 176-4,37.60223941,126.9218544
로하스 오피스텔, 녹번동 176-6,37.60220108,126.9221958
거장메카, 녹번동 183-2,37.60213589,126.9278989
은평 미드스퀘어, 녹번동 19-121,37.6034376,126.9353361
오피스텔수안, 녹번동 27-7,37.60626308,126.9331393
녹번동메카오피스텔, 녹번동 35-21,37.60344236,126.9346626
녹번동오피스텔, 녹번동 35-75,37.60319127,126.9346343
에스엠벨리체, 녹번동 80-8,37.60588771,126.9237564
펠리체, 녹번동 83-11,37.60280858,126.9279277
샹그리라, 녹번동 83-58,37.60266044,126.9284733
다베로, 녹번동 83-62,37.60249461,126.9275977
군자 아델리제, 능동 222-2,37.55614687,127.0810732
(222-7), 능동 222-7,37.55599641,127.0807958
노블레스 빌, 능동 255-18,37.55370483,127.0873631
"	(283-15)	", 능동 283-15,37.55384445,127.0780334
대방오피스텔, 대방동 337-1,34.93058588,128.0557774
대방동 오피스텔, 대방동 385-22,37.50490448,126.9225827
대방주상복합빌딩, 대방동 394-11,37.49996973,126.9274165
원노블레스, 대방동 394-25,37.50014929,126.9274
"	(394-5)	", 대방동 394-5,37.50014453,126.9276226
올리브 빌딩, 대방동 405-8,37.49956417,126.926854
"	(90-1)	", 대신동 90-1,35.87165428,128.5812926
엠케이뷰오피스텔, 대조동 15-127,37.60863426,126.9302333
미래하임, 대조동 172-132,37.6096174,126.9202829
위산 엘리시움, 대조동 179-30,37.60732014,126.922333
스타타운, 대조동 186-10,37.61746327,126.9220023
연신내역마에스트로, 대조동 186-25,37.61712098,126.9224314
연신엘피스, 대조동 186-3,37.61747078,126.922208
오피스텔 원, 대조동 186-43,37.61687367,126.9223631
유진 아이디움, 대조동 197-1,37.61786806,126.9207723
경인에버빌, 대조동 197-16,37.61747502,126.9204169
도원빌딩, 대조동 197-20,37.61726341,126.9208117
(197-3), 대조동 197-3,37.6176376,126.9210156
상지하우스, 대조동 197-8,37.61750912,126.9206135
한리옥, 대조동 223-10,37.61307767,126.9180037
보성리엔빌, 대조동 223-3,37.61270758,126.9179897
"	(224-11)	", 대조동 224-11,37.61151877,126.9178969
태경쉐르빌, 대조동 224-7,37.61207724,126.9178929
스타타운 3차, 대조동 26-10,37.60935091,126.9264605
동양빌, 대조동 29-15,37.60940936,126.9257889
유림하이빌, 대조동 31-16,37.6100753,126.9263602
서원피렌체, 대조동 59-46,37.60761085,126.9233931
이지플오피스텔, 대조동 6-42,37.61119548,126.9277092
선릉역 롯데골드로즈오피스텔, 대치동 889-53,37.50417053,127.0507854
더 나인 오피스텔, 대치동 889-56,37.50405185,127.0510449
선릉역 롯데골드로즈2, 대치동 890-59,37.50414844,127.0521002
대치동 대우아이빌 명문가, 대치동 891-23,37.50508126,127.0535343
대치동대우아이빌멤버스, 대치동 891-26,37.50463278,127.053752
대치트레비스타 101동, 대치동 891-38,37.50544252,127.0547186
대치트레비스타 102동, 대치동 891-63,37.50539547,127.0545746
삼환 아르누보2, 대치동 938,37.49743868,127.0546376
신안메트로칸, 대치동 943-24,37.5068837,127.0594368
대치3차 아이파크 오피스텔, 대치동 945-20,37.5070496,127.061824
신촌자이엘라, 대현동 104-36,35.88588925,128.6106855
신촌푸르지오시티, 대현동 104-5,35.8856882,128.610512
신촌 스타게이트, 대현동 110-22,37.55814682,126.9425943
신촌가이아, 대현동 27-20,37.55803113,126.9431569
이대프리젠#3, 대현동 37-15,37.55847593,126.9435753
이대프리젠#4, 대현동 37-24,37.55822492,126.9442179
이대프리젠#1, 대현동 37-30,37.55807259,126.9441628
영타운 지웰 에스테이트, 대현동 37-32,37.55812918,126.9437558
에스엠피렌체, 대현동 37-48,37.55841632,126.944437
이화인비따레오피스텔, 대현동 45-5,37.55725087,126.9470949
더가온 오피스텔, 대현동 56-10,37.55854846,126.9449539
SONG'S 8, 대현동 56-119,37.5584216,126.9450503
파크제이드 이화, 대현동 56-28,37.55823641,126.9451755
이대오늘아침 오피스텔, 대현동 56-63,37.55895866,126.9447894
(56-83), 대현동 56-83,37.5586706,126.9453264
아리움Ⅰ, 대현동 90-15,37.55784419,126.9440261
슈테리움 오피스텔, 대현동 90-22,37.55768833,126.9437553
엔트라리움, 대현동 90-26,37.55768219,126.9436108
블로섬하우스, 대현동 90-36,37.55751662,126.94431
(90-41), 대현동 90-41,37.55750861,126.9441342
이대다올노블리움2차, 대현동 90-42,37.557435,126.9442157
이대프리젠#2, 대현동 90-44,37.55734559,126.9439866
애스턴빌, 대현동 90-50,37.55733787,126.9438543
(90-58), 대현동 90-58,37.55732831,126.9436578
이대 포레스트, 대현동 90-60,37.55710823,126.9445678
파라타워, 대현동 90-70,37.55702335,126.9441122
유씨유 이대, 대현동 90-77,37.55710886,126.9437515
퍼스트빌, 도봉동 596-9,37.67741446,127.0440919
도봉 엠블렘, 도봉동 62-1,37.68258931,127.0480815
도봉 투웨니퍼스트 1단지, 도봉동 62-3,37.68266939,127.0470617
다이아포레, 도봉동 634-6,37.67219466,127.0468462
신한넥스텔, 도선동 14,37.56371712,127.0357587
다남매타워, 도선동 22-1,37.56236582,127.0356157
왕십리렉스프리미엄오피스텔, 도선동 257,37.56315484,127.0328263
렉스오피스텔, 도선동 268,37.56322861,127.032985
J&J빌딩, 도선동 276,37.5632457,127.0332776
비엠빌딩, 도선동 292,37.56370441,127.0314039
W에비뉴타워, 도선동 46,37.56235327,127.0344067
한성아펠타워, 도선동 53,37.56252531,127.0340949
블라썸시티, 독산동 1003-19,37.46589854,126.8900921
명남더블레스, 독산동 1004-13,37.46504234,126.8904119
가산글로벌퍼스트, 독산동 1005-4,37.46437091,126.8929862
중앙하이빌, 독산동 1006-115,37.4650319,126.8933379
빌인사이드파크1, 독산동 1006-118,37.46531733,126.8932167
미림A클래스, 독산동 1006-3,37.46613993,126.8922916
e편한세상 독산 더타워, 독산동 1007-13,37.46582105,126.8963097
팔레스타운, 독산동 1009-61,37.46427706,126.8962611
SD 아크로타워, 독산동 1012-12,37.46843144,126.8986417
서래타운, 독산동 1023-1,37.46758478,126.9016114
리벤하임써밋, 독산동 1031-14,37.46534208,126.8983804
골드캐슬, 독산동 1031-22,37.46503981,126.8982948
돌체비타타워, 독산동 1031-30,37.46477361,126.898324
BK 힐타운, 독산동 1077-24,37.45853965,126.899535
금천 롯데캐슬 골드파크 2차, 독산동 1150,37.45817596,126.8940392
금천 롯데캐슬 골드파크 4차, 독산동 1156,37.46109394,126.8967861
(143-1), 독산동 143-1,37.4782338,126.8970468
영진오피스텔, 독산동 144-4,37.47666919,126.8974502
한영솔레이유시티, 독산동 145-2,37.47689535,126.8982363
"	(149-50)	", 독산동 149-50,37.47313573,126.8972924
SM 벨리체, 독산동 151-3,37.47270158,126.8970375
메이씨티 오피스텔, 독산동 289-12,37.47005074,126.8968155
대동리버파크빌, 독산동 296-60,37.47215834,126.895657
와이피하우스, 독산동 296-7,37.47193551,126.8954929
YP타운, 독산동 298-9,37.47243656,126.8946643
독산동주상복합, 독산동 303-1,37.47213794,126.8914247
우정오피스텔, 독산동 331-4,37.46756786,126.8940446
(331-40), 독산동 331-40,37.46672968,126.8938917
씨티오피스텔, 독산동 332-24,37.46674182,126.8919743
한강빌딩, 독산동 332-37,37.46768426,126.8915463
해송빌딩, 독산동 332-59,37.46773137,126.8917307
"	(333-2)	", 독산동 333-2,37.47002817,126.8909214
메종에떼르넬, 독산동 336-29,37.47104031,126.8878843
GREEN HILL, 독산동 950-5,37.47942563,126.9044697
보성빌딩, 독산동 952-34,37.47928612,126.9023178
삼부르네상스플러스, 독산동 953,37.4785541,126.9004775
로하스타워, 독산동 959,37.47881498,126.9030106
"	(960-11)	", 독산동 960-11,37.47813737,126.9043109
아우르 하우스, 독산동 961-14,37.47673608,126.9038565
메트로시티, 독산동 961-9,37.47753929,126.9040184
우미그린빌, 독산동 962-11,37.47719629,126.9031246
THE VIEW, 독산동 962-42,37.47761797,126.9033155
어반팰리스, 독산동 973-1,37.476391,126.9033138
(974-1), 독산동 974-1,37.47605192,126.903938
드래곤팰리스, 돈의동 41-1,37.57232156,126.990106
"	(121-5)	", 동선동1가 121-5,37.59330918,127.0189616
코아루센타시아, 동선동1가 121-6,37.59304586,127.0191742
더프라임, 동선동1가 124,37.59361908,127.0190188
., 동선동1가 85-65,37.59208971,127.0186633
동선아르텔, 동선동1가 85-66,37.59227045,127.0186644
1, 동선동3가 14-3,37.59505038,127.0200362
엔젤오피스텔, 동선동3가 24,37.59537312,127.0205824
피아빌딩, 동선동3가 40-1,37.59578577,127.0208027
골든타워, 동선동4가 111-1,37.59416073,127.0182383
휴림 빌딩, 동선동4가 127,37.5946867,127.0182622
"	(132)	", 동선동4가 132,37.59458964,127.0183255
-140, 동선동4가 140,37.59412915,127.0178847
영팰리스, 동선동4가 148,37.59430898,127.0176788
동선동 한양수자인, 동선동4가 295-1,37.59589026,127.0201998
벨라미아 오피스텔, 동선동4가 295-4,37.59572206,127.0199729
삼선새마을금고본사 사옥, 동선동4가 53,37.59424708,127.0165102
-118, 동소문동4가 118,37.59125023,127.0114625
흥화브라운 동소문빌딩, 동소문동4가 75,37.59064183,127.0100654
부라다리빙텔, 동소문동4가 75-2,37.59086623,127.01067
아우룸타워(Aurum Tower), 동소문동5가 30,37.5920164,127.014554
돈암동 메트로빌, 동소문동6가 121,37.59278558,127.0149953
해피엔딩 오피스텔, 동소문동6가 143-5,37.59336668,127.0160162
시티플레이스, 동소문동6가 3-1,37.5923101,127.013403
센트레빌아스테리움서울, 동자동 45,37.55169672,126.9732423
트윈시티 남산, 동자동 56,37.55087117,126.9727819
오앤하우스, 둔촌동 425-15,37.53323744,127.1399097
파인하우스, 등촌동 506-23,37.55062231,126.8630071
거산파크빌, 등촌동 506-25,37.5506609,126.8628733
한울팰리스, 등촌동 510-2,37.54853918,126.8630663
등촌동노블리움오피스텔, 등촌동 628,37.56047844,126.8556382
현대프린스텔, 등촌동 628-13,37.56008722,126.856363
강변샤르망1단지, 등촌동 628-16,37.55948228,126.85726
강변샤르망3단지, 등촌동 628-17,37.55913018,126.8568204
트라비하우스, 등촌동 628-18,37.55891918,126.8564668
강변샤르망2단지, 등촌동 628-32,37.55924334,126.8575268
등촌동두산위브센티움, 등촌동 631,37.55740048,126.8613862
어위쉬 예다인, 등촌동 63-12,37.5627901,126.851005
월드파크뷰, 등촌동 632-7,37.55533462,126.8649783
등촌투웨니퍼스트2차, 등촌동 633-17,37.5539096,126.8653351
등촌투웨니퍼스트3차, 등촌동 633-21,37.55379396,126.8657735
등촌동 Y HAUS 오피스텔, 등촌동 633-24,37.55335655,126.8658639
대외그랜드오피스텔, 등촌동 635-5,37.55457939,126.8621032
"	(636-1)	", 등촌동 636-1,37.55648406,126.8606398
HT뉴파인, 등촌동 636-42,37.5552577,126.861722
아줄리움, 등촌동 637-16,37.55664095,126.8586491
라빌라스, 등촌동 637-19,37.5562408,126.8592965
청림오피스텔 별관, 등촌동 637-21,37.55604105,126.8592611
유원더블레스, 등촌동 637-27,37.55656259,126.8582793
ACE A-ZONE, 등촌동 639-8,37.55856547,126.856152
퀸즈오피스텔, 등촌동 641-10,37.5566666,126.8561313
등촌2차 크라운팰리스, 등촌동 641-2,37.55673317,126.8568528
등촌크라운팰리스, 등촌동 641-9,37.55656626,126.856473
신도그랑피아오피스텔, 등촌동 642-2,37.55557481,126.8587398
한울에이치밸리움2차아파트, 등촌동 648-11,37.55194901,126.8642874
비원오피스텔, 등촌동 648-6,37.55147202,126.864982
우림보보카운티뷰, 등촌동 649-14,37.55220647,126.8632494
"	(654-61)	", 등촌동 654-61,37.5547906,126.8566157
경동미르웰한올림, 등촌동 656,37.55726191,126.8535636
경동미르웰한올림, 등촌동 656-1,37.55706059,126.8536294
아이디움, 등촌동 656-36,37.55686995,126.8546962
한빛어반뉴스토리, 등촌동 656-37,37.55677641,126.8549979
킹덤하이너스, 등촌동 656-41,37.5563181,126.8539332
강서메트로칸, 등촌동 656-52,37.55600741,126.8537133
센트럴시티, 등촌동 656-57,37.55574173,126.853887
등촌 미르웰 한올림 3차, 등촌동 656-58,37.55653864,126.8548649
모노씨티빌등촌, 등촌동 658,37.55742603,126.8511307
등촌동성원상떼뷰오피스텔, 등촌동 673-6,37.55878827,126.8400374
효성인텔리안, 등촌동 681-3,37.56339823,126.8401969
뉴스토리오피스텔, 등촌동 683-1,37.56601619,126.8414895
대룡드림타워-1, 등촌동 684-3,37.56662814,126.8414258
경동미르웰양천향교2차, 등촌동 685,37.56662163,126.8422071
경남파크빌, 등촌동 719,37.54579924,126.8620597
동양하우징, 등촌동 721,37.53581587,126.8630326
삼부르네상스, 등촌동 75-1,37.56129271,126.8539604
길훈엔트런스빌, 등촌동 78-7,37.56089509,126.8545887
고운타워, 마장동 474-5,37.57043068,127.0373367
1동(766-25), 마장동 766-25,37.56941854,127.0444289
트레저힐스, 마장동 775-2,37.56538581,127.0401942
트레저힐스, 마장동 775-4,37.56537796,127.0404106
"	(777-3)	", 마장동 777-3,37.56738787,127.0457313
마장동청계아르테미스, 마장동 778-5,37.56590728,127.0463865
서울역 디오빌, 만리동1가 62-7,37.55501393,126.967221
KCC 파크타운, 만리동2가 11-1,37.5550123,126.9662929
청재 수아베, 망우동 133-23,37.6003238,127.106528
TRAUM VILLE 2, 망우동 506-14,37.59555491,127.093623
망우동 YMS 캐슬, 망우동 506-15,37.59550158,127.0934591
"	(506-8)	", 망우동 506-8,37.5956802,127.0933485
효성 써너스빌 에코, 망우동 508-2,37.5971291,127.0943548
나래오피스텔, 망우동 508-32,37.59623208,127.0943299
더하이어, 망우동 508-6,37.59682818,127.0940945
건원 베스트원, 면목동 105-4,37.58863642,127.0895999
성진빌딩, 면목동 105-43,37.58841732,127.0893855
다온스테이트, 면목동 105-8,37.58847082,127.088801
라임타워, 면목동 1094-1,37.57917628,127.0921715
면목동스카이시티, 면목동 1110-13,37.58069177,127.0908596
하이원팰리스, 면목동 116-2,37.58737022,127.0868943
-1203, 면목동 1203,37.58780682,127.0887849
래미안빌, 면목동 149-41,37.58705888,127.0828414
주함해븐타워 원(면목동), 면목동 1541,37.59248674,127.0872932
행복오피스텔, 면목동 1546,37.58963678,127.0942333
어울림 홈타운 5차 주상복합, 면목동 472-56,37.58089254,127.0906466
중랑 지웰 에스테이트, 면목동 538,37.58722503,127.0866147
예인플레이스, 면목동 604-21,37.5813342,127.0868158
(626-31), 면목동 626-31,37.57910406,127.087055
리더스빌딩, 면목동 633-9,37.57938903,127.0868625
성진쉐르빌, 면목동 634-43,37.58003508,127.0876531
서일타운, 면목동 68-2,37.58658688,127.0943426
대우오피스텔, 면목동 72-36,37.58938837,127.093069
다원빌, 면목동 90-27,37.59328064,127.0899395
어반휴6차, 면목동 90-64,37.59359443,127.0914102
고덕역 효성해링턴 타워 더퍼스트, 명일동 46-2,37.55464041,127.1546266
현대델리안오피스텔, 명일동 47-18,37.55331114,127.155952
고덕역 갑을명가시티 오피스텔, 명일동 47-2,37.55405361,127.1547669
한화오벨리스크스위트, 명일동 48-17,37.55197922,127.1558039
서희스타힐스, 명일동 48-7,37.55227095,127.1557455
"	(324-53)	", 목동 324-53,37.54372241,126.8625363
밀레니엄오피스텔, 목동 515-7,37.54672207,126.8760201
목동 아가도스 오피스텔, 목동 516-2,37.546794,126.8771929
목동대우마이빌, 목동 603-2,37.54950688,126.8669298
한울팰리스, 목동 604-9,37.54990458,126.8659444
석경트라움, 목동 605-11,37.55039921,126.8652319
엠제이타운, 목동 605-17,37.55051325,126.8649203
목동팰리스오피스텔, 목동 607-1,37.55030192,126.8647818
파크아리온, 목동 607-22,37.54943456,126.8656383
한울팰리스, 목동 614-9,37.54805413,126.8635616
목동 트라움시티, 목동 621-5,37.54728509,126.8635286
(713-1), 목동 713-1,37.89115029,127.5482944
에이앤캐슬, 목동 713-9,37.89068426,127.5476428
목동오피스텔, 목동 791-21,37.53331017,126.8647277
스카이포레, 목동 905-33,37.53182693,126.876031
현대월드타워, 목동 907,37.88618973,127.546713
현대파리지앙, 목동 907-10,37.53666723,126.879874
현대파크빌, 목동 907-23,37.53586399,126.8802795
하이베라스, 목동 908-29,37.53748008,126.8817169
향도 드림네스트, 목동 909-4,37.8880511,127.5480956
현대하이페리온, 목동 916,37.72981448,126.7332364
목동파라곤, 목동 917,37.88966992,127.547121
현대41타워, 목동 917-9,37.5281901,126.8757991
목동 성우네트빌, 목동 919,37.88917288,127.5468695
목동 굿모닝탑, 목동 923-15,37.52760008,126.8706956
목동 현대 하이페리온2, 목동 961,37.925757,127.5898862
유진빌딩, 무학동 7-1,37.564483,127.0157824
진성빌, 묵동 163-28,37.615625,127.078582
EPISODE1(에피소드원), 묵동 163-4,37.61596927,127.0784786
로프트원 태릉입구역, 묵동 169-12,37.61537179,127.0768789
"	(174-32)	", 묵동 174-32,37.61269526,127.0782851
용산 리브, 문배동 10-3,37.5375516,126.9705156
용산KCC웰츠타워, 문배동 11-10,37.5377614,126.9687802
이안 용산1차(11-14), 문배동 11-14,37.53749027,126.969658
이안 용산1차(11-29), 문배동 11-29,37.5378954,126.9703967
G&P 용산파크, 문배동 11-34,37.5377939,126.9694361
지오베르크, 문배동 17-1,37.53741705,126.9674381
용산아크로타워, 문배동 24-21,37.5366826,126.9685721
용산큐브, 문배동 24-4,37.53713434,126.9684061
용산씨제이나인파크, 문배동 24-6,37.53605377,126.969099
프라임펠리스, 문배동 24-8,37.53670609,126.9695386
이안용산프리미어, 문배동 3-3,37.53866948,126.9703088
삼라마이다스빌, 문배동 40-19,37.53834893,126.9690687
리첸시아 용산B, 문배동 40-31,37.53789333,126.9679248
이안 용산1차, 문배동 7-6,37.53805693,126.9698241
송파푸르지오시티, 문정동 620,37.48075252,127.121249
송파한화오벨리스크, 문정동 622,37.48011197,127.119691
송파법조타운푸르지오시티, 문정동 652,36.79425669,128.5929008
쎄미앙 오피스텔, 미근동 190,37.56427436,126.9674112
수유역푸르지오시티, 미아동 160-3,37.63422607,127.0239484
방배홈스텔, 방배동 1031-2,37.47834118,126.9993247
"	(1031-3)	", 방배동 1031-3,37.4781723,126.9994495
방배디오슈페리움Ⅰ, 방배동 3001-2,37.48599468,126.9830789
방배 노블루체 서리풀, 방배동 426-1,37.48412635,126.9831147
강임하이빌, 방배동 476-1,37.4776751,126.9879964
멤버스 뷰, 방배동 477-1,37.4773854,126.9874107
방배 리더스빌, 방배동 488-4,37.47419426,126.993118
반포스테이, 방배동 750-10,37.49805288,126.9860863
스튜디오빌, 방배동 750-8,37.49820269,126.9858195
(750-9), 방배동 750-9,37.49812758,126.9859537
반포래디앙 시그니처, 방배동 751-4,37.49770951,126.985414
반포스테이2차, 방배동 751-9,37.49806254,126.9855088
방배아크로리버, 방배동 752-36,37.49788001,126.9846041
롯데캐슬헤론, 방배동 754-1,37.49696349,126.9843016
방배스카이, 방배동 755-7,37.49679704,126.9859584
방배 마에스트로, 방배동 866-10,37.4859857,126.9838884
방배오피스텔, 방배동 980-32,37.47953592,126.9903886
퍼스티안, 방학동 705-17,37.6674725,127.0438941
스카이드림타운, 방학동 715-3,37.66529202,127.0449552
북한산현대렉시온오피스텔, 방학동 719-2,37.66899563,127.0447757
포르텔오피스텔, 번동 417-6,37.63784651,127.0295129
효성네오인텔리안, 번동 418-3,37.6386753,127.0270409
북한산드림캐슬, 번동 448-2,37.63500539,127.0246278
삼보힐, 번동 449-22,37.63494008,127.0239835
대원파크빌, 번동 460-15,37.63771933,127.0308441
이-파크, 보문동2가 111,37.58488182,127.0191671
(114-1), 보문동2가 114-1,37.58467366,127.0192152
"	(82)	", 보문동2가 82,37.58561968,127.0187197
보문엘타워, 보문동7가 100,37.57981091,127.022081
"	(1529-68)	", 봉천동 1529-68,37.47941225,126.9413982
대아빌딩, 봉천동 1540-24,37.47941422,126.9433313
"	(1564-1)	", 봉천동 1564-1,37.4797711,126.9446256
신화골든타워, 봉천동 1564-3,37.47962111,126.9446055
(1565-13), 봉천동 1565-13,37.47942734,126.9470296
제일캠퍼스텔, 봉천동 1566-10,37.47941114,126.9479913
PRAVIDA 162, 봉천동 1568-2,37.47901001,126.9505091
"	(1594-2)	", 봉천동 1594-2,37.47429153,126.9532721
이즈빌, 봉천동 1595-3,37.47539623,126.9531047
우남네오폴리스, 봉천동 1597-1,37.4779544,126.9525662
리치타워, 봉천동 1598-7,37.4789273,126.9534395
(1599-2), 봉천동 1599-2,37.47981849,126.9535674
수아주 서울대, 봉천동 1599-3,37.47947402,126.9535179
성문오피스텔, 봉천동 1620-14,37.4782576,126.9580085
성림오피스텔, 봉천동 1628-13,37.47745022,126.9601302
봉천동 오피스텔(1628-15), 봉천동 1628-15,37.4774659,126.9602448
"	(1654-1)	", 봉천동 1654-1,37.47503779,126.9690385
"	(1654-9)	", 봉천동 1654-9,37.47503988,126.9694746
에스타워, 봉천동 1658-16,37.47635253,126.9641883
동남오피스텔, 봉천동 1659-10,37.47689348,126.9626564
동림오피스텔, 봉천동 1659-4,37.47700227,126.9629333
"	(1663-10)	", 봉천동 1663-10,37.47884492,126.9581354
참오피스텔, 봉천동 1680-24,37.4786104,126.9613408
"	(1687-11)	", 봉천동 1687-11,37.47731241,126.9642271
"	(1718-4)	", 봉천동 1718-4,37.49189043,126.9446319
힐스타워오피스텔, 봉천동 1718-7,37.49264781,126.9455694
"	(29-22)	", 봉천동 29-22,37.48353094,126.9556447
한빛오피스텔, 봉천동 40-24,37.48603636,126.9559126
해담채 봉천, 봉천동 41-193,37.48612002,126.9545035
보성오피스텔, 봉천동 41-306,37.48499747,126.9541781
샤르망파크, 봉천동 42-21,37.48506737,126.9549441
황호오피스텔, 봉천동 43-3,37.48454593,126.9544251
(43-6), 봉천동 43-6,37.48460262,126.9544987
"	(701-20)	", 봉천동 701-20,37.49046078,126.9264966
하우피스오피스텔, 봉천동 725-4,37.49381259,126.9268121
캐릭터 그린빌, 봉천동 729-24,37.49181371,126.9254315
칸타빌레7차, 봉천동 731-1,37.49179046,126.9265867
(851-10), 봉천동 851-10,37.48240131,126.9541318
(854-4), 봉천동 854-4,37.48004546,126.9534362
대우디오슈페리움1단지, 봉천동 856-5,37.47962139,126.9527885
WD세븐스, 봉천동 858-6,37.48145634,126.9535351
Q타워, 봉천동 861-6,37.48165223,126.9521718
CO-OP RESIDENCE/서울대입구, 봉천동 861-7,37.48188756,126.9522076
J-NEXT, 봉천동 863-5,37.47947629,126.9516425
메카오피스텔, 봉천동 863-6,37.47966092,126.9517529
"	(863-9)	", 봉천동 863-9,37.47990903,126.9517894
덕산타워, 봉천동 866-2,37.480014,126.9514681
덕산스테이트, 봉천동 866-6,37.47944715,126.9513506
한울오피스텔, 봉천동 867-10,37.47965892,126.9507352
프라비다2, 봉천동 867-12,37.47967111,126.9504467
관전 G타워, 봉천동 867-14,37.48004181,126.9505026
(867-15), 봉천동 867-15,37.48022998,126.9505327
"	(867-7)	", 봉천동 867-7,37.47990793,126.950773
서울대역해담채, 봉천동 867-9,37.47978036,126.9507705
라온2, 봉천동 868-25,37.48063631,126.951167
JK타워 오피스텔, 봉천동 868-3,37.48039335,126.9514934
프라비다1, 봉천동 869-3,37.48090218,126.9513109
서울대역 마에스트로, 봉천동 869-6,37.48109014,126.9506598
에이스 에이-존, 봉천동 870-12,37.48179282,126.9508416
신원메트로빌, 봉천동 870-13,37.48173587,126.951446
"	(874-19)	", 봉천동 874-19,37.48207033,126.9499607
미래오피스텔, 봉천동 874-22,37.4821095,126.9502079
리츠오피스텔, 봉천동 875-3,37.48101594,126.950082
씨티 빌, 봉천동 875-5,37.48107667,126.9494689
그린피아 오피스텔, 봉천동 876-1,37.48072446,126.9502735
보배오피스텔, 봉천동 876-14,37.48077047,126.9497832
마이죤, 봉천동 876-16,37.48067548,126.9490988
장원오피스텔, 봉천동 876-27,37.48075609,126.9499739
메이플하우스, 봉천동 876-3,37.48051836,126.9502995
봉천동오피스텔, 봉천동 876-9,37.48057358,126.9497294
옥주오피스텔, 봉천동 877-16,37.48032438,126.9499105
(877-23), 봉천동 877-23,37.48010613,126.9493546
(877-29), 봉천동 877-29,37.47982113,126.9495378
"	(877-4)	", 봉천동 877-4,37.47989853,126.9501437
하늘채 오피스텔, 봉천동 877-8,37.47956192,126.9501532
금탑오피스텔, 봉천동 878-7,37.47949754,126.9487143
(879-12), 봉천동 879-12,37.47956037,126.9479391
CJ아트빌, 봉천동 879-3,37.47961444,126.9477158
동도 오피스텔, 봉천동 880-9,37.48024367,126.9483522
연경오피스텔, 봉천동 881-1,37.48052319,126.9478557
이아오피스텔, 봉천동 881-2,37.48039964,126.9479691
CJ오피스텔, 봉천동 881-26,37.47980709,126.9476951
"	(881-3)	", 봉천동 881-3,37.48033818,126.9478152
청룡2오피스텔, 봉천동 881-30,37.48003415,126.9476689
봉대오피스텔, 봉천동 881-31,37.48010878,126.9477697
"	(881-8)	", 봉천동 881-8,37.48006901,126.9478989
스마일타운, 봉천동 882-3,37.48069817,126.9485129
케이타워 오피스텔, 봉천동 882-4,37.48089332,126.948605
예림오피스텔, 봉천동 883-3,37.48113384,126.9489176
하임S, 봉천동 883-4,37.48136744,126.9488424
거장스카이 오피스텔, 봉천동 883-5,37.4811571,126.9486598
플러스타워, 봉천동 884-46,37.48198926,126.9488879
샤인텔, 봉천동 892-23,37.48303014,126.9470307
센트럴 포인트, 봉천동 893-27,37.48215539,126.9467511
더품, 봉천동 896-20,37.48029265,126.947069
마이홈타운, 봉천동 896-36,37.480397,126.9467614
YK타워, 봉천동 912-14,37.48253885,126.9451617
트라움, 봉천동 914-4,37.48091542,126.9458271
태양, 봉천동 921-25,37.48133741,126.9437019
청룡오피스텔, 봉천동 921-6,37.48110077,126.9444326
웰빙오피스텔, 봉천동 948-4,37.48448602,126.938459
"	(957-45)	", 봉천동 957-45,37.48603055,126.9363503
오크밸리, 봉천동 960-12,37.48591543,126.9351648
리더스 오피스텔, 봉천동 969-51,37.48845484,126.9310356
현교오피스텔, 봉천동 972-15,37.49008714,126.9268316
"	(972-48)	", 봉천동 972-48,37.49032096,126.9258681
타임730오피스텔, 부암동 129-8,37.59780133,126.9631003
캐피탈오피스텔, 부암동 154-2,37.59666837,126.9641369
선정오피스텔, 북가좌동 343-1,37.58362296,126.9111163
이편한세상신촌, 북아현동 1013,37.55826693,126.9501527
삼정스카이, 불광동 11-7,37.61720217,126.933176
세민하이파크, 불광동 12-2,37.61744408,126.9332868
파크힐, 불광동 13-11,37.61889962,126.9331539
더클래스, 불광동 13-7,37.61919864,126.9330221
유니파크, 불광동 221-1,37.61892005,126.9325375
힐튼럭스빌, 불광동 222-6,37.61741565,126.9327087
불광 하이츠, 불광동 239-4,37.61694537,126.9326014
백운오피스텔, 불광동 272-22,37.612343,126.930082
거장노블레스, 불광동 274-1,37.61166102,126.9299593
해피하우스, 불광동 281-16,37.61152544,126.9315301
디앤제이하우징, 불광동 281-20,37.61128997,126.9315733
디앤제이하우징, 불광동 281-22,37.61140672,126.9314723
디앤제이하우징, 불광동 281-23,37.61153965,126.9313567
"	(281-37)	", 불광동 281-37,37.61101437,126.9314121
샹그리라, 불광동 281-41,37.61130744,126.9311624
월계수하우스, 불광동 281-48,37.61117625,126.93106
샹그리라, 불광동 281-49,37.61109169,126.931132
타디스주상복합, 불광동 281-61,37.61115008,126.9306893
디앤제이하우징, 불광동 305-1,37.61832584,126.9233645
엘리사, 불광동 319-8,37.61993893,126.9241625
"	(484-243)	", 불광동 484-243,37.62078918,126.920976
메종슈에뜨이수, 사당동 1007-13,37.48372618,126.9811382
"	(1007-19)	", 사당동 1007-19,37.48345651,126.9811497
이수오피스텔, 사당동 1007-29,37.4830532,126.9812787
엘리지움, 사당동 1007-3,37.48419599,126.9813201
다라실, 사당동 1031-23,37.47859281,126.9808878
더원캐슬, 사당동 1049-8,37.47648557,126.9733141
"	(142-1)	", 사당동 142-1,37.48606477,126.9805289
리코하이빌, 사당동 182-2,37.49160115,126.9637653
노블하우스, 사당동 183-1,37.49111345,126.9641315
인더네이처, 사당동 207-3,37.487808,126.9670001
남성오피스텔, 사당동 212-1,37.48694234,126.9671973
"	(219-11)	", 사당동 219-11,37.48626316,126.9689176
광화문 풍림스페이스본, 사직동 9,35.20389423,129.0478266
제이에스원-혜화, 삼선동1가 5,37.5877265,127.0049366
"	(345-1)	", 삼선동4가 345-1,37.59085094,127.0138828
광남 제니텔, 삼선동5가 298-10,37.58911972,127.0160928
"	(298-7)	", 삼선동5가 298-7,37.58934792,127.0158147
씨티라이프 61, 삼성동 112-1,36.33597727,127.4297671
한흥 삼성오피스텔, 삼성동 113-6,36.3374188,127.4284433
삼성동지웰, 삼성동 114-11,37.51145252,127.0488395
선릉대림아크로텔, 삼성동 140-3,36.33770546,127.4336144
삼성동 롯데캐슬 클라쎄, 삼성동 141-10,37.50580689,127.0502109
LG선릉에클라트B, 삼성동 142-3,37.50614671,127.0509412
채널리저브, 삼성동 144-14,36.33789083,127.4333554
미켈란147, 삼성동 147-2,37.51321901,127.0560012
현대썬앤빌 삼성역, 삼성동 157-14,37.50859563,127.0572253
(157-18), 삼성동 157-18,37.50816411,127.0574689
삼성역 두산위브센티움, 삼성동 158-4,37.50847746,127.0578867
아르헤 타워, 삼성동 44-16,37.51193162,127.0486118
현대썬앤빌강남, 삼성동 51-4,37.51306873,127.0524985
삼성 리치빌, 삼성동 52-9,37.51852971,127.0511294
청담역 푸르지오시티, 삼성동 58-2,37.51972616,127.0566405
한국건설기술인회관(별관), 삼성동 65-2,37.51710143,127.0515203
우림보보카운티 오피스텔, 삼성동 75-8,37.51347921,127.0542686
집앤사 하우립, 삼전동 181-4,37.50082849,127.0965972
(101-149), 상계동 101-149,37.66771999,127.0788651
수락윈디하이츠, 상계동 1117-19,37.67656349,127.0562321
"	(1131-12)	", 상계동 1131-12,37.6780858,127.056311
수락네스트죤, 상계동 1132-28,37.67801596,127.0542133
오피앙, 상계동 1258,37.68026837,127.0548843
하이베라스, 상계동 1262,37.67910785,127.0548851
토마토파르코, 상계동 1267,37.68018577,127.055835
소담빌, 상계동 330-29,37.65645796,127.066115
마블러스2, 상계동 341-15,37.65645149,127.0647747
큐비스트빌딩, 상계동 341-5,37.65632567,127.0643121
마블러스1, 상계동 341-7,37.65627797,127.0646084
"	(349-26)	", 상계동 349-26,37.65647238,127.0656846
(693-2), 상계동 693-2,37.65608585,127.0610428
노빌리안골드, 상계동 734-3,37.65348458,127.0584289
상도 프라이드 522, 상도1동 522,37.50607308,126.9503419
아카데미하우스, 상도동 183-15,37.50372399,126.9381917
그린시티, 상도동 183-28,37.50371771,126.9384639
동양스마트빌, 상도동 324-23,37.49932403,126.930116
상도동 324-41 제2종근린생활시설, 상도동 324-41,37.49926433,126.9303098
성은오피스텔, 상봉동 101-29,37.59614717,127.0870138
(101-34), 상봉동 101-34,37.59612301,127.0866598
동인씨엘로, 상봉동 102-14,37.59580314,127.0869611
동인씨엘로102동, 상봉동 102-19,37.59572825,127.0866793
리브가 상봉, 상봉동 102-21,37.59563683,127.086925
YMS TOWER A, 상봉동 102-30,37.59549293,127.0870473
YMS TOWER D동, 상봉동 102-32,37.59552995,127.0868409
대성쉐르빌, 상봉동 102-37,37.59582564,127.0863974
YMS TOWER C동, 상봉동 102-45,37.5954116,127.0867128
이안채s타워A, 상봉동 102-46,37.59532569,127.0866573
제이타운Ⅲ, 상봉동 102-5,37.59583115,127.0873235
이안채 S타워 B, 상봉동 102-52,37.59536506,127.0864215
동일씨엘로, 상봉동 102-7,37.59567322,127.0872307
리더스, 상봉동 104-10,37.59510828,127.0875387
라메즈오피스텔(104-21), 상봉동 104-21,37.59482485,127.087465
라메즈오피스텔(104-32), 상봉동 104-32,37.59476147,127.0873068
M-시티, 상봉동 104-4,35.21097548,128.0719975
Major Officetel, 상봉동 104-70,37.59440951,127.0870323
미소플러스, 상봉동 105-12,37.59409696,127.0884664
상봉 동원데자뷰2차, 상봉동 105-17,37.59387838,127.0885869
상봉스카이타워, 상봉동 105-41,37.59403434,127.0893869
(105-45), 상봉동 105-45,37.59387539,127.088935
동일캐슬, 상봉동 107-31,37.59462417,127.0865782
대성타워, 상봉동 108-3,37.5938165,127.0859606
(113-28), 상봉동 113-28,37.59481785,127.0851745
성원빌, 상봉동 115-70,37.59569568,127.0851567
로젠하임, 상봉동 116-17,37.59607941,127.0831091
예지다움, 상봉동 128-33,37.59443707,127.0791114
"	(128-5)	", 상봉동 128-5,37.59419482,127.0796948
에코그린빌, 상봉동 128-90,37.59409494,127.0797413
수령골든팰리스, 상봉동 129-1,37.59354,127.0773615
한일써너스빌, 상봉동 81-5,37.59707034,127.0912073
어반카운티, 상봉동 84-15,37.59479667,127.0922196
더클래스, 상봉동 85-4,37.59416516,127.0913943
아크로팰리스, 상봉동 85-5,37.59419731,127.091543
힐링파크, 상봉동 86-25,37.59448513,127.0911168
명가, 상봉동 87-28,37.59403811,127.0896267
노블리안, 상왕십리동 750,37.56520455,127.0270372
서울역풍림아이원플러스, 서계동 219-17,37.55492861,126.9684545
서초오피스텔, 서초동 1302-1,37.50319155,127.0217703
강남역 I'PARK, 서초동 1303-16,37.50275021,127.0238821
강남태영데시앙루브, 서초동 1303-35,37.50284761,127.0245442
현대썬앤빌 강남 더 인피닛, 서초동 1303-6,37.50359206,127.0235478
아멜리아, 서초동 1303-7,37.50350688,127.0232562
강남역리가스퀘어, 서초동 1308-26,37.50112358,127.0243692
디오빌강남, 서초동 1309-1,37.50205896,127.0240333
강남역 2차 I'PARK, 서초동 1309-2,37.50229931,127.0240091
벨라채 오피스텔, 서초동 1316-17,37.49851323,127.02471
부띠크 모나코, 서초동 1316-5,37.4975296,127.0244847
풍림아이원매직, 서초동 1321-9,37.49566184,127.0255992
강남아르젠, 서초동 1327-23,37.49543631,127.0275708
강남역 한화오벨리스크, 서초동 1327-27,37.49528753,127.0272568
서초파라곤, 서초동 1327-29,37.49494286,127.0274214
대우도씨에빛2, 서초동 1328-11,37.4947838,127.0285981
대우도씨에빛, 서초동 1328-7,37.49532212,127.028341
강남역인앤인, 서초동 1330-12,37.49322982,127.0287231
강남역 롯데골드로즈, 서초동 1330-6,37.49315307,127.0282659
이즈타워, 서초동 1337-14,37.49213353,127.0291016
아크로텔 강남역, 서초동 1337-2,37.49195281,127.0288102
현대썬앤빌 서초, 서초동 1337-21,37.49179069,127.0296555
서초동 대우디오빌프라임, 서초동 1337-22,37.49157871,127.0299733
강남 효성 해링턴 타워, 서초동 1337-6,37.49123952,127.0290722
풍림아이원플러스, 서초동 1338-1,37.49041513,127.0297084
서초현대렉시온, 서초동 1338-20,37.49018655,127.0306252
신명스카이뷰멤버스, 서초동 1338-25,37.4905867,127.0295715
강남역파라디아골드, 서초동 1338-8,37.48990807,127.0302055
강남해븐리치 더 골드 181, 서초동 1339,37.48949846,127.0298594
서초트라팰리스, 서초동 1344-13,37.48681601,127.0282423
서초대우디오빌, 서초동 1355-17,37.48498252,127.0291576
한라비발디스튜디오193, 서초동 1363-25,37.48570051,127.0320755
서초쌍용플래티넘, 서초동 1445-13,37.48405403,127.0173378
더샾서초, 서초동 1445-14,37.4835481,127.0176552
송현 나이스빌, 서초동 1492-8,37.48416842,127.0035624
"	(1515-3)	", 서초동 1515-3,37.48641396,127.0045435
서초에스알타워, 서초동 1542-13,37.49048519,127.0087157
블루힐65, 서초동 1553-15,37.49172148,127.0090572
지웰 홈스 서초, 서초동 1575-1,37.49194145,127.0133962
서초센트럴IPARK, 서초동 1582-3,37.48697564,127.0115492
DK밸리뷰시티, 서초동 1584-6,37.48514637,127.0120079
드림타워, 서초동 1589-1,37.48539341,127.0125034
서초 리슈빌, 서초동 1589-10,37.48532914,127.0132204
서초아트갤러리, 서초동 1589-3,37.48505495,127.0126063
(1591-5), 서초동 1591-5,37.48578234,127.0127105
큐브플러스, 서초동 1598-1,37.48807646,127.0141379
엘지서초에클라트, 서초동 1599-2,37.48684812,127.0145928
서초신성미소시티, 서초동 1600-4,37.48635188,127.015098
동양라디안루키, 서초동 1600-7,37.48613839,127.0151497
서초어반하이 오피스텔, 서초동 1601-10,37.48546984,127.0150515
그린빌오피스텔, 서초동 1601-2,37.48576401,127.0146988
스위트서초, 서초동 1601-6,37.48543609,127.0145743
피앤디 솔로빌, 서초동 1623-3,37.48712263,127.0154653
하림인터내셔날 오피스텔, 서초동 1674-5,37.49407107,127.0162047
브라운스톤서초, 서초동 1677-1,37.49471629,127.0182818
삼환바우스, 서초동 1677-11,37.49489956,127.0188997
코업레지던스/서초동, 서초동 1679-1,37.49556511,127.0206796
아크로비스타, 서초동 1685-3,37.49816727,127.0133049
서초메이플라워맴버스빌, 서초동 1688-6,37.49605045,127.0201237
고향빌딩, 석관동 124-21,37.61114818,127.0644311
브룩스톤오피스텔, 석관동 135-2,37.61317426,127.0656817
(175-25), 석관동 175-25,37.61261696,127.0620414
세종캐슬, 석관동 176-11,37.6129454,127.0626654
스위트빌3차, 석관동 226-3,37.61183287,127.0597278
"	(335-16)	", 석관동 335-16,37.60996888,127.0568783
다솜오피스텔, 석관동 337-31,37.60988194,127.0564533
백제24시찜질방인삼사우나, 석촌동 15,37.50287646,127.0989874
레이크캐슬, 석촌동 1-6,37.50600054,127.0979058
석촌트럼프월드, 석촌동 175-12,37.50564676,127.1059566
"	(175-6)	", 석촌동 175-6,37.50538675,127.105306
강동아너스빌, 성내동 199-17,37.53403022,127.1340621
아이퍼스트빌, 성내동 199-18,37.53426756,127.1345279
한솔애리즈601동, 성내동 199-19,37.53447277,127.1346333
"	(244-4)	", 성내동 244-4,35.95997625,128.9218556
한양 립스, 성내동 244-5,35.95993914,128.9216029
(244-6), 성내동 244-6,37.53422681,127.1356426
비바체, 성내동 43-6,36.12195157,128.119072
인택스파크뷰, 성내동 448-17,37.52376414,127.1306196
더존 예가, 성내동 46-22,37.5371045,127.1244467
더존 예가 A, 성내동 46-23,37.53699274,127.1243198
해인하우스, 성내동 46-4,37.53683898,127.1241661
더존예가, 성내동 47-16,37.53714172,127.1247984
트리안, 성내동 47-8,37.53724799,127.1241786
"	(48-42)	", 성내동 48-42,37.53742832,127.1247975
브라운스톤천호, 성내동 64-13,37.53796438,127.1237407
(80-3), 성내동 80-3,36.12312794,128.1207293
장원오피스텔, 성내동 81-12,36.12291421,128.1208092
더존예가, 성내동 81-2,36.12300201,128.1210198
휴아름 스튜디오, 성북동1가 35-22,37.58842274,127.0054353
뚝섬리버빌, 성수동1가 13-117,37.5494781,127.0498815
이에스에이리버하우스, 성수동1가 13-12,37.55049143,127.0509709
서울숲 프라임 알파, 성수동1가 13-120,37.54928267,127.0494075
서울숲 프라임 베타, 성수동1가 13-493,37.5493909,127.0495744
EPISODE Seong Su 121, 성수동1가 26-3,37.54224641,127.0494261
Biz-Well 성수, 성수동1가 33-21,37.54160785,127.0496678
위더스 빌, 성수동1가 33-23,37.54133371,127.0499063
뚝섬리치빌A동, 성수동1가 656-1041,37.54733114,127.0452927
서울숲 다세대 오피스텔, 성수동1가 656-28,37.54176108,127.0474372
서울숲오피스텔, 성수동1가 656-392,37.54158275,127.0472677
아트빌딩, 성수동1가 685-308,37.54814897,127.0426822
성수 그린빌, 성수동1가 685-54,37.54792095,127.0435846
한스포레, 성수동1가 72-114,37.54077009,127.0487714
성수동 뉴타운오피스텔, 성수동1가 72-69,37.54170705,127.0490445
청재오피스텔, 성수동1가 72-71,37.54138955,127.0492132
B동, 성수동2가 255-7,37.54005077,127.0607605
성수동램킨중흥S클래스오피스텔, 성수동2가 277-101,37.54465419,127.0613784
성수아카데미타워, 성수동2가 277-17,37.54518683,127.0578211
성원상떼뷰오피스텔, 성수동2가 277-37,37.54369114,127.0625129
성수동 아스테리아, 성수동2가 278-29,37.54642485,127.0611681
(299-134), 성수동2가 299-134,37.5497294,127.0528963
테라타워, 성수동2가 299-242,37.54800467,127.055081
송정동센스빌오피스텔, 송정동 81-16,35.19637946,129.2064758
"	(17-6)	", 송파동 17-6,37.50650927,127.1074762
한솔파크빌, 송파동 18-10,37.50652041,127.1080659
상아빌리지, 송파동 18-9,37.50643046,127.107935
현대레이크빌, 송파동 31-2,37.51071439,127.1069854
(58-14), 송파동 58-14,37.51128945,127.1078578
트윈레이크팰리스빌, 송파동 58-15,37.51109191,127.1076064
나루빌, 송파동 85-5,37.50493308,127.1082423
동광팰리스, 송파동 86-1,37.50544941,127.1093477
두산위브파빌리온, 수송동 58,37.57255789,126.9818284
두온오피스텔, 수유동 223-1,37.63889579,127.0230702
효성 인텔리안 오피스텔, 수유동 230-7,37.63644592,127.0234355
(274-5), 수유동 274-5,37.64762067,127.0147954
쏠라리움타워, 수유동 45-1,37.63590127,127.0227024
제네스타워, 수유동 48-1,37.63439756,127.0228659
수유프리미어엠, 수유동 48-8,37.63433561,127.0221738
씨엘블루, 수유동 50-17,37.63341761,127.0218409
태솔캡슬, 수유동 50-20,37.63274697,127.0219164
연승카운티, 수유동 50-30,37.63313994,127.021605
삼성쉐르빌, 수유동 50-31,37.63212558,127.0220314
한원힐트리움 수유 아파트, 수유동 738,37.64456473,127.0238698
수유동이테크밸리오피스텔, 수유동 95-7,37.63377747,127.0228373
덕수궁롯데캐슬, 순화동 217,37.56358693,126.9703537
경일오피스텔, 숭인동 1367,37.5748871,127.0229505
동양파라빌, 숭인동 1388,37.57401358,127.0228539
"	(1392)	", 숭인동 1392,37.57371691,127.0227196
종로 아인스빌, 숭인동 1392-1,37.57356439,127.0227243
아이비씨 호텔 앤 오피스텔, 숭인동 1396,37.57328205,127.0228806
버넷하임1, 숭인동 1421,37.57374606,127.0223676
종로 동광모닝스카이, 숭인동 1421-1,37.57344425,127.0223773
숭인한양LEEPS, 숭인동 1421-2,37.57361828,127.0223706
그레이스탑, 숭인동 178-94,37.57510892,127.0202647
엘리시앙오피스텔, 숭인동 200-33,37.57396405,127.019894
종로유케이201, 숭인동 201-11,37.5738384,127.0213077
아폴리움 오피스텔, 숭인동 201-7,37.57395254,127.0214925
종로 중흥 S클래스, 숭인동 202-3,37.57354579,127.0216876
블루카운티 숭인Ⅰ, 숭인동 217-16,37.57284785,127.0196456
케이디오피스텔, 숭인동 217-26,37.57320091,127.019461
블루빌, 숭인동 243,37.57260379,127.0174973
삼전솔하임2차, 숭인동 296-19,37.5724091,127.0167283
종로대우디오빌, 숭인동 310,37.57283567,127.0161039
디세븐, 숭인동 313-12,37.57232755,127.0162506
(317-29), 숭인동 317-29,37.57203357,127.0167211
"	(317-35)	", 숭인동 317-35,37.57186519,127.0164955
헤스티아, 숭인동 317-48,37.57146345,127.0165126
삼전솔하임4차, 숭인동 318-2,37.5713361,127.0167137
우영빌딩, 숭인동 72-83,37.57398382,127.0180793
롯데캐슬 천지인, 숭인동 76,37.57384669,127.0162463
(113-4), 시흥동 113-4,37.45853847,126.8973761
센트로힐, 시흥동 118-87,37.45427677,126.8982001
시흥 사거리 와이즈 플레이스, 시흥동 882-61,37.45502696,126.9009957
금천리메인시티, 시흥동 883-11,37.45390986,126.9013144
백운매트로엔, 시흥동 935-1,37.44855932,126.9041834
그린하이클라스빌, 시흥동 989-10,37.44923593,126.9007833
산들파크빌2, 시흥동 992-63,37.4525996,126.8993074
산들파크빌7, 시흥동 992-67,37.45239236,126.8995031
해담채, 시흥동 994-1,37.45427823,126.9001154
., 시흥동 995-34,37.45353644,126.8981756
HEY NEST, 시흥동 998-10,37.45404813,126.8983422
지엠씨타워, 시흥동 998-12,37.45416962,126.8986296
나인팰리스, 시흥동 998-5,37.45411248,126.8980153
공덕프로포즈Ⅱ, 신공덕동 15-80,37.54502097,126.9550243
메트로디오빌, 신공덕동 167,37.54348955,126.9528682
블루마리오피스텔, 신공덕동 3-3,37.54679883,126.9570316
상원빌딩, 신내동 492-4,37.60140468,127.1002148
엘리어트하우스, 신내동 644,37.61548399,127.0944438
금강리빙스텔, 신내동 646,37.61633105,127.0928724
디아뜨갤러리, 신내동 648,37.61699424,127.091338
은수빌딩, 신당동 120-1,37.56530945,127.0180078
신당역솔하임, 신당동 140-23,37.56538243,127.0212199
아리스타 에스디, 신당동 160-1,37.56516974,127.0223765
신당아르브, 신당동 160-5,37.56497459,127.0233238
승리빌딩, 신당동 309-45,37.55963289,127.013152
"	(340-123)	", 신당동 340-123,37.55604809,127.0122619
"	(340-73)	", 신당동 340-73,37.55790022,127.0126992
JK오피스텔, 신당동 353-22,37.55138918,127.0076747
남산더힐A동, 신당동 420-17,37.55674631,127.0098392
남산더힐B동, 신당동 420-23,37.55657852,127.009942
(420-9), 신당동 420-9,37.55697068,127.0097619
대현프리몰, 신당동 421-1,37.55698283,127.0094593
디앤씨타워, 신대방동 342-15,37.49700207,126.9281845
신라스테이해링턴타워, 신대방동 698,37.4855749,126.9044377
동작상떼빌, 신대방동 719,37.48758713,126.9067442
신도림삼성쉐르빌 1, 신도림동 271-25,37.51432624,126.8814098
콜카빌, 신도림동 271-41,37.51378541,126.8807358
골든애비뉴, 신도림동 276-32,37.51334557,126.8807609
신도림1차푸르지오, 신도림동 337,37.50944906,126.8877987
신도림월드메르디앙오피스텔, 신도림동 387-3,37.50961413,126.8821212
신도림팰러티움, 신도림동 412-3,37.50396919,126.881869
신도림 에스케이뷰, 신도림동 432-1,37.50705476,126.8864947
신도림3차푸르지오, 신도림동 435-10,37.50683055,126.8841286
신도림 큐브스테이트, 신도림동 436-7,37.50642042,126.8837788
디팰리스, 신문로2가 171,37.57290573,126.9678394
보성리엔빌, 신사동 17-7,37.59875656,126.9098845
명진하이빌, 신사동 20-29,37.59839741,126.9106153
정원 TOP 오피스텔, 신사동 21-12,37.59831104,126.9133685
"	(23-22)	", 신사동 23-22,37.59855668,126.9150603
신사동 23-48, 신사동 23-48,37.59810482,126.9149838
포레스트힐시티, 신설동 100-26,37.57127066,127.0263801
청광플러스원청계오피스텔, 신설동 109-8,37.57174646,127.0247666
드림빌리지 오피스텔, 신설동 117-14,37.57348383,127.023597
신설동 지웰홈스, 신설동 117-9,37.57318847,127.0236093
스테이 하이 오피스텔, 신설동 72-8,37.57741154,127.0254869
(81-79), 신설동 81-79,37.5764823,127.0234592
"	(89-29)	", 신설동 89-29,37.57698479,127.0257014
"	(89-38)	", 신설동 89-38,37.57715302,127.0256301
동은컴페니언오피스텔, 신설동 89-53,37.5768709,127.0264431
동광동대문베르빌, 신설동 97-8,37.57458299,127.026302
신설동주상복합, 신설동 98-49,37.57574512,127.0256095
그라비스, 신월동 131-2,37.53161995,126.8316236
에이엔타워, 신월동 145-6,37.53513183,126.8295476
신목동샤르망오피스텔, 신월동 235-7,37.52853016,126.8388788
로빈시그니쳐, 신월동 474-12,37.52566461,126.8496934
오진오피스텔, 신월동 506-8,37.52330383,126.8483631
"	(545-2)	", 신월동 545-2,37.51778987,126.8407953
(547-3), 신월동 547-3,37.51840338,126.839493
세아쎄닛빌, 신월동 547-5,37.51823387,126.8394721
골든캐슬, 신월동 96-5,35.22751648,128.6857341
에비앙빌딩, 신정동 1029-14,37.52114382,126.8553956
양지, 신정동 1148-9,37.51724039,126.853826
명진오피스텔, 신정동 1192-16,37.52190521,126.8499714
"	(1192-3)	", 신정동 1192-3,37.52206816,126.8505383
신정동대우미래사랑5차, 신정동 1290-4,37.5098046,126.8432507
목동대림아크로텔, 신정동 318-1,37.52243373,126.8694343
제이월드빌, 신정동 318-17,37.52179469,126.8695496
동문비젼오피스텔, 신정동 318-6,37.52152211,126.8690847
우림필유, 신정동 319,37.5209034,126.8690484
헤리티지, 신정동 319-17,37.51913208,126.8691844
헤리티지Ⅱ, 신정동 319-18,37.51948009,126.869278
이스타빌 3차, 신정동 323-9,37.51642268,126.8620545
목동2차아크로텔, 신정동 324,37.51524495,126.8591054
"	(903-27)	", 신정동 903-27,37.52586013,126.8604849
클레버 타워, 신정동 944-3,37.52410399,126.8522252
천우비지움오피스텔, 신정동 953-5,37.52512893,126.8584276
문화트윈타워, 신정동 971-1,37.52282091,126.8519262
리더스파크빌, 신정동 971-24,37.52270282,126.8519889
퀸즈 포디엄, 신정동 972-6,37.52146833,126.8529196
하나목동아이파크 뷰, 신정동 973-40,37.52193742,126.8530775
잠실 푸르지오 월드마크, 신천동 11-4,37.51744225,127.1035654
더샵스타리버, 신천동 11-8,37.517983,127.1043935
대원쉐르빌, 쌍문동 601,37.65743845,127.03925
"	(639-3)	", 쌍문동 639-3,37.65669011,127.0382838
"	(669-3)	", 쌍문동 669-3,37.6556338,127.0377979
happy house, 쌍문동 669-4,37.6555362,127.0377399
백경타운, 쌍문동 88-4,37.65047281,127.0353174
(327-10), 아현동 327-10,37.55668294,126.9546679
"	(331-22)	", 아현동 331-22,37.55688324,126.9542477
트렌빌, 아현동 331-29,37.55684523,126.953651
우리家, 아현동 353-4,37.55680419,126.9505821
고려아카데미텔, 아현동 437-3,37.55133916,126.9561806
아현 라온빌, 아현동 709,37.55768606,126.96051
효성인텔리안, 아현동 733,37.5524864,126.956801
마포 에스케이 허브 블루, 아현동 737,37.55199734,126.9565177
"	(119-9)	", 안암동2가 119-9,37.58664012,127.0244444
수산리빙텔, 안암동2가 154-1,37.58617256,127.0226562
한강시티라이프, 암사동 441,37.55537511,127.1297311
까사팔공육, 암사동 463-4,37.55291436,127.1288305
"	(500-10)	", 암사동 500-10,37.55202138,127.1287529
"	(500-9)	", 암사동 500-9,37.55188898,127.1287045
강동리시온, 암사동 501-19,37.55014778,127.1285559
서울오피스텔, 암사동 501-21,37.55081426,127.1285678
와이엔오피스텔, 암사동 501-8,37.55092696,127.1283635
암사오피스텔, 암사동 502-13,37.55114017,127.1273744
서일빌딩, 암사동 502-3,37.55095237,127.1269188
현운재, 암사동 503-24,37.55203757,127.1276968
(503-5), 암사동 503-5,37.55222928,127.1273625
로뎀하우스(503-9), 암사동 503-9,37.5515272,127.1272919
마일스톤, 암사동 505-10,37.55417693,127.1286915
스카이블루오피스텔, 암사동 512-10,37.54997023,127.1267273
에벤에셀나래하우스, 암사동 513-39,37.5482896,127.1260451
명성오피스텔, 암사동 513-8,37.54876048,127.1260838
양재동 오피스텔, 양재동 208-8,37.46544456,127.0344854
트윈타워(275-3), 양재동 275-3,37.47659155,127.0442778
트윈타워(275-4), 양재동 275-4,37.47688959,127.0439557
이스타빌, 양재동 3-14,37.48289534,127.0420638
서초미르, 양재동 402-5,37.47171767,127.050336
더스위트캐슬, 역삼동 603-5,37.50575437,127.0297064
신논현 마에스트로, 역삼동 603-7,37.50593318,127.0300942
강남 IBC 오피스텔, 역삼동 648-1,37.49976357,127.0310723
"	(677-4)	", 역삼동 677-4,37.5032581,127.0400935
리에바움 오피스텔, 역삼동 703,37.50461289,127.0441228
K타워 오피스텔, 역삼동 703-6,37.5045279,127.0443413
루트원 레지던스, 역삼동 703-7,37.50453117,127.0446357
우림루미아트1, 역삼동 706-11,37.50219738,127.0437263
좋은사람좋은집, 역삼동 706-12,37.50224584,127.0438955
능현오피스텔, 역삼동 708-16,37.50342913,127.0478217
금천빌딩, 역삼동 708-20,37.503139,127.0479521
에스케이허브 오피스텔, 역삼동 708-26,37.50354901,127.0490609
선릉역 우정에쉐르 멤버스, 역삼동 708-31,37.50311993,127.0483367
빌딩-에벤에셀, 역삼동 718-27,37.50065688,127.039666
역삼역센트럴푸르지오시티, 역삼동 719-24,37.50087535,127.0406443
amco square 720, 역삼동 720-22,37.50133904,127.041932
신일유토빌, 역삼동 735-11,37.49883406,127.0334808
(735-15), 역삼동 735-15,37.4985279,127.0334822
역삼 푸르지오 시티, 역삼동 735-17,37.49817678,127.0336435
메이플라워멤버스빌오피스텔, 역삼동 736-22,37.49874586,127.0347453
엘지역삼에클라트, 역삼동 736-24,37.49854877,127.035037
삼환 아르누보, 역삼동 769-1,37.49583031,127.039836
역삼 이스타빌, 역삼동 787-7,37.49375334,127.0431276
강남역두산위브센티움, 역삼동 823-26,37.4986518,127.0329321
크레신 타워Ⅱ, 역삼동 823-3,37.49842543,127.0316958
강남역 우정에쉐르, 역삼동 823-7,37.49840487,127.0322656
메가시티오피스텔, 역삼동 824-12,37.49739492,127.0302319
예성I라이프, 역삼동 824-13,37.49757807,127.030309
대우디오빌플러스, 역삼동 824-25,37.49758925,127.0310723
강남역투웨니퍼스트102동, 역삼동 824-49,37.4974464,127.0306271
강남역투웨니퍼스트101동, 역삼동 824-9,37.49753958,127.0305824
강남역 센트럴 푸르지오 시티, 역삼동 825-20,37.49772711,127.029294
강남역 효성해링턴 타워 더퍼스트, 역삼동 825-24,37.49700866,127.0297204
네스빌, 역삼동 830-41,37.49532564,127.0325306
역삼SK허브블루, 역삼동 831-40,37.49407388,127.0313101
에스케이허브젠, 역삼동 831-45,37.49366553,127.0310126
BIEL 106, 역삼동 832-16,37.49296512,127.0309379
강남역 쉐르빌, 역삼동 832-3,37.49235853,127.0307075
성우스타우스오피스텔, 역삼동 832-33,37.49239671,127.0320373
강남역 와이즈 플레이스, 역삼동 837-13,37.49172925,127.0318379
강남역 서희스타힐스 오피스텔, 역삼동 837-18,37.49137305,127.0325246
강남웅진베어스빌, 역삼동 838-10,37.49018594,127.0328412
SM 벨리체, 역촌동 2-38,37.60928816,126.9197627
"	(36-30)	", 역촌동 36-30,37.60190049,126.9162957
캐시아, 역촌동 41-17,37.601728,126.9188246
파크원, 역촌동 41-25,37.60191987,126.9194152
거장메카, 역촌동 42-8,37.60076903,126.919281
동인에버빌, 역촌동 43-62,37.60070428,126.9180964
해창위너스빌, 역촌동 43-68,37.60046956,126.9180087
대상오피스텔, 역촌동 8-15,37.60881906,126.9161231
삼성캐스빌, 역촌동 85-9,37.60050244,126.9153728
대보마로니에텔, 연건동 206,37.57618652,127.0004312
세레피아텔, 연건동 317,37.57617692,126.9999414
주함해븐타워 3동, 연지동 111,37.00986704,127.2706875
아르젠종로, 연지동 163-3,37.573241,126.9987372
리베르떼_연지, 연지동 222,37.57273078,127.0002671
로얄파크뷰, 연지동 238-5,37.57251374,127.00037
브라운 힐, 연희동 100-15,37.5720352,126.9295571
라이온스톤, 연희동 103-6,37.57240877,126.9292418
스페이스엠, 연희동 103-7,37.5725446,126.9291249
오벨리스크, 연희동 121-4,37.57090585,126.9299697
정연 지오빌, 연희동 122-3,37.56964182,126.9309479
"	(136-7)	", 연희동 136-7,37.56698591,126.9313703
연희미다스파크, 연희동 142-21,37.57802922,126.9353319
"	(188-3)	", 연희동 188-3,37.56661944,126.9303935
"	(188-57)	", 연희동 188-57,37.56649795,126.9303044
(193-9), 연희동 193-9,37.56554945,126.9287274
브라운스톤 연희, 연희동 194-30,37.56522738,126.9301258
연희소프트빌, 연희동 212-2,37.56375115,126.9288957
연희체스트빌, 연희동 218-1,37.56422131,126.9285019
THE연희힐, 연희동 218-11,37.56462768,126.9281891
(218-11), 연희동 218-11,37.56462768,126.9281891
현대싱그런, 연희동 340-27,37.56386514,126.9317258
"	(413-126)	", 연희동 413-126,37.56664596,126.9248005
"	(446-270)	", 연희동 446-270,37.56716031,126.920175
시아 루비움, 연희동 78-4,37.57326375,126.9350943
파라다이스텔에스비, 연희동 80-7,37.57122026,126.9348249
맥시하우스, 염창동 241-11,37.55588107,126.865652
등촌노블레르, 염창동 242-5,37.55552278,126.8671308
GF오피스텔, 염창동 250-5,37.55021452,126.874938
현진파크뷰, 염창동 252,37.55001407,126.8753419
리젠펠리스오피스텔, 염창동 253-2,37.55009348,126.8762816
그린뷰, 염창동 261-12,37.54826566,126.8768405
염창투웨니퍼스트, 염창동 262,37.54881862,126.8762876
동남빌리지, 염창동 263-20,37.54869826,126.8748112
노블레르, 염창동 264-26,37.54965952,126.8717648
성강에코텔, 염창동 264-35,37.55034691,126.8715518
한빛어반뉴스토리, 염창동 266-12,37.55073126,126.8701287
시원트레벨(266-18), 염창동 266-18,37.55071824,126.870711
시원트레벨(266-4), 염창동 266-4,37.55094413,126.8706317
시원트레벨(266-8), 염창동 266-8,37.55082191,126.8705251
서경팰리스, 염창동 267-10,37.55137286,126.8696952
원호엘리시온 오피스텔, 염창동 267-20,37.5517943,126.8681652
팔레시움, 염창동 283-2,37.547808,126.8775023
대명투웨니퍼스트, 염창동 283-3,37.54751062,126.8775105
아네스트염창, 염창동 310,37.5481855,126.8715679
진영리버타운, 염창동 65,37.55638725,126.869965
"	(618-22)	", 영등포동 618-22,37.51429736,126.9084111
여의도씨티아이, 영등포동1가 113-1,37.51751202,126.910729
소미여의도골드라인, 영등포동1가 118,37.51754844,126.9112699
여의도리슈빌DS, 영등포동1가 121-5,37.51720357,126.9117098
신한헤스티아, 영등포동1가 127,37.51715865,126.9106435
대승프린스텔, 영등포동1가 20-1,37.51781797,126.9157897
페트라, 영등포동1가 22-1,37.5178997,126.9154445
팰리스페트라, 영등포동1가 24,37.5177954,126.9155886
여의도광장, 영등포동1가 26-1,37.51798806,126.915222
폴라리스오피스텔, 영등포동1가 27-1,37.51811083,126.9150017
금반석 시티빌 8차, 영등포동1가 27-3,37.51814797,126.9149072
지엘 리베라움, 영등포동1가 28,37.51825204,126.9146483
여의도의아침, 영등포동1가 29,37.51831335,126.9143698
파크빌, 영등포동1가 31-6,37.51802003,126.9146798
필 오피스텔, 영등포동1가 55,37.51732371,126.913116
메트로가든, 영등포동1가 75-4,37.51775258,126.9134813
스페이스 오피스텔, 영등포동1가 76,37.51763865,126.9137818
SJ팰리스, 영등포동1가 79-2,37.5182768,126.9134355
여의도 명남 더블레스, 영등포동1가 79-3,37.51821606,126.9137126
여의도투웨니퍼스트, 영등포동1가 92-4,37.51831299,126.9131496
여의도더리브스타일, 영등포동1가 94-2,37.51775375,126.9131374
여의도스퀘어, 영등포동1가 99,37.51746745,126.9116682
(28-114), 영등포동2가 28-114,37.52081704,126.911482
더 위일 중마루, 영등포동2가 28-116,37.5205831,126.9111379
그린나래, 영등포동2가 28-118,37.52047208,126.911442
투프레이즈오피스텔, 영등포동2가 28-140,37.52177362,126.9102592
미담, 영등포동2가 28-142,37.5208853,126.9109635
와이에이치빌리지, 영등포동2가 284-3,37.52065341,126.909203
루브르하우스, 영등포동2가 284-4,37.52073021,126.9090177
범영오피스텔, 영등포동2가 29-72,37.52227877,126.9098995
더메종315, 영등포동2가 315,37.51997651,126.9089402
여의도 디앤써밋, 영등포동2가 94-154,37.52077206,126.9121659
와이에이치빌리지, 영등포동2가 94-319,37.52096985,126.9119681
더-위일 신세계, 영등포동3가 17-3,37.51854762,126.90741
소담더블린, 영등포동3가 1-9,37.51853089,126.9106725
WD스퀘어, 영등포동3가 20,37.51746849,126.9072847
영등포 점프밀라노, 영등포동3가 7,37.51907726,126.9055524
에쉐르아이 시네마 쇼핑몰, 영등포동3가 9-13,37.51768857,126.9064409
지울빌딩, 영등포동4가 117-5,37.51902448,126.9025964
스퀘어뷰, 영등포동4가 117-7,37.51888153,126.9024943
글로벌엠제이, 영등포동4가 147-5,37.51992982,126.9026599
영등포 센트럴 푸르지오 시티, 영등포동4가 443,37.51796603,126.9019622
부자빌딩, 영등포동6가 22-1,37.52242309,126.9047141
양우화인텔, 영등포동6가 3-2,37.52089475,126.9043127
더하우스, 영등포동6가 92,37.52090508,126.9018014
블리스 다임빌, 영등포동7가 91-2,37.52498637,126.9071825
"	(134-1)	", 오류동 134-1,37.49242181,126.8409289
예성라온팰리스, 오류동 33-1,37.49707065,126.8469293
예성 라온팰리스, 오류동 33-33,37.49733714,126.8472879
현대 썬앤빌 구로, 오류동 34-13,37.49703641,126.8447741
이좋은집, 오류동 46-1,37.49485707,126.8420318
아크로펠리스, 오류동 46-2,37.49460192,126.8419135
(47-24), 오류동 47-24,37.49442134,126.8413539
칸타빌레, 오류동 47-31,37.49462282,126.841341
포스시티, 오류동 51-31,37.49541004,126.8433479
프리가, 오류동 55-16,37.49587042,126.8450582
아델리아, 오류동 55-19,37.49563271,126.8443649
원타워3차, 오류동 58-1,37.49638377,126.8454237
칸타빌레5차, 오류동 59-20,37.49665269,126.8457585
글로리로뎀큐, 오류동 6-16,37.4951771,126.8403211
락스테이, 오류동 6-59,37.49500764,126.8398738
루체비스타, 오류동 6-63,37.49522549,126.8405482
다숲, 오류동 68-6,37.49287841,126.841893
삼백리치빌, 오류동 73-6,37.49295494,126.8408203
오류동역솔리스타, 오류동 75-2,37.49397065,126.8407918
해츠빌, 오류동 76-2,37.49399752,126.8405194
힐파빌리온, 오류동 9-9,37.4956658,126.8412761
오렌지카운티을지로, 오장동 145-1,37.56523799,127.0014087
코발트팰리스, 오장동 90-24,37.56409799,126.9998982
정석그라시아, 오장동 90-8,37.56426231,126.9996136
성원상떼뷰, 옥수동 475,37.5406127,127.0117444
The Mark, 용답동 228-8,37.5614289,127.0604645
어반 오피스텔, 용답동 229-10,37.56120561,127.0620238
용답동 큐브스테이트, 용답동 229-11,37.5612665,127.0615984
신창비바패밀리, 용답동 232-1,37.56128894,127.0633753
(233-8), 용답동 233-8,37.56069724,127.0656046
삼호오피스텔, 용답동 236-5,37.56020148,127.0690788
서희스타힐스리버파크, 용답동 238-12,37.55972443,127.0694933
오르세오피스텔, 용답동 238-2,37.5596191,127.0681075
랜드마크타워1, 용두동 100-1,35.09487738,126.8208815
동대문 베네스트, 용두동 100-8,36.96296552,127.8839863
동대문한양아이클래스, 용두동 112-8,37.57772867,127.0313773
(130-12), 용두동 130-12,37.57816961,127.0310503
바인르미에르, 용두동 130-4,36.33094339,127.4040368
두산베어스타워, 용두동 138-41,37.57857186,127.0323425
신설동역대우아이빌(236-1), 용두동 236-1,37.62281805,126.8834027
신설동역대우아이빌(236-4), 용두동 236-4,37.57695784,127.0289718
청계 한양아이클래스, 용두동 255-49,37.57071915,127.0284558
창보리버리치, 용두동 255-58,37.57024275,127.0306907
청계 다우아트리체, 용두동 255-71,37.57082459,127.0327046
에이플러스빌, 용두동 40-35,37.61520742,126.8939087
삼영 오피스텔, 용두동 740-10,37.62337198,126.8805802
동의보감타워, 용두동 787,37.57780837,127.0376954
한방천하-용두동 포스빌, 용두동 788,37.62309962,126.8801093
용문 하이오피스텔, 용문동 10-4,37.53671837,126.9611563
"	(728)	", 우면동 728,37.46357416,127.0250898
서초 디벨리움 오피스텔, 우면동 755,37.45676743,127.0153731
주건축물제1동, 우면동 759,37.45720943,127.0156857
미라쉘, 우면동 765,37.45645804,127.0159132
서초리슈빌S글로벌, 우면동 787,37.45972524,127.0244888
코윈 팔레스뷰 오피스텔, 원남동 95,37.57551009,126.9976854
디아뜨 센트럴, 원효로1가 112-4,37.54097028,126.9703485
용산1차휴먼타운, 원효로1가 120-20,37.53899525,126.969656
용산2차휴먼타운, 원효로1가 120-22,37.53886558,126.9694961
하람 휴, 원효로1가 28-10,37.53895255,126.9671233
용산파크뷰, 원효로1가 46-3,37.54019758,126.9685883
아인하우스, 원효로3가 277-36,37.53260389,126.9551904
e테크밸리, 원효로3가 51-37,37.53330952,126.9576307
카펠라오피스텔, 월계동 366-3,37.6251117,127.0602575
모두스타빌, 월계동 379-17,37.62346843,127.0606618
(383-19), 월계동 383-19,37.62275091,127.0596225
을지 웰 라이프, 을지로4가 187-9,37.56618876,126.9990225
정건벨라지오오피스텔, 을지로5가 20-1,37.56710868,127.0018248
삼성골드캐슬, 을지로5가 273-2,37.56659089,127.0019095
삼성파크빌, 을지로5가 39-1,37.56737015,127.002747
대성을지로오피스텔, 을지로5가 77-2,37.56651843,127.0033405
파인빌딩, 응암동 103-20,37.59888593,126.9215025
래디앙, 응암동 109-12,37.59937453,126.9211861
동인에버빌, 응암동 109-15,37.59931929,126.9208865
웨스트원 응암, 응암동 109-2,37.6000532,126.9217611
위산 일리온시티, 응암동 110-1,37.59988518,126.92068
신아굿모닝빌, 응암동 110-27,37.59937357,126.9202215
삼영N캐슬, 응암동 110-38,37.59924626,126.9196473
송원하이본, 응암동 111-1,37.59945487,126.918886
아름빌, 응암동 111-12,37.59901993,126.918268
하나테크빌, 응암동 111-13,37.59937681,126.9182129
백명TRENDY, 응암동 111-14,37.5992084,126.9177611
벽계화이트파크, 응암동 111-18,37.59897911,126.918134
대신텔, 응암동 111-57,37.59898646,126.9185966
백명 TRENDY, 응암동 111-61,37.59929733,126.9176903
네오라이프, 응암동 113-23,37.59749831,126.916453
대원아크로빌, 응암동 113-9,37.59809911,126.9167902
예지타운, 응암동 115-18,37.59881375,126.9192475
연일오피스텔, 응암동 115-31,37.59892086,126.9197338
미성드림투유, 응암동 116-15,37.59840081,126.9200128
"	(116-20)	", 응암동 116-20,37.59826727,126.9199202
첼라 오피스텔(117-39), 응암동 117-39,37.59646499,126.9186207
O.K 팰리스, 응암동 118-39,37.5973103,126.9175503
"	(118-49)	", 응암동 118-49,37.59699295,126.9172722
"	(120-14)	", 응암동 120-14,37.59629033,126.9176714
거성리젠시, 응암동 121-52,37.5962686,126.9170669
"	(122-6)	", 응암동 122-6,37.59658702,126.9162139
세영갤러리, 응암동 124-37,37.59469667,126.9176634
아우르미, 응암동 125-11,37.59430595,126.916811
거성리젠시, 응암동 126-10,37.59459517,126.9161132
디우 아르떼, 응암동 126-47,37.59450408,126.9166444
"	(20-2)	", 응암동 20-2,37.60016447,126.9357917
청수Ⅱ빌딩, 응암동 21-3,37.60002541,126.9358855
이레오피스텔, 응암동 30-1,37.599238,126.9365177
디우아르떼빌, 응암동 353-10,37.59031357,126.9182324
디우아르떼빌, 응암동 354-3,37.59046685,126.9180472
동인에버빌, 응암동 366-6,37.59105698,126.9185085
"	(427-113)	", 응암동 427-113,37.59452335,126.9186486
응암하이빌, 응암동 427-42,37.59502161,126.9188851
위산렉스빌, 응암동 589-9,37.59058787,126.9160432
"	(599-4)	", 응암동 599-4,37.58906387,126.916316
뉴캐슬, 응암동 601-24,37.58875532,126.9173125
"	(678-3)	", 응암동 678-3,37.58614062,126.9218972
현대아트빌, 응암동 84-30,37.60209474,126.9260084
한성벨라트리, 응암동 85-14,37.60177211,126.9249911
건우캐스텔, 응암동 88-29,37.60098504,126.9215441
응암아네스트, 응암동 88-8,37.60052109,126.9215347
캐스텔가든, 응암동 89-1,37.60135954,126.9212344
힐 오피스텔, 응암동 89-30,37.60080172,126.9210601
CJ드림시티(91-7), 응암동 91-7,37.59971219,126.9178155
CJ드림시티(91-8), 응암동 91-8,37.59954772,126.9172249
해들목휴먼빌, 응암동 96-35,37.60044778,126.9255781
바비엥-2, 의주로1가 25-10,37.56530582,126.9679629
한남파크뷰, 이태원동 130-11,37.53353451,126.9937318
(33-6), 익선동 33-6,37.5749463,126.9887253
BIZ-WELL 종로 오피스텔, 익선동 34,37.57440679,126.9886527
효성주얼리시티, 인의동 48-2,37.57155753,126.9987177
건대 메이저 캐슬, 자양동 219-24,37.53659605,127.0811376
제이 타워, 자양동 219-8,37.5365487,127.0821793
"	(224-12)	", 자양동 224-12,36.33403701,127.4426753
더샵스타시티, 자양동 227-7,37.53781043,127.0725908
제이원하이텔, 자양동 608-21,37.53269957,127.075852
아스하임, 자양동 626-3,37.5357306,127.0832156
큐브스테이트, 자양동 680-12,37.53619054,127.0847591
결, 자양동 680-6,37.53603097,127.0844101
자양오피스텔(767-4), 자양동 767-4,37.53984011,127.0829154
타워더모스트광진아크로텔, 자양동 779,37.53749891,127.0822632
금강태극빌, 자양동 779-3,37.53725376,127.0820949
드림타운, 자양동 794,37.53773978,127.0773429
광진트라팰리스, 자양동 854,37.53191731,127.0679595
래미안프리미어팰리스, 자양동 859,37.53771272,127.08155
올림픽타워, 잠실동 175-12,37.51143628,127.0804783
잠실 포레디움, 잠실동 176,37.51119618,127.0792372
잠실동 렉스빌2차, 잠실동 176-2,37.51091326,127.0793032
"	(176-8)	", 잠실동 176-8,37.51085064,127.0795192
잠실 M타워, 잠실동 178-6,37.51107284,127.0804102
잠실아이파크, 잠실동 194,37.51005687,127.0800351
팍스빌딩, 잠실동 249,37.50545317,127.0869101
(249-10), 잠실동 249-10,37.50530479,127.0868988
(249-2), 잠실동 249-2,37.50533984,127.0873273
뜨레피움2차, 잠실동 250,37.50513706,127.086678
(250-7), 잠실동 250-7,37.50511292,127.0880737
소미골드라인, 잠실동 251-11,37.50538955,127.088311
The Cubee, 잠실동 251-13,37.50563934,127.0885242
동명하이텔, 잠실동 251-9,37.50578563,127.0888872
(294-23), 잠실동 294-23,37.50553239,127.0784907
(336-16), 잠실동 336-16,37.5043526,127.0865138
잠실포스코더샵, 잠실동 336-5,37.50417728,127.0872851
뜨레피움1차, 잠실동 336-8,37.50389144,127.0872723
갤러리아팰리스, 잠실동 40,37.51109102,127.0938817
신사샤르망에스, 잠원동 15-4,37.51574278,127.0173866
씨티21, 잠원동 76,37.50723397,127.0007596
크레신타워-Ⅰ, 잠원동 8-24,37.51809169,127.0185089
(218-11), 장위동 218-11,37.61854917,127.0442606
모아 뉴캐슬, 장위동 50-33,37.61213827,127.0582272
씨엠오스빌, 장위동 50-35,37.61208419,127.0580155
석계역 한일노벨리아시티, 장위동 8-2,37.61359483,127.0610645
제이매크로 타워, 저동2가 7-2,37.5651469,126.9905411
광화문 플래티넘, 적선동 156,37.57443854,126.9735586
정안타워빌, 정릉동 480-1,37.60291594,127.0120876
월드 오피스텔II, 정릉동 882-5,37.60856653,126.9985329
르메이에르종로타운1, 종로1가 24,35.87134383,128.590716
라움하우스, 종암동 3-1123,37.60009848,127.0345156
로얄파크빌, 종암동 3-1278,37.59941427,127.0355261
우암에이스타워, 중계동 143,37.66024917,127.0753252
새롬스타빌, 중계동 360-12,37.64849501,127.0762978
"	(506)	", 중계동 506,37.63992867,127.0642607
씨앤미, 중계동 509-1,37.64074924,127.0682362
리아리움더언타워, 중곡동 157-17,37.55740354,127.0807752
아스하임, 중곡동 157-6,37.55720602,127.0804368
"	(158-4)	", 중곡동 158-4,37.557614,127.081019
좋은사람 좋은집, 중곡동 190-3,37.56747545,127.0786512
아뜰리에, 중곡동 341-3,37.55695061,127.0817569
비버리캐슬, 중곡동 41-33,37.56186156,127.082438
정익제이타워1차, 중곡동 639-4,37.55829179,127.0777106
정익제이타워2차, 중곡동 639-6,37.55811355,127.0780146
아지(AZ)0213, 중곡동 648-14,37.55818186,127.0795712
와이위드미, 중곡동 648-19,37.55841787,127.0796622
지·오오피스텔, 중곡동 92-3,37.55588164,127.0885214
더샤이닝, 중화동 208-16,37.59439771,127.0752569
중화동 범양프레체, 중화동 208-4,37.59448225,127.0758851
탑클래스2차, 중화동 305-59,37.60194972,127.0788684
이룸스페이스, 증산동 163-10,37.58590746,126.9113681
은평뉴타운솔하임, 진관동 60,37.63967039,126.9180952
은평뉴타운엘크루, 진관동 65,37.64268737,126.9212089
은평뉴타운 꿈에그린, 진관동 66,37.64017574,126.9200314
웅신 미켈란의아침, 진관동 73,37.6352747,126.91962
EQ빌딩, 창동 13-2,35.18604155,128.5591368
창동 SR스타빌, 창동 135-28,37.65251829,127.0471354
플러스 오피스텔, 창동 181-46,37.65934226,127.0455965
타임프라자, 창동 296-1,37.61368357,128.3788595
창동신원리베르텔, 창동 338,37.61679984,128.3802523
창동 한원 힐트리움51, 창동 442-51,37.64225837,127.0411555
파크힐, 창동 443-4,37.61174836,128.3730852
ESA홈타운, 창동 585-1,37.61058832,128.3649797
우성하우스빌, 창동 603-5,37.61044594,128.3626928
노블캐슬오피스텔, 창동 621-4,37.6460587,127.036796
북한산 드림시티, 창동 623-48,37.64441196,127.0362183
북한산 파크, 창동 623-6,37.64502241,127.036675
북한산현대홈시티(624-1), 창동 624-1,37.60467663,128.3563645
태솔유니크빌, 창동 624-15,37.6070811,128.3568138
황지 클래스, 창동 629-25,37.64363348,127.0355395
창동 투웨니퍼스트, 창동 630-5,37.64286605,127.0356209
삼일맨션, 창동 632-1,36.64279503,128.1951657
대원쉐르빌11차, 창동 632-29,37.64052073,127.0349791
The H 2차, 창동 635-31,37.64189944,127.0343332
북한산현대홈시티(647-1), 창동 647-1,37.6443421,127.033728
북한산현대홈시티(647-11), 창동 647-11,37.64401521,127.0342814
야베스오피스텔, 창동 650-32,37.64604506,127.0338503
보성오피스텔, 창동 655-28,37.64660249,127.0342685
"	(659-2)	", 창동 659-2,37.60974112,128.3591937
쌍문하이빌, 창동 659-21,37.64883505,127.0356747
삼성쉐르빌퍼스티, 창동 659-29,37.64791879,127.0347729
"	(661-5)	", 창동 661-5,37.64997548,127.0363567
월가타워, 창동 7,37.62043697,128.3947181
DH-D타워, 창동 715-22,37.65471769,127.0398115
JINI vill, 창동 715-9,37.65562127,127.0394239
탑클래스, 창동 731-113,37.6568787,127.0405538
부강애스테이, 창동 731-123,37.65689679,127.0411863
(744-1), 창동 744-1,37.66147079,127.0478854
라르플레이스1단지, 창동 749-14,37.65991455,127.0418574
라르플레이스2단지, 창동 749-15,37.65981432,127.0423015
종로 웰라이프, 창신동 302-1,37.5730226,127.0144167
아남오피스텔, 창천동 20-41,37.55624677,126.9392853
신영스카이텔, 창천동 20-51,37.55618176,126.9390044
신촌 르메이에르타운5, 창천동 29-81,37.5560563,126.938258
홍익사랑, 창천동 490,37.5612256,126.9272731
창천오피스텔, 창천동 92-7,37.56053991,126.9330764
경선파인 오피스텔, 창천동 97-64,37.5615502,126.9321067
더메종277, 천왕동 277-6,37.48140446,126.8388173
신구오피스텔, 천호동 151-2,37.53848022,127.1356311
한성하우징, 천호동 155-3,37.53748437,127.13514
강동역두산위브센티움, 천호동 155-5,37.53721294,127.1346996
정암하이빌, 천호동 161-17,37.53717045,127.1338511
S.I 팰리스, 천호동 163-15,37.53783309,127.1341943
성우스타팰리스, 천호동 163-30,37.53801302,127.1338456
다성이즈빌, 천호동 163-5,37.53816193,127.1331775
현일 디와이디, 천호동 163-7,37.53797376,127.1330602
하이브2, 천호동 164-70,37.53721313,127.1332596
선경오피스텔, 천호동 165-1,37.53853796,127.1321753
1동(166-100), 천호동 166-100,37.53862756,127.1316931
천호동 오피스텔, 천호동 166-107,37.53833891,127.1308409
다성 이즈빌, 천호동 166-59,37.53972068,127.1316563
다성 이즈빌, 천호동 167-102,37.53908926,127.1322714
아이파크뷰, 천호동 167-104,37.53923743,127.1323448
주성아파텔, 천호동 167-117,37.5395713,127.1323316
루체167, 천호동 167-122,37.53911549,127.132036
더존예가, 천호동 167-134,37.53876045,127.1321894
케이디천호, 천호동 167-147,37.53929529,127.1332023
에코 타워빌, 천호동 167-153,37.53938731,127.1329822
더존캐슬, 천호동 167-156,37.53911934,127.132786
더존하우스, 천호동 167-159,37.53921856,127.1327641
다성 이즈빌, 천호동 167-17,37.53900107,127.1336682
예건네스빌, 천호동 167-175,37.53915613,127.1326094
다성이즈빌, 천호동 167-2,37.53893578,127.1327368
아이빌리지, 천호동 167-43,37.53909442,127.1338551
다성 이즈빌, 천호동 167-57,37.53882022,127.1323136
에스아이팰리스, 천호동 167-73,37.53947329,127.1318245
다성 이즈빌, 천호동 167-97,37.53939442,127.132545
(169-1), 천호동 169-1,37.53847778,127.133441
성우스타팰리스, 천호동 169-12,37.53821626,127.1343258
다성 이즈빌, 천호동 169-6,37.5383958,127.1337968
다성 이즈빌, 천호동 169-9,37.53836481,127.1339168
천호네스빌, 천호동 170-2,37.53870301,127.1335798
"	(287-5)	", 천호동 287-5,37.54935981,127.1281679
성우스타팰리스, 천호동 361,37.54490816,127.1277122
두산위브센티움, 천호동 414,37.53945597,127.1269614
엘림스퀘어II, 천호동 416-12,37.54031876,127.1263075
천호역 한강 푸르지오시티, 천호동 425-3,37.54032288,127.1257954
대우 한강 베네시티, 천호동 425-5,37.5405766,127.1249144
"	(431-5)	", 천호동 431-5,37.53997631,127.1234604
쌍용플래티넘리버, 천호동 432-10,37.54032955,127.1235139
대동피렌체리버, 천호동 442-34,37.54115353,127.1239504
힐탑프라자, 천호동 449-49,37.53661744,127.1313541
강동 상떼빌, 천호동 450,37.53701777,127.1304343
오피스텔 트레벨, 천호동 451-20,37.53724951,127.129497
미사 아름채 아파트, 천호동 452-15,37.53839905,127.1282524
비전그린오피스텔, 천호동 452-21,37.53830164,127.1285742
어바니엘, 천호동 452-22,37.53822274,127.1288668
엘림스퀘어, 천호동 452-5,37.53801529,127.1288808
드림하우스, 천호동 452-6,37.53808943,127.12868
한강리버빌, 천호동 466-3,37.5420944,127.1212532
프라임빌딩, 천호동 50-13,37.54316718,127.1416991
상떼 오피스텔, 천호동 554-2,37.54026994,127.1296578
스카이캐슬라, 천호동 562,37.53959384,127.1306207
더결블레스, 천호동 562-2,37.5394067,127.1306978
천호태영, 천호동 566,37.53820191,127.1299581
더 리버스 청담, 청담동 130-8,37.52434538,127.0553268
"	(46-3)	", 청담동 46-3,37.51927301,127.0488883
경원오피스텔, 청담동 5,37.52358556,127.045061
아노블리81, 청담동 91-2,37.52387933,127.0416188
용산 다올 노블리움, 청파동3가 80-6,37.54191605,126.9703422
명동 엠퍼스트플레이스, 충무로2가 48-2,37.56282768,126.9899359
엘크루 메트로시티, 충무로3가 49,37.56238453,126.9926919
이지마루 충무로, 충무로5가 36-19,37.56329143,126.9994708
충무로엘크루메트로시티2, 충무로5가 36-2,37.56338224,127.0000017
서대문 디오빌 오피스텔, 충정로2가 192,37.56411501,126.9648903
충정리시온, 충정로3가 465,37.56028059,126.9648221
스타빌딩, 필동1가 22-2,37.56084285,126.9922287
파크뷰타워, 필운동 285-5,37.57570564,126.969485
삼정 이오니아, 하계동 256-13,37.63984927,127.0739265
센트라스, 하왕십리동 1070,37.56633795,127.0284459
왕십리 모노퍼스 주상복합, 하왕십리동 286-2,37.5695443,127.0293187
동인드림힐스, 하왕십리동 890-181,37.56424858,127.0285565
리오파크 오피스텔, 하왕십리동 898-2,37.56466068,127.0274819
동인 레반트 오피스텔, 하왕십리동 903-3,37.56422574,127.0290049
HK팰리스, 하월곡동 90-1261,37.60553931,127.032205
명남더블레스, 하월곡동 90-1817,37.60561306,127.0325486
웰유, 하월곡동 90-219,37.60409492,127.0324419
갤럭시하월곡, 하월곡동 90-260,37.60408388,127.0328262
라움하우스 월곡, 하월곡동 90-713,37.60351844,127.0329957
용산파크자이, 한강로1가 50-1,37.53671843,126.9725498
대우 월드마크 용산, 한강로1가 64,37.53717864,126.9729648
한강로 대우아이빌, 한강로2가 2-11,37.53153689,126.9690918
위너스타워, 한강로2가 2-132,37.53133941,126.9687282
한강현대하이엘, 한강로2가 2-36,37.53048491,126.9680435
용산 토투벨리, 한강로2가 2-37,37.5302122,126.9677939
한강로벽산메가트리움, 한강로2가 2-8,37.5321925,126.9697917
대우디오빌한강로오피스텔, 한강로2가 312-4,37.5303104,126.9684868
아스테리움 용산, 한강로2가 419,37.52763975,126.9688649
용산푸르지오써밋, 한강로2가 420,37.52720982,126.9652833
한강대우트럼프월드3, 한강로3가 65-230,37.52315121,126.9629074
"	(726-116)	", 한남동 726-116,37.54118344,127.0040615
SK리쳄블, 합동 116,37.56126368,126.9661891
충정로대우디오빌, 합동 117,37.56079507,126.9655972
성동샤르망, 행당동 192-29,37.56488897,127.0367835
(286-24), 행당동 286-24,37.56114564,127.0343408
왕십리 큐브스테이트, 행당동 286-25,37.56105097,127.0342529
퍼스트에비뉴, 행당동 286-38,37.56106363,127.0340313
왕십리역이스타빌, 행당동 287-15,37.56120627,127.0345929
1동, 행당동 292-28,37.56110174,127.0333245
코지펠리스, 홍은동 165-2,37.59627466,126.9386931
서대문 노블루체, 홍은동 274-32,37.5807404,126.9358169
동림오벨리스크, 홍은동 396-25,37.57988415,126.9288529
디에이원파크, 홍은동 400-3,37.58237258,126.9257511
A동, 홍은동 400-6,37.58212296,126.9259989
신영오피스텔, 홍은동 427,37.58201754,126.9366856
뉴센트빌, 홍익동 125-1,37.56572727,127.0358939
뉴센트빌, 홍익동 144,37.56511503,127.0357355
비앤리베스텔, 홍익동 146-1,37.56544337,127.0357781
세검정아트오피스텔, 홍지동 104-21,37.59919303,126.9607108
서명더퍼스트, 화곡동 1026-25,37.54496836,126.837588
경동엠파이어시티 101동, 화곡동 1051-1,37.54289199,126.8387996
아델리아Ⅴ, 화곡동 105-370,37.54145462,126.8422767
화곡투웨니퍼스트, 화곡동 105-378,37.54125187,126.8420945
화신오피스텔, 화곡동 105-398,37.54105311,126.8419337
세명 더블라썸, 화곡동 1063-10,37.54243039,126.8415453
"	(1063-17)	", 화곡동 1063-17,37.5426608,126.8416014
동인쉐르빌, 화곡동 1063-5,37.5425776,126.8413439
서안EZtel, 화곡동 1063-8,37.54252521,126.8417342
강서2차 크라운팰리스, 화곡동 1070-11,37.53994382,126.8352966
거영오피스텔, 화곡동 1073-9,37.5404165,126.8372806
그린오피스텔, 화곡동 1074-20,37.54077794,126.8393277
오피스텔(1075-18), 화곡동 1075-18,37.54085301,126.8402626
월드빌, 화곡동 1075-20,37.54079895,126.8404064
디아인스, 화곡동 1075-27,37.54081073,126.8405804
(1075-5), 화곡동 1075-5,37.54113582,126.8400971
한나일프레이즈, 화곡동 1097-6,37.55358922,126.8504687
예가채 Ⅱ, 화곡동 1105-10,37.55266108,126.8497976
우장산 자하클래식, 화곡동 1105-3,37.55255538,126.8499395
연우넥스트뷰, 화곡동 1107-3,37.55475564,126.8538913
연우넥스트파크뷰, 화곡동 1110,37.55484878,126.8526313
SJ라벨라, 화곡동 1111,37.55494333,126.8523299
경동엠파이어스테이트, 화곡동 1111-3,37.55430052,126.8518591
포유, 화곡동 1111-4,37.55402897,126.8517158
지엠벨리, 화곡동 1116-5,37.55344841,126.8512916
킹덤그레이스, 화곡동 111-84,37.54504189,126.8440282
강서 동도센트리움, 화곡동 1161,37.55467617,126.8528944
"	(24-103)	", 화곡동 24-103,37.54612749,126.8463612
"	(24-104)	", 화곡동 24-104,37.54606034,126.8464931
아델리아I, 화곡동 24-140,37.54533707,126.846342
리젠트라움-화곡, 화곡동 24-152,37.5457115,126.8471134
자하클래식, 화곡동 24-39,37.5480899,126.8468123
BK힐타운 화곡, 화곡동 24-43,37.54757364,126.8466773
대흥오피스텔, 화곡동 24-53,37.54696177,126.8470579
포엠빌, 화곡동 24-65,37.54678907,126.8460159
더플러스, 화곡동 24-76,37.54630454,126.8468894
아덴하임, 화곡동 24-92,37.54625476,126.8454706
동인오피스텔, 화곡동 29-39,37.54675142,126.847483
화성오피스텔(29-45), 화곡동 29-45,37.54647541,126.8477107
화성오피스텔(29-46), 화곡동 29-46,37.54640195,126.8478572
화성오피스텔(29-62), 화곡동 29-62,37.54600586,126.8481155
"	(343-66)	", 화곡동 343-66,37.53071653,126.8465722
멀티하우스, 화곡동 350-37,37.53380863,126.845167
골든빌, 화곡동 367-51,37.53809596,126.8419993
덕용팰리체, 화곡동 371-21,37.53692368,126.8381915
에이탑, 화곡동 400-51,37.5381673,126.8405802
에이탑오피스텔, 화곡동 70-5,37.54555685,126.8451187
우장산투웨니퍼스트, 화곡동 72-3,37.54732539,126.8462359
씨앤케이, 화곡동 779-9,37.53200185,126.8620473
(899-19), 화곡동 899-19,37.53023863,126.8462199
세림, 화곡동 899-2,37.53024886,126.8466967
양지샤인아파트, 화곡동 899-21,37.53018006,126.8460664
GM Valley, 화곡동 899-27,37.53036776,126.8455711
엠타워, 화곡동 899-29,37.53034358,126.8458919
동양하우징, 화곡동 899-4,37.53002905,126.8468008
월드오피스텔, 화곡동 899-43,37.53037168,126.84624
스위트132드림하우스, 화곡동 900-32,37.52996419,126.8454345
KM파크빌, 화곡동 903-11,37.52930436,126.847421
제이투오피스텔, 화곡동 903-5,37.52926956,126.8475854
화곡팰리스, 화곡동 904-3,37.52902431,126.8478101
"	(908-4)	", 화곡동 908-4,37.52794566,126.8470348
세교예지안5차, 화곡동 914-32,37.52910467,126.8445706
우공팰리스, 화곡동 916-32,37.52936115,126.8432915
천우네오젠 9차 및 오피스텔, 화곡동 916-6,37.5293898,126.8429541
삼성다빈치, 화곡동 917-14,37.52938948,126.8438295
세림아파트, 화곡동 917-4,37.52984012,126.8439598
베스트빌(917-7), 화곡동 917-7,37.52944142,126.8441296
청솔펠리스, 화곡동 920-16,37.53008299,126.8418454
청담라인씨티, 화곡동 920-17,37.53009481,126.8420349
(920-5), 화곡동 920-5,37.53014446,126.8424284
해평스퀘어, 화곡동 922-11,37.52939729,126.8404673
리치아파트, 화곡동 924-1,37.52969675,126.8420079
세교예지안6차, 화곡동 924-15,37.52911388,126.8415584
리치아파트 102동, 화곡동 924-24,37.52968663,126.8418064
세교예지안2차, 화곡동 925-11,37.52954164,126.8425763
아델스하임, 화곡동 925-22,37.52917403,126.8422984
"	(925-3)	", 화곡동 925-3,37.529637,126.8427159
메종드로제, 화곡동 926-3,37.52881777,126.842629
한양아이클래스, 화곡동 926-5,37.52885586,126.8419326
골든라인씨티, 화곡동 935-15,37.52854719,126.8393811
에스엠케이오피스텔, 화곡동 937-13,37.52931458,126.8390899
대성케이제이, 화곡동 937-14,37.52935112,126.8389582
창우이지스1, 화곡동 937-24,37.52954948,126.8395071
도양라비앙오피스텔, 화곡동 937-7,37.52934803,126.8398253
에스엠케이아파트, 화곡동 938-23,37.52997791,126.8395096
(938-3), 화곡동 938-3,37.5298025,126.8398336
웰타운B, 화곡동 938-5,37.52976003,126.839706
늘예솔하우스, 화곡동 938-9,37.52979577,126.8394133
서광프리메라, 화곡동 981-1,37.55031269,126.8487498
엠제이타운, 화곡동 981-3,37.55003412,126.8484452
넥시티, 화곡동 981-5,37.54993395,126.8486367
거산풀하우스, 화곡동 982-12,37.54927526,126.8481376
동도 센트리움 오피스텔, 화곡동 982-13,37.54915563,126.8478122
크라운뷰, 화곡동 982-17,37.54897585,126.8475278
강서구청 파크뷰 에버, 화곡동 987-1,37.55099572,126.8484764
강서크라운팰리스, 화곡동 998-5,37.55175373,126.8492508
아스하임, 화양동 111-102,37.54746342,127.0720674
BLUE SKY, 화양동 111-73,37.54704059,127.072355
(111-88), 화양동 111-88,37.54566142,127.0737273
광진 코지웰, 화양동 113-1,37.54703068,127.0718473
화양동 동도센트리움 캠퍼스파크, 화양동 116-2,37.5475994,127.070902
아스하임, 화양동 17-16,37.54711367,127.0700184
세종에버그린, 화양동 17-68,37.54663654,127.0692959
세종에버그린, 화양동 17-92,37.54652383,127.0692353
화양 디펠리체, 화양동 18-9,37.54781158,127.0696405
하이뷰오피스텔, 화양동 193,37.54739165,127.0723016
SHEEL TOWER, 화양동 19-52,37.54710365,127.0688339
광진안틸리아, 화양동 20-5,37.54723631,127.0680814
광진안틸리아, 화양동 20-8,37.54717998,127.0678619
광진캠퍼스시티, 화양동 21-20,37.5478192,127.0678763
케이타워 오피스텔 B, 화양동 21-22,37.54769075,127.0686006
케이타워 오피스텔 A, 화양동 21-23,37.5478072,127.0687088
글로벌시티, 화양동 49-12,37.54167446,127.0663867
캠퍼니안, 화양동 93-3,37.54506946,127.0737479
"	(98-1)	", 화양동 98-1,37.54575722,127.0724461
-1079, 황학동 1079,37.56759226,127.0227915
위너빌(Winnervill), 황학동 1200,37.56772113,127.0214058
벨로하우스황학, 황학동 1565,37.56916647,127.0221512
동광팰리스, 황학동 1572,37.56955691,127.022609
MAVL PLACE, 황학동 1596,37.56911608,127.023268
블루카운티Ⅱ, 황학동 1628,37.56952617,127.0224157
OR Plus Loft 오피스텔, 황학동 1694,37.5701883,127.023171
청계 블루카운티, 황학동 1720,37.57020258,127.0220494
다올노블리움A동, 황학동 1744,37.57032968,127.0210308
다올 노블리움 B동, 황학동 1744-1,37.57018114,127.0209957
골든빌, 황학동 1752,37.56945761,127.0208551
황학동 1931 주거복합 시설, 황학동 1930,37.57004439,127.020347
-2022, 황학동 2022,37.56906422,127.0209492
신당역올리브2, 황학동 2484,37.56562088,127.0226259
하늘드리움, 황학동 656,37.56676766,127.0211787
한양 I-Class, 황학동 787,37.56709782,127.0233009
올리브1, 황학동 808,37.56616957,127.0233281
"	DUO302	", 황학동 819,37.56657321,127.0232798
아미인, 황학동 836,37.56628806,127.022849
신당블루카운티, 황학동 846,37.56630004,127.022522
하늘드리움2차, 황학동 876,37.56668608,127.0219867
황학동 코아루, 황학동 882,37.56670804,127.0224774
센트럴시티대학로, 효제동 167,37.5725341,127.0044892
반도 보라 아이비 타워, 효제동 45,37.57479953,127.0013426
포레스트힐시티, 효제동 65-2,37.57420143,127.0018365
동대문 와이즈 캐슬, 흥인동 119,37.56584496,127.0154676
청계천 두산위브더제니스, 흥인동 13-1,37.56685277,127.0170938
위더스하임, 흥인동 142-1,37.56608449,127.0142203
동대문솔하임, 흥인동 8,37.5677469,127.0163463
리마크빌 동대문, 흥인동 86,37.5660029,127.0165976
