건물명,주소,경도,위도
엠파크, 가락동 166-17,127.133296,37.49712169
송파KCC웰츠타워, 가락동 77-4,127.1221176,37.49572415
한화오벨리스크, 가락동 78-1,127.1218989,37.49484889
인화오벨리아, 가리봉동 135-68,126.8917087,37.47939044
가산하우젠, 가리봉동 137-23,126.8958336,37.47879508
삼부르네상스파크빌, 가리봉동 137-4,126.8948074,37.47890549
램킨푸르지오시티, 가산동 139-3,126.8883758,37.47967329
세림프라미스, 가산동 140-15,126.8901324,37.47826545
라온복합건물, 가산동 140-20,126.889983,37.47845587
몽삐에뜨6차, 가산동 140-23,126.8898877,37.47864848
비즈트위트 바이올렛 5차, 가산동 140-36,126.8898575,37.47812938
가산지웰에스테이트, 가산동 140-9,126.8904994,37.47838377
가산 양우 내안애 애플, 가산동 141-2,126.8911517,37.47889001
리베라움, 가산동 142-59,126.8924792,37.47857116
미라벨, 가산동 142-6,126.8922709,37.47848383
(143-49), 가산동 143-49,126.8906482,37.47794107
가산 지웰 에스테이트 2차, 가산동 143-6,126.8908974,37.47743909
G밸리 노블루체 스위트, 가산동 144-5,126.8909919,37.47666209
(147-10), 가산동 147-10,126.8953543,37.47810737
라비앙 케슬, 가산동 147-33,126.8947726,37.47701151
킹-캐슬, 가산동 147-50,126.8956599,37.47744546
아이캐슬, 가산동 147-6,126.896009,37.47732787
영풍타운, 가산동 149-38,126.8947218,37.47558158
대명 U타운, 가산동 153-7,126.8942583,37.47389394
가산 센트럴 푸르지오 시티, 가산동 233-5,126.890842,37.47553641
금강노블레스, 가산동 234-2,126.8935381,37.47333696
가산더블레스, 가산동 234-41,126.8939134,37.47341786
신현빌B동, 가산동 235-12,126.8917734,37.47321926
세교 예지안 9차, 가산동 235-15,126.8918488,37.47302479
(235-81), 가산동 235-81,126.8911475,37.47269338
신현빌A동, 가산동 235-84,126.8915504,37.47323104
"	(237-16)	", 가산동 237-16,126.889212,37.47336151
세교예지안 7차, 가산동 237-50,126.8901574,37.47264105
공간오피스텔, 가산동 237-9,126.8893285,37.47345432
예다지, 가산동 238-11,126.8881663,37.47243252
원평11차, 가산동 238-117,126.8871502,37.47310727
세움아트빌3차 A동, 가산동 238-55,126.8874234,37.47285321
"	원평빌라트(6차)	", 가산동 239-2,126.887321,37.47410335
서울 디지털 드림타운, 가산동 494-4,126.8761421,37.48202948
이지크라운, 가산동 535-156,126.8753703,37.48205904
가산유미어스오피스텔, 가산동 535-55,126.8756435,37.48178938
G밸리 하우스디 어반, 가산동 535-7,126.8750916,37.48395237
몽삐에뜨, 가산동 547-56,126.8773153,37.47812896
가산 미소지움, 가산동 550-17,126.8788602,37.47632716
한국후지필름 복합주거시설, 가산동 775,126.880211,37.48501692
가산대명벨리온, 가산동 776,126.8777976,37.47844428
(115-6), 가양동 115-6,126.8437637,37.56653976
동양 트레벨 스카이 오피스텔, 가양동 1479-8,126.8508774,37.56371298
휴먼빌, 가양동 1479-9,126.851202,37.56358647
이스타빌2차, 가양동 1480-1,126.8526918,37.56325715
미씨엘로오피스텔, 가양동 1480-4,126.8533323,37.56291528
플래티노, 가양동 187-7,126.8409104,37.57019533
마곡지웰에스테이트, 가양동 194-2,126.8408051,37.57108391
아트리버빌, 가양동 239-8,126.8396571,37.57163826
다솔씨티하임, 가양동 250-2,126.8403779,37.57082709
세종보타닉2차, 가양동 251-2,126.8396711,37.57087688
마곡보타닉투웨니퍼스트, 가양동 257-1,126.8383324,37.57104152
마곡파크뷰에이동, 가양동 275-1,126.8400436,37.57036862
가양글로벌퍼스트, 가양동 448-11,126.8587844,37.560407
갈월동 에이트리움, 갈월동 101-49,126.9724512,37.5415138
그린빌파크, 갈월동 53-19,126.9739337,37.54552788
초원그린빌, 갈현동 325-8,126.9076844,37.61652536
씨케이 리츠빌, 갈현동 456-14,126.9193277,37.61825618
플라잉캐슬, 갈현동 468-4,126.9161297,37.61243059
강일임페리얼타워, 강일동 675-3,127.1741154,37.56538041
강일 테라우드, 강일동 676-1,127.1729798,37.56561812
강일 포디움, 강일동 677,127.1735694,37.56533902
아르페온1, 강일동 677-2,127.1731978,37.56515843
강일큐브, 강일동 679-1,127.1743297,37.5647819
강일리슈빌에스, 강일동 679-3,127.1737404,37.56439984
국일오피스텔, 개봉동 403-15,126.8559376,37.49463059
금강빌딩, 개봉동 403-17,126.8559185,37.49441509
진오피스텔, 개봉동 403-18,126.8559001,37.49422302
우분투포레스트, 개봉동 70-16,126.8467323,37.49782291
라움, 개봉동 70-30,126.8464388,37.49810712
하우징허브럭스, 개포동 1229-10,127.0461937,37.47656396
CCRU오피스텔, 개포동 1229-6,127.0456077,37.4771291
디오빌, 개포동 1236-4,127.0460836,37.47725849
(1237-3), 개포동 1237-3,127.0458535,37.47809764
YH빌리지, 개포동 1237-8,127.0466633,37.47824428
골든빌오피스텔(1246-3), 개포동 1246-3,127.0461104,37.47874477
대청타워, 개포동 13-3,127.0796009,37.49433625
메트하임, 개포동 186-13,127.0671889,37.48905013
종로1가 대성스카이렉스, 견지동 110,126.9824418,37.57248845
견지동빌딩, 견지동 110-32,126.9826978,37.57262354
운현궁 에스케이 허브, 경운동 89-4,126.985297,37.57581896
고덕 센트럴 푸르지오, 고덕동 210-1,127.1700932,37.55767904
대림리더스오피스텔, 고척동 76-183,126.8647886,37.50006627
원메디타운, 고척동 76-38,126.864208,37.49807735
홈런오피스텔, 고척동 76-4,126.8661385,37.49977818
동양오피스텔, 고척동 76-411,126.8659489,37.49972486
블레스하임-ll, 공덕동 108-65,126.9597848,37.54865026
벨로하우스 공덕, 공덕동 111-201,126.958978,37.54791123
공덕 시티하우스, 공덕동 115-45,126.958409,37.54791493
공덕오피스타, 공덕동 12-98,126.960454,37.54944467
"	(15-3)	", 공덕동 15-3,126.9549074,37.54506596
헤이븐 오피스텔, 공덕동 17-67,126.95968,37.54913911
대성힐스오피스텔, 공덕동 26-4,126.9532754,37.54388173
백상프로포즈오피스텔, 공덕동 26-7,126.9601142,37.5496743
DK빌딩, 공덕동 27-4,126.9607131,37.54980855
솔리스타, 공덕동 30-10,126.9604997,37.55029132
YD레지던스, 공덕동 31-1,126.9612281,37.55089623
마포 신영 지웰, 공덕동 461,126.9500645,37.54387311
마포공덕파크팰리스Ⅱ, 공덕동 462,126.9530441,37.5474419
마포현대하이엘, 공덕동 463,126.9543952,37.54980564
공덕푸르지오시티, 공덕동 475,126.9543099,37.54782694
건양오피스텔, 공릉동 383-12,127.0716255,37.62535489
스테이션빌 빌딩, 공릉동 383-7,127.0724007,37.62604194
두보팰리스, 공릉동 568-7,127.073326,37.62264789
엘네스트빌 오피스텔, 공릉동 653-5,127.0788973,37.61916242
북부포커스빌, 공릉동 661-3,127.0773829,37.61875817
로우폴리스, 공릉동 670-11,127.0769159,37.61868084
진주오피스텔, 공릉동 683-20,127.0746111,37.6177014
도균빌딩, 공릉동 684-16,127.0729803,37.61715567
종로1번가, 관철동 155,126.9850884,37.56889733
현대골든텔(102-0), 광장동 102,127.1108903,37.55163381
효성리버카운티, 광장동 108,127.1100352,37.55141439
이성 리베바움, 광장동 117,127.1095659,37.55136065
주성아우라 오피스텔, 광장동 120,127.1092777,37.55077243
성진오피스텔, 광희동2가 194-1,127.0088792,37.56419082
경희궁자이, 교북동 126,126.9613931,37.57157953
한솔로이젠트, 구로동 103-11,126.8896823,37.49612917
네오팰리스, 구로동 103-8,126.8903221,37.49662294
그린플러스 구로 해담채3, 구로동 104-3,126.8910054,37.49697853
그린플러스 구로 해담채2, 구로동 104-6,126.8913809,37.4971739
비즈트위트 레드, 구로동 104-8,126.8917044,37.49708683
동도아르떼빌, 구로동 106,126.8912866,37.49844566
순영웰라이빌1차, 구로동 106-10,126.8916461,37.49800712
대림역포스큐, 구로동 106-2,126.8919836,37.49817403
구로선경오피스텔, 구로동 106-4,126.8923401,37.49773904
비즈트위트 블루, 구로동 107-4,126.8911167,37.49865224
태형팰리스, 구로동 109-1,126.8883906,37.49967958
종인아네스트, 구로동 110,126.8884899,37.5019093
도림두산베어스타워, 구로동 110-4,126.8896405,37.50100477
구로하우비, 구로동 110-5,126.889396,37.50077634
하나세인스톤1차, 구로동 110-8,126.8889838,37.50125411
티타운빌딩, 구로동 1127-22,126.8988813,37.48215162
몽삐에뜨3차, 구로동 1127-25,126.8994353,37.4824537
하나가드리움(1127-38), 구로동 1127-38,126.8994821,37.48236184
"	(1129-9)	", 구로동 1129-9,126.8974897,37.4813882
세종오피스텔, 구로동 1130-21,126.898297,37.48128305
"	골드마인(Ⅲ)오피스텔	", 구로동 1130-23,126.8986576,37.48100087
태천대, 구로동 1131-8,126.8989633,37.48043295
중앙오피스텔, 구로동 1132-26,126.8978047,37.4796686
다온쉐르빌, 구로동 1132-29,126.8975389,37.47965795
"	(1132-46)	", 구로동 1132-46,126.8970698,37.48006356
한나래16차, 구로동 1132-57,126.8962194,37.47881097
"	(1132-59)	", 구로동 1132-59,126.8970501,37.47941177
한라빌리언스 오피스텔, 구로동 182-6,126.8974984,37.48643358
하나가드리움(186-17), 구로동 186-17,126.8981578,37.48643261
예성유토피아(186-7), 구로동 186-7,126.8985999,37.48606307
예성유토피아(187-3), 구로동 187-3,126.899109,37.48561938
예성유토피아(187-4), 구로동 187-4,126.8994928,37.48542342
신도림포스빌, 구로동 26,126.8915402,37.50566326
한영선샤인빌리지, 구로동 3-81,126.8867048,37.50491374
조일뉴타워, 구로동 414-10,126.8830321,37.49356701
신도림 로제리움, 구로동 43-1,126.8914701,37.5034136
비즈트위트 레인보우, 구로동 44-5,126.8917076,37.50215015
비즈트위트 오렌지, 구로동 44-8,126.8913911,37.50211575
신도림 쌍용플래티넘 노블, 구로동 46,126.8914354,37.50113057
하나세인스톤3차, 구로동 46-4,126.8919804,37.50055879
신동아미래지움오피스텔, 구로동 474-1,126.8805797,37.50007512
스위트팰리스오피스텔, 구로동 474-20,126.8813181,37.49899164
"	(494-10)	", 구로동 494-10,126.8826455,37.49910144
대림오피스텔, 구로동 494-54,126.8827653,37.49868067
신성스카이뷰, 구로동 508-7,126.8841932,37.49781532
하이빌골드타워, 구로동 512-2,126.885761,37.49809916
구로에스케이뷰, 구로동 567-4,126.8829218,37.50255749
스타팰리스(603-9), 구로동 603-9,126.8810599,37.5033263
구로동복합건물OPUS1, 구로동 611-26,126.8771218,37.50458707
해오름, 구로동 642-88,126.8767966,37.49878675
SK 허브수, 구로동 650-4,126.8728847,37.49598095
퀸즈파크 구일, 구로동 651-2,126.8721768,37.49662188
근상프리즘팰리스, 구로동 685-204,126.8724284,37.49385301
오피스텔 미래지오, 구로동 810,126.8995161,37.48515024
로제리움2차, 구로동 97,126.8910319,37.49600448
우진체리쉬, 구로동 97-10,126.891965,37.49612726
하나세인스톤2차, 구로동 97-4,126.8919211,37.49647581
코원, 구로동 97-8,126.8921901,37.49624414
국제빌딩, 구로동 97-9,126.8920778,37.4961857
비즈트위트 그린, 구로동 98-10,126.8904447,37.49533733
파인마루오피스텔, 구로동 98-12,126.8902204,37.49522053
마인드에코프라움, 구로동 98-14,126.8900194,37.49511582
대림역 와이즈플레이스, 구로동 98-4,126.8903154,37.49557562
플러스빌(2-16), 구산동 2-16,126.9155218,37.61112135
보성리엔빌, 구산동 2-5,126.9158261,37.61135429
구산아이빌, 구산동 2-8,126.9157206,37.61116213
힐튼렉스빌, 구산동 3-24,126.9149374,37.61149902
뉴아름빌, 구산동 3-3,126.9154589,37.61175415
두진아이브, 구산동 3-50,126.9155284,37.61188984
워너빌, 구산동 3-8,126.9152713,37.61169527
"	(199-14)	", 구의동 199-14,127.0953215,37.54016867
현대13차폴라트리움, 구의동 199-23,127.0946257,37.53943299
(199-8), 구의동 199-8,127.0952363,37.54045555
다성리버텔, 구의동 218-12,127.092726,37.53896484
와이엔 오피스텔, 구의동 218-15,127.0919712,37.5385596
"	(219-17)	", 구의동 219-17,127.0916877,37.5389601
솔렌시아2, 구의동 236-25,127.0846682,37.54294684
리버 비스타 구의, 구의동 243-13,127.0889486,37.5381096
베스트 트레드빌, 구의동 243-2,127.0888012,37.53851673
아스하임, 구의동 243-3,127.0882634,37.5384742
(243-48), 구의동 243-48,127.0886094,37.53845637
구의동 벨라로사 오피스텔, 구의동 243-71,127.0876138,37.53778644
크레신타워3차, 구의동 246-14,127.0843829,37.53704383
아델리아 구의타워, 구의동 251-157,127.0840485,37.54144356
롯데홈타워빌, 구의동 251-16,127.0845461,37.5413125
아하바 하우스, 구의동 251-170,127.0845107,37.54114285
명진센트라임3, 구의동 251-176,127.0841837,37.54078743
솔렌시아, 구의동 251-177,127.083953,37.54124374
광진팰리스, 구의동 251-26,127.0836579,37.54056068
신도브래뉴오피스텔, 구의동 251-34,127.0834879,37.540014
아스하임, 구의동 252-100,127.0839645,37.53872506
웰츠타워, 구의동 252-16,127.08377,37.53818751
센트럴빌, 구의동 253-19,127.0832248,37.54472965
광진해모로리버뷰, 구의동 547-7,127.0921524,37.53334468
평강오피스텔, 구의동 598-2,127.0913271,37.53335086
썬-타워빌딩, 구의동 75-1,127.089552,37.55107941
그랜드파크 오피스텔, 구의동 76-1,127.0893636,37.55137445
구의동 홀가하우스, 구의동 80-29,127.0863374,37.54631386
동원데쟈뷰, 군자동 355-1,127.0683281,37.54924536
"	에피소드 1(Episode 1)	", 군자동 355-5,127.0681348,37.54874648
(473-1), 군자동 473-1,127.0769901,37.55773237
스테이 더 디자이너스 군자, 군자동 473-21,127.0778495,37.55734298
금호힐오피스텔, 금호동1가 1755,127.0257204,37.55166963
재호예향빌, 금호동4가 1028,127.0188558,37.54686872
지앤지타워, 길동 150-1,127.1438622,37.53509491
강동 디앤써밋, 길동 320-2,127.1428996,37.54472747
라온오피스텔, 길동 347-30,127.1424135,37.54114022
더힐스빌, 길동 350-3,127.1432349,37.54070445
노블레스, 길동 383-8,127.1366577,37.53902209
광남벨라스, 길동 385-3,127.1367145,37.53820487
"	(386-8)	", 길동 386-8,127.1373395,37.53770883
다성 이즈빌, 길동 387-2,127.138057,37.53809936
다성 이즈빌, 길동 387-4,127.1384019,37.53816133
길동청광플러스원큐브1차, 길동 387-5,127.138345,37.53800929
다성이즈빌, 길동 388-4,127.1390335,37.53783482
메트로 아파텔, 길동 388-5,127.1388979,37.53747279
다성 이즈빌, 길동 388-7,127.1387398,37.53798067
광남캐스빌, 길동 389-9,127.1393502,37.53765314
경지 Arium, 길동 413-11,127.1380849,37.53643575
"	(413-23)	", 길동 413-23,127.1382799,37.53633303
(413-24), 길동 413-24,127.1383279,37.53623728
아스테르 오피스텔, 길동 413-37,127.1384339,37.53657103
도고하임, 길동 413-54,127.1383842,37.53558396
강동 와이시티, 길동 414-4,127.1374464,37.53649038
강동 큐브 2차, 길동 415-13,127.1361604,37.53662199
청광플러스원큐브3차, 길동 415-16,127.1364838,37.53635905
드림하이츠, 길동 416-13,127.1357329,37.53681485
강동투웨니퍼스트, 길동 416-15,127.135697,37.53669052
솔목오피스텔, 길동 416-4,127.135573,37.53728431
강동역에스케이허브, 길동 445-1,127.1349727,37.535553
일성하이츠오피스텔, 길동 454-1,127.1363347,37.53517167
강동 큐브, 길동 456-3,127.1371006,37.53543713
다성이즈빌, 길동 456-4,127.1370466,37.53529289
청광플러스원큐브2차, 길동 457,127.1369444,37.53512955
강동렘브란트, 길동 457-1,127.1372673,37.53505288
거산 유팰리스, 길동 457-4,127.1372375,37.53479005
비바체하임, 길동 97-5,127.146352,37.5404408
경희궁의 아침 2단지, 내수동 71,126.9712814,37.57395496
경희궁의 아침 3단지, 내수동 72,126.9720837,37.57364515
경희궁의 아침 4단지, 내수동 73,126.9722729,37.5726095
광화문시대, 내수동 74,126.9731567,37.57379438
용비어천가, 내수동 75,126.9732568,37.57341849
노량진 드림스퀘어 복합빌딩, 노량진동 16-1,126.9393907,37.5143262
백명트렌디타워, 노량진동 194-3,126.9485887,37.51274895
노량진큐브스테이트, 노량진동 267-6,126.934649,37.51285927
(39-9), 노량진동 39-9,126.9385336,37.51259235
태영 오피스텔, 노량진동 56-11,126.9413245,37.51266352
메가스터디타워, 노량진동 57-1,126.9416914,37.51292406
"	(131-14)	", 녹번동 131-14,126.9281277,37.60834966
스카이 타워, 녹번동 144-100,126.9235314,37.60698355
에스클래스, 녹번동 144-43,126.9234117,37.60661848
대경아르체, 녹번동 176-3,126.9219527,37.60236052
마하나임, 녹번동 176-4,126.9218544,37.60223941
로하스 오피스텔, 녹번동 176-6,126.9221958,37.60220108
거장메카, 녹번동 183-2,126.9278989,37.60213589
은평 미드스퀘어, 녹번동 19-121,126.9353361,37.6034376
오피스텔수안, 녹번동 27-7,126.9331393,37.60626308
녹번동메카오피스텔, 녹번동 35-21,126.9346626,37.60344236
녹번동오피스텔, 녹번동 35-75,126.9346343,37.60319127
에스엠벨리체, 녹번동 80-8,126.9237564,37.60588771
펠리체, 녹번동 83-11,126.9279277,37.60280858
샹그리라, 녹번동 83-58,126.9284733,37.60266044
다베로, 녹번동 83-62,126.9275977,37.60249461
군자 아델리제, 능동 222-2,127.0810732,37.55614687
(222-7), 능동 222-7,127.0807958,37.55599641
노블레스 빌, 능동 255-18,127.0873631,37.55370483
"	(283-15)	", 능동 283-15,127.0780334,37.55384445
대방오피스텔, 대방동 337-1,126.9290034,37.49918448
대방동 오피스텔, 대방동 385-22,126.9225827,37.50490448
대방주상복합빌딩, 대방동 394-11,126.9274165,37.49996973
원노블레스, 대방동 394-25,126.9274,37.50014929
"	(394-5)	", 대방동 394-5,126.9276226,37.50014453
올리브 빌딩, 대방동 405-8,126.926854,37.49956417
"	(90-1)	", 대신동 90-1,126.945254,37.56483292
엠케이뷰오피스텔, 대조동 15-127,126.9302333,37.60863426
미래하임, 대조동 172-132,126.9202829,37.6096174
위산 엘리시움, 대조동 179-30,126.922333,37.60732014
스타타운, 대조동 186-10,126.9220023,37.61746327
연신내역마에스트로, 대조동 186-25,126.9224314,37.61712098
연신엘피스, 대조동 186-3,126.922208,37.61747078
오피스텔 원, 대조동 186-43,126.9223631,37.61687367
유진 아이디움, 대조동 197-1,126.9207723,37.61786806
경인에버빌, 대조동 197-16,126.9204169,37.61747502
도원빌딩, 대조동 197-20,126.9208117,37.61726341
(197-3), 대조동 197-3,126.9210156,37.6176376
상지하우스, 대조동 197-8,126.9206135,37.61750912
한리옥, 대조동 223-10,126.9180037,37.61307767
보성리엔빌, 대조동 223-3,126.9179897,37.61270758
"	(224-11)	", 대조동 224-11,126.9178969,37.61151877
태경쉐르빌, 대조동 224-7,126.9178929,37.61207724
스타타운 3차, 대조동 26-10,126.9264605,37.60935091
동양빌, 대조동 29-15,126.9257889,37.60940936
유림하이빌, 대조동 31-16,126.9263602,37.6100753
서원피렌체, 대조동 59-46,126.9233931,37.60761085
이지플오피스텔, 대조동 6-42,126.9277092,37.61119548
선릉역 롯데골드로즈오피스텔, 대치동 889-53,127.0507854,37.50417053
더 나인 오피스텔, 대치동 889-56,127.0510449,37.50405185
선릉역 롯데골드로즈2, 대치동 890-59,127.0521002,37.50414844
대치동 대우아이빌 명문가, 대치동 891-23,127.0535343,37.50508126
대치동대우아이빌멤버스, 대치동 891-26,127.053752,37.50463278
대치트레비스타 101동, 대치동 891-38,127.0547186,37.50544252
대치트레비스타 102동, 대치동 891-63,127.0545746,37.50539547
삼환 아르누보2, 대치동 938,127.0546376,37.49743868
신안메트로칸, 대치동 943-24,127.0594368,37.5068837
대치3차 아이파크 오피스텔, 대치동 945-20,127.061824,37.5070496
신촌자이엘라, 대현동 104-36,126.9424725,37.55686475
신촌푸르지오시티, 대현동 104-5,126.942554,37.55743724
신촌 스타게이트, 대현동 110-22,126.9425943,37.55814682
신촌가이아, 대현동 27-20,126.9431569,37.55803113
이대프리젠#3, 대현동 37-15,126.9435753,37.55847593
이대프리젠#4, 대현동 37-24,126.9442179,37.55822492
이대프리젠#1, 대현동 37-30,126.9441628,37.55807259
영타운 지웰 에스테이트, 대현동 37-32,126.9437558,37.55812918
에스엠피렌체, 대현동 37-48,126.944437,37.55841632
이화인비따레오피스텔, 대현동 45-5,126.9470949,37.55725087
더가온 오피스텔, 대현동 56-10,126.9449539,37.55854846
SONG'S 8, 대현동 56-119,126.9450503,37.5584216
파크제이드 이화, 대현동 56-28,126.9451755,37.55823641
이대오늘아침 오피스텔, 대현동 56-63,126.9447894,37.55895866
(56-83), 대현동 56-83,126.9453264,37.5586706
아리움Ⅰ, 대현동 90-15,126.9440261,37.55784419
슈테리움 오피스텔, 대현동 90-22,126.9437553,37.55768833
엔트라리움, 대현동 90-26,126.9436108,37.55768219
블로섬하우스, 대현동 90-36,126.94431,37.55751662
(90-41), 대현동 90-41,126.9441342,37.55750861
이대다올노블리움2차, 대현동 90-42,126.9442157,37.557435
이대프리젠#2, 대현동 90-44,126.9439866,37.55734559
애스턴빌, 대현동 90-50,126.9438543,37.55733787
(90-58), 대현동 90-58,126.9436578,37.55732831
이대 포레스트, 대현동 90-60,126.9445678,37.55710823
파라타워, 대현동 90-70,126.9441122,37.55702335
유씨유 이대, 대현동 90-77,126.9437515,37.55710886
퍼스트빌, 도봉동 596-9,127.0440919,37.67741446
도봉 엠블렘, 도봉동 62-1,127.0480815,37.68258931
도봉 투웨니퍼스트 1단지, 도봉동 62-3,127.0470617,37.68266939
다이아포레, 도봉동 634-6,127.0468462,37.67219466
신한넥스텔, 도선동 14,127.0357587,37.56371712
다남매타워, 도선동 22-1,127.0356157,37.56236582
왕십리렉스프리미엄오피스텔, 도선동 257,127.0328263,37.56315484
렉스오피스텔, 도선동 268,127.032985,37.56322861
J&J빌딩, 도선동 276,127.0332776,37.5632457
비엠빌딩, 도선동 292,127.0314039,37.56370441
W에비뉴타워, 도선동 46,127.0344067,37.56235327
한성아펠타워, 도선동 53,127.0340949,37.56252531
블라썸시티, 독산동 1003-19,126.8900921,37.46589854
명남더블레스, 독산동 1004-13,126.8904119,37.46504234
가산글로벌퍼스트, 독산동 1005-4,126.8929862,37.46437091
중앙하이빌, 독산동 1006-115,126.8933379,37.4650319
빌인사이드파크1, 독산동 1006-118,126.8932167,37.46531733
미림A클래스, 독산동 1006-3,126.8922916,37.46613993
e편한세상 독산 더타워, 독산동 1007-13,126.8963097,37.46582105
팔레스타운, 독산동 1009-61,126.8962611,37.46427706
SD 아크로타워, 독산동 1012-12,126.8986417,37.46843144
서래타운, 독산동 1023-1,126.9016114,37.46758478
리벤하임써밋, 독산동 1031-14,126.8983804,37.46534208
골드캐슬, 독산동 1031-22,126.8982948,37.46503981
돌체비타타워, 독산동 1031-30,126.898324,37.46477361
BK 힐타운, 독산동 1077-24,126.899535,37.45853965
금천 롯데캐슬 골드파크 2차, 독산동 1150,126.8940392,37.45817596
금천 롯데캐슬 골드파크 4차, 독산동 1156,126.8967861,37.46109394
(143-1), 독산동 143-1,126.8970468,37.4782338
영진오피스텔, 독산동 144-4,126.8974502,37.47666919
한영솔레이유시티, 독산동 145-2,126.8982363,37.47689535
"	(149-50)	", 독산동 149-50,126.8972924,37.47313573
SM 벨리체, 독산동 151-3,126.8970375,37.47270158
메이씨티 오피스텔, 독산동 289-12,126.8968155,37.47005074
대동리버파크빌, 독산동 296-60,126.895657,37.47215834
와이피하우스, 독산동 296-7,126.8954929,37.47193551
YP타운, 독산동 298-9,126.8946643,37.47243656
독산동주상복합, 독산동 303-1,126.8914247,37.47213794
우정오피스텔, 독산동 331-4,126.8940446,37.46756786
(331-40), 독산동 331-40,126.8938917,37.46672968
씨티오피스텔, 독산동 332-24,126.8919743,37.46674182
한강빌딩, 독산동 332-37,126.8915463,37.46768426
해송빌딩, 독산동 332-59,126.8917307,37.46773137
"	(333-2)	", 독산동 333-2,126.8909214,37.47002817
메종에떼르넬, 독산동 336-29,126.8878843,37.47104031
GREEN HILL, 독산동 950-5,126.9044697,37.47942563
보성빌딩, 독산동 952-34,126.9023178,37.47928612
삼부르네상스플러스, 독산동 953,126.9004775,37.4785541
로하스타워, 독산동 959,126.9030106,37.47881498
"	(960-11)	", 독산동 960-11,126.9043109,37.47813737
아우르 하우스, 독산동 961-14,126.9038565,37.47673608
메트로시티, 독산동 961-9,126.9040184,37.47753929
우미그린빌, 독산동 962-11,126.9031246,37.47719629
THE VIEW, 독산동 962-42,126.9033155,37.47761797
어반팰리스, 독산동 973-1,126.9033138,37.476391
(974-1), 독산동 974-1,126.903938,37.47605192
드래곤팰리스, 돈의동 41-1,126.990106,37.57232156
"	(121-5)	", 동선동1가 121-5,127.0189616,37.59330918
코아루센타시아, 동선동1가 121-6,127.0191742,37.59304586
더프라임, 동선동1가 124,127.0190188,37.59361908
., 동선동1가 85-65,127.0186633,37.59208971
동선아르텔, 동선동1가 85-66,127.0186644,37.59227045
1, 동선동3가 14-3,127.0200362,37.59505038
엔젤오피스텔, 동선동3가 24,127.0205824,37.59537312
피아빌딩, 동선동3가 40-1,127.0208027,37.59578577
골든타워, 동선동4가 111-1,127.0182383,37.59416073
휴림 빌딩, 동선동4가 127,127.0182622,37.5946867
"	(132)	", 동선동4가 132,127.0183255,37.59458964
-140, 동선동4가 140,127.0178847,37.59412915
영팰리스, 동선동4가 148,127.0176788,37.59430898
동선동 한양수자인, 동선동4가 295-1,127.0201998,37.59589026
벨라미아 오피스텔, 동선동4가 295-4,127.0199729,37.59572206
삼선새마을금고본사 사옥, 동선동4가 53,127.0165102,37.59424708
-118, 동소문동4가 118,127.0114625,37.59125023
흥화브라운 동소문빌딩, 동소문동4가 75,127.0100654,37.59064183
부라다리빙텔, 동소문동4가 75-2,127.01067,37.59086623
아우룸타워(Aurum Tower), 동소문동5가 30,127.014554,37.5920164
돈암동 메트로빌, 동소문동6가 121,127.0149953,37.59278558
해피엔딩 오피스텔, 동소문동6가 143-5,127.0160162,37.59336668
시티플레이스, 동소문동6가 3-1,127.013403,37.5923101
센트레빌아스테리움서울, 동자동 45,126.9732423,37.55169672
트윈시티 남산, 동자동 56,126.9727819,37.55087117
오앤하우스, 둔촌동 425-15,127.1399097,37.53323744
파인하우스, 등촌동 506-23,126.8630071,37.55062231
거산파크빌, 등촌동 506-25,126.8628733,37.5506609
한울팰리스, 등촌동 510-2,126.8630663,37.54853918
등촌동노블리움오피스텔, 등촌동 628,126.8556382,37.56047844
현대프린스텔, 등촌동 628-13,126.856363,37.56008722
강변샤르망1단지, 등촌동 628-16,126.85726,37.55948228
강변샤르망3단지, 등촌동 628-17,126.8568204,37.55913018
트라비하우스, 등촌동 628-18,126.8564668,37.55891918
강변샤르망2단지, 등촌동 628-32,126.8575268,37.55924334
등촌동두산위브센티움, 등촌동 631,126.8613862,37.55740048
어위쉬 예다인, 등촌동 63-12,126.851005,37.5627901
월드파크뷰, 등촌동 632-7,126.8649783,37.55533462
등촌투웨니퍼스트2차, 등촌동 633-17,126.8653351,37.5539096
등촌투웨니퍼스트3차, 등촌동 633-21,126.8657735,37.55379396
등촌동 Y HAUS 오피스텔, 등촌동 633-24,126.8658639,37.55335655
대외그랜드오피스텔, 등촌동 635-5,126.8621032,37.55457939
"	(636-1)	", 등촌동 636-1,126.8606398,37.55648406
HT뉴파인, 등촌동 636-42,126.861722,37.5552577
아줄리움, 등촌동 637-16,126.8586491,37.55664095
라빌라스, 등촌동 637-19,126.8592965,37.5562408
청림오피스텔 별관, 등촌동 637-21,126.8592611,37.55604105
유원더블레스, 등촌동 637-27,126.8582793,37.55656259
ACE A-ZONE, 등촌동 639-8,126.856152,37.55856547
퀸즈오피스텔, 등촌동 641-10,126.8561313,37.5566666
등촌2차 크라운팰리스, 등촌동 641-2,126.8568528,37.55673317
등촌크라운팰리스, 등촌동 641-9,126.856473,37.55656626
신도그랑피아오피스텔, 등촌동 642-2,126.8587398,37.55557481
한울에이치밸리움2차아파트, 등촌동 648-11,126.8642874,37.55194901
비원오피스텔, 등촌동 648-6,126.864982,37.55147202
우림보보카운티뷰, 등촌동 649-14,126.8632494,37.55220647
"	(654-61)	", 등촌동 654-61,126.8566157,37.5547906
경동미르웰한올림, 등촌동 656,126.8535636,37.55726191
경동미르웰한올림, 등촌동 656-1,126.8536294,37.55706059
아이디움, 등촌동 656-36,126.8546962,37.55686995
한빛어반뉴스토리, 등촌동 656-37,126.8549979,37.55677641
킹덤하이너스, 등촌동 656-41,126.8539332,37.5563181
강서메트로칸, 등촌동 656-52,126.8537133,37.55600741
센트럴시티, 등촌동 656-57,126.853887,37.55574173
등촌 미르웰 한올림 3차, 등촌동 656-58,126.8548649,37.55653864
모노씨티빌등촌, 등촌동 658,126.8511307,37.55742603
등촌동성원상떼뷰오피스텔, 등촌동 673-6,126.8400374,37.55878827
효성인텔리안, 등촌동 681-3,126.8401969,37.56339823
뉴스토리오피스텔, 등촌동 683-1,126.8414895,37.56601619
대룡드림타워-1, 등촌동 684-3,126.8414258,37.56662814
경동미르웰양천향교2차, 등촌동 685,126.8422071,37.56662163
경남파크빌, 등촌동 719,126.8620597,37.54579924
동양하우징, 등촌동 721,126.8630326,37.53581587
삼부르네상스, 등촌동 75-1,126.8539604,37.56129271
길훈엔트런스빌, 등촌동 78-7,126.8545887,37.56089509
고운타워, 마장동 474-5,127.0373367,37.57043068
1동(766-25), 마장동 766-25,127.0444289,37.56941854
트레저힐스, 마장동 775-2,127.0401942,37.56538581
트레저힐스, 마장동 775-4,127.0404106,37.56537796
"	(777-3)	", 마장동 777-3,127.0457313,37.56738787
마장동청계아르테미스, 마장동 778-5,127.0463865,37.56590728
서울역 디오빌, 만리동1가 62-7,126.967221,37.55501393
KCC 파크타운, 만리동2가 11-1,126.9662929,37.5550123
청재 수아베, 망우동 133-23,127.106528,37.6003238
TRAUM VILLE 2, 망우동 506-14,127.093623,37.59555491
망우동 YMS 캐슬, 망우동 506-15,127.0934591,37.59550158
"	(506-8)	", 망우동 506-8,127.0933485,37.5956802
효성 써너스빌 에코, 망우동 508-2,127.0943548,37.5971291
나래오피스텔, 망우동 508-32,127.0943299,37.59623208
더하이어, 망우동 508-6,127.0940945,37.59682818
건원 베스트원, 면목동 105-4,127.0895999,37.58863642
성진빌딩, 면목동 105-43,127.0893855,37.58841732
다온스테이트, 면목동 105-8,127.088801,37.58847082
라임타워, 면목동 1094-1,127.0921715,37.57917628
면목동스카이시티, 면목동 1110-13,127.0908596,37.58069177
하이원팰리스, 면목동 116-2,127.0868943,37.58737022
-1203, 면목동 1203,127.0887849,37.58780682
래미안빌, 면목동 149-41,127.0828414,37.58705888
주함해븐타워 원(면목동), 면목동 1541,127.0872932,37.59248674
행복오피스텔, 면목동 1546,127.0942333,37.58963678
어울림 홈타운 5차 주상복합, 면목동 472-56,127.0906466,37.58089254
중랑 지웰 에스테이트, 면목동 538,127.0866147,37.58722503
예인플레이스, 면목동 604-21,127.0868158,37.5813342
(626-31), 면목동 626-31,127.087055,37.57910406
리더스빌딩, 면목동 633-9,127.0868625,37.57938903
성진쉐르빌, 면목동 634-43,127.0876531,37.58003508
서일타운, 면목동 68-2,127.0943426,37.58658688
대우오피스텔, 면목동 72-36,127.093069,37.58938837
다원빌, 면목동 90-27,127.0899395,37.59328064
어반휴6차, 면목동 90-64,127.0914102,37.59359443
고덕역 효성해링턴 타워 더퍼스트, 명일동 46-2,127.1546266,37.55464041
현대델리안오피스텔, 명일동 47-18,127.155952,37.55331114
고덕역 갑을명가시티 오피스텔, 명일동 47-2,127.1547669,37.55405361
한화오벨리스크스위트, 명일동 48-17,127.1558039,37.55197922
서희스타힐스, 명일동 48-7,127.1557455,37.55227095
"	(324-53)	", 목동 324-53,126.8625363,37.54372241
밀레니엄오피스텔, 목동 515-7,126.8760201,37.54672207
목동 아가도스 오피스텔, 목동 516-2,126.8771929,37.546794
목동대우마이빌, 목동 603-2,126.8669298,37.54950688
한울팰리스, 목동 604-9,126.8659444,37.54990458
석경트라움, 목동 605-11,126.8652319,37.55039921
엠제이타운, 목동 605-17,126.8649203,37.55051325
목동팰리스오피스텔, 목동 607-1,126.8647818,37.55030192
파크아리온, 목동 607-22,126.8656383,37.54943456
한울팰리스, 목동 614-9,126.8635616,37.54805413
목동 트라움시티, 목동 621-5,126.8635286,37.54728509
(713-1), 목동 713-1,126.8636789,37.54165168
에이앤캐슬, 목동 713-9,126.8640574,37.5409843
목동오피스텔, 목동 791-21,126.8647277,37.53331017
스카이포레, 목동 905-33,126.876031,37.53182693
현대월드타워, 목동 907,126.8780124,37.53599204
현대파리지앙, 목동 907-10,126.879874,37.53666723
현대파크빌, 목동 907-23,126.8802795,37.53586399
하이베라스, 목동 908-29,126.8817169,37.53748008
향도 드림네스트, 목동 909-4,126.88474,37.53767241
현대하이페리온, 목동 916,126.8750328,37.52685072
목동파라곤, 목동 917,126.8751745,37.52948429
현대41타워, 목동 917-9,126.8757991,37.5281901
목동 성우네트빌, 목동 919,126.8716471,37.53033225
목동 굿모닝탑, 목동 923-15,126.8706956,37.52760008
목동 현대 하이페리온2, 목동 961,126.8698628,37.5242872
유진빌딩, 무학동 7-1,127.0157824,37.564483
진성빌, 묵동 163-28,127.078582,37.615625
EPISODE1(에피소드원), 묵동 163-4,127.0784786,37.61596927
로프트원 태릉입구역, 묵동 169-12,127.0768789,37.61537179
"	(174-32)	", 묵동 174-32,127.0782851,37.61269526
용산 리브, 문배동 10-3,126.9705156,37.5375516
용산KCC웰츠타워, 문배동 11-10,126.9687802,37.5377614
이안 용산1차(11-14), 문배동 11-14,126.969658,37.53749027
이안 용산1차(11-29), 문배동 11-29,126.9703967,37.5378954
G&P 용산파크, 문배동 11-34,126.9694361,37.5377939
지오베르크, 문배동 17-1,126.9674381,37.53741705
용산아크로타워, 문배동 24-21,126.9685721,37.5366826
용산큐브, 문배동 24-4,126.9684061,37.53713434
용산씨제이나인파크, 문배동 24-6,126.969099,37.53605377
프라임펠리스, 문배동 24-8,126.9695386,37.53670609
이안용산프리미어, 문배동 3-3,126.9703088,37.53866948
삼라마이다스빌, 문배동 40-19,126.9690687,37.53834893
리첸시아 용산B, 문배동 40-31,126.9679248,37.53789333
이안 용산1차, 문배동 7-6,126.9698241,37.53805693
송파푸르지오시티, 문정동 620,127.121249,37.48075252
송파한화오벨리스크, 문정동 622,127.119691,37.48011197
송파법조타운푸르지오시티, 문정동 652,,
쎄미앙 오피스텔, 미근동 190,126.9674112,37.56427436
수유역푸르지오시티, 미아동 160-3,127.0239484,37.63422607
방배홈스텔, 방배동 1031-2,126.9993247,37.47834118
"	(1031-3)	", 방배동 1031-3,126.9994495,37.4781723
방배디오슈페리움Ⅰ, 방배동 3001-2,126.9830789,37.48599468
방배 노블루체 서리풀, 방배동 426-1,126.9831147,37.48412635
강임하이빌, 방배동 476-1,126.9879964,37.4776751
멤버스 뷰, 방배동 477-1,126.9874107,37.4773854
방배 리더스빌, 방배동 488-4,126.993118,37.47419426
반포스테이, 방배동 750-10,126.9860863,37.49805288
스튜디오빌, 방배동 750-8,126.9858195,37.49820269
(750-9), 방배동 750-9,126.9859537,37.49812758
반포래디앙 시그니처, 방배동 751-4,126.985414,37.49770951
반포스테이2차, 방배동 751-9,126.9855088,37.49806254
방배아크로리버, 방배동 752-36,126.9846041,37.49788001
롯데캐슬헤론, 방배동 754-1,126.9843016,37.49696349
방배스카이, 방배동 755-7,126.9859584,37.49679704
방배 마에스트로, 방배동 866-10,126.9838884,37.4859857
방배오피스텔, 방배동 980-32,126.9903886,37.47953592
퍼스티안, 방학동 705-17,127.0438941,37.6674725
스카이드림타운, 방학동 715-3,127.0449552,37.66529202
북한산현대렉시온오피스텔, 방학동 719-2,127.0447757,37.66899563
포르텔오피스텔, 번동 417-6,127.0295129,37.63784651
효성네오인텔리안, 번동 418-3,127.0270409,37.6386753
북한산드림캐슬, 번동 448-2,127.0246278,37.63500539
삼보힐, 번동 449-22,127.0239835,37.63494008
대원파크빌, 번동 460-15,127.0308441,37.63771933
이-파크, 보문동2가 111,127.0191671,37.58488182
(114-1), 보문동2가 114-1,127.0192152,37.58467366
"	(82)	", 보문동2가 82,127.0187197,37.58561968
보문엘타워, 보문동7가 100,127.022081,37.57981091
"	(1529-68)	", 봉천동 1529-68,126.9413982,37.47941225
대아빌딩, 봉천동 1540-24,126.9433313,37.47941422
"	(1564-1)	", 봉천동 1564-1,126.9446256,37.4797711
신화골든타워, 봉천동 1564-3,126.9446055,37.47962111
(1565-13), 봉천동 1565-13,126.9470296,37.47942734
제일캠퍼스텔, 봉천동 1566-10,126.9479913,37.47941114
PRAVIDA 162, 봉천동 1568-2,126.9505091,37.47901001
"	(1594-2)	", 봉천동 1594-2,126.9532721,37.47429153
이즈빌, 봉천동 1595-3,126.9531047,37.47539623
우남네오폴리스, 봉천동 1597-1,126.9525662,37.4779544
리치타워, 봉천동 1598-7,126.9534395,37.4789273
(1599-2), 봉천동 1599-2,126.9535674,37.47981849
수아주 서울대, 봉천동 1599-3,126.9535179,37.47947402
성문오피스텔, 봉천동 1620-14,126.9580085,37.4782576
성림오피스텔, 봉천동 1628-13,126.9601302,37.47745022
봉천동 오피스텔(1628-15), 봉천동 1628-15,126.9602448,37.4774659
"	(1654-1)	", 봉천동 1654-1,126.9690385,37.47503779
"	(1654-9)	", 봉천동 1654-9,126.9694746,37.47503988
에스타워, 봉천동 1658-16,126.9641883,37.47635253
동남오피스텔, 봉천동 1659-10,126.9626564,37.47689348
동림오피스텔, 봉천동 1659-4,126.9629333,37.47700227
"	(1663-10)	", 봉천동 1663-10,126.9581354,37.47884492
참오피스텔, 봉천동 1680-24,126.9613408,37.4786104
"	(1687-11)	", 봉천동 1687-11,126.9642271,37.47731241
"	(1718-4)	", 봉천동 1718-4,126.9446319,37.49189043
힐스타워오피스텔, 봉천동 1718-7,126.9455694,37.49264781
"	(29-22)	", 봉천동 29-22,126.9556447,37.48353094
한빛오피스텔, 봉천동 40-24,126.9559126,37.48603636
해담채 봉천, 봉천동 41-193,126.9545035,37.48612002
보성오피스텔, 봉천동 41-306,126.9541781,37.48499747
샤르망파크, 봉천동 42-21,126.9549441,37.48506737
황호오피스텔, 봉천동 43-3,126.9544251,37.48454593
(43-6), 봉천동 43-6,126.9544987,37.48460262
"	(701-20)	", 봉천동 701-20,126.9264966,37.49046078
하우피스오피스텔, 봉천동 725-4,126.9268121,37.49381259
캐릭터 그린빌, 봉천동 729-24,126.9254315,37.49181371
칸타빌레7차, 봉천동 731-1,126.9265867,37.49179046
(851-10), 봉천동 851-10,126.9541318,37.48240131
(854-4), 봉천동 854-4,126.9534362,37.48004546
대우디오슈페리움1단지, 봉천동 856-5,126.9527885,37.47962139
WD세븐스, 봉천동 858-6,126.9535351,37.48145634
Q타워, 봉천동 861-6,126.9521718,37.48165223
CO-OP RESIDENCE/서울대입구, 봉천동 861-7,126.9522076,37.48188756
J-NEXT, 봉천동 863-5,126.9516425,37.47947629
메카오피스텔, 봉천동 863-6,126.9517529,37.47966092
"	(863-9)	", 봉천동 863-9,126.9517894,37.47990903
덕산타워, 봉천동 866-2,126.9514681,37.480014
덕산스테이트, 봉천동 866-6,126.9513506,37.47944715
한울오피스텔, 봉천동 867-10,126.9507352,37.47965892
프라비다2, 봉천동 867-12,126.9504467,37.47967111
관전 G타워, 봉천동 867-14,126.9505026,37.48004181
(867-15), 봉천동 867-15,126.9505327,37.48022998
"	(867-7)	", 봉천동 867-7,126.950773,37.47990793
서울대역해담채, 봉천동 867-9,126.9507705,37.47978036
라온2, 봉천동 868-25,126.951167,37.48063631
JK타워 오피스텔, 봉천동 868-3,126.9514934,37.48039335
프라비다1, 봉천동 869-3,126.9513109,37.48090218
서울대역 마에스트로, 봉천동 869-6,126.9506598,37.48109014
에이스 에이-존, 봉천동 870-12,126.9508416,37.48179282
신원메트로빌, 봉천동 870-13,126.951446,37.48173587
"	(874-19)	", 봉천동 874-19,126.9499607,37.48207033
미래오피스텔, 봉천동 874-22,126.9502079,37.4821095
리츠오피스텔, 봉천동 875-3,126.950082,37.48101594
씨티 빌, 봉천동 875-5,126.9494689,37.48107667
그린피아 오피스텔, 봉천동 876-1,126.9502735,37.48072446
보배오피스텔, 봉천동 876-14,126.9497832,37.48077047
마이죤, 봉천동 876-16,126.9490988,37.48067548
장원오피스텔, 봉천동 876-27,126.9499739,37.48075609
메이플하우스, 봉천동 876-3,126.9502995,37.48051836
봉천동오피스텔, 봉천동 876-9,126.9497294,37.48057358
옥주오피스텔, 봉천동 877-16,126.9499105,37.48032438
(877-23), 봉천동 877-23,126.9493546,37.48010613
(877-29), 봉천동 877-29,126.9495378,37.47982113
"	(877-4)	", 봉천동 877-4,126.9501437,37.47989853
하늘채 오피스텔, 봉천동 877-8,126.9501532,37.47956192
금탑오피스텔, 봉천동 878-7,126.9487143,37.47949754
(879-12), 봉천동 879-12,126.9479391,37.47956037
CJ아트빌, 봉천동 879-3,126.9477158,37.47961444
동도 오피스텔, 봉천동 880-9,126.9483522,37.48024367
연경오피스텔, 봉천동 881-1,126.9478557,37.48052319
이아오피스텔, 봉천동 881-2,126.9479691,37.48039964
CJ오피스텔, 봉천동 881-26,126.9476951,37.47980709
"	(881-3)	", 봉천동 881-3,126.9478152,37.48033818
청룡2오피스텔, 봉천동 881-30,126.9476689,37.48003415
봉대오피스텔, 봉천동 881-31,126.9477697,37.48010878
"	(881-8)	", 봉천동 881-8,126.9478989,37.48006901
스마일타운, 봉천동 882-3,126.9485129,37.48069817
케이타워 오피스텔, 봉천동 882-4,126.948605,37.48089332
예림오피스텔, 봉천동 883-3,126.9489176,37.48113384
하임S, 봉천동 883-4,126.9488424,37.48136744
거장스카이 오피스텔, 봉천동 883-5,126.9486598,37.4811571
플러스타워, 봉천동 884-46,126.9488879,37.48198926
샤인텔, 봉천동 892-23,126.9470307,37.48303014
센트럴 포인트, 봉천동 893-27,126.9467511,37.48215539
더품, 봉천동 896-20,126.947069,37.48029265
마이홈타운, 봉천동 896-36,126.9467614,37.480397
YK타워, 봉천동 912-14,126.9451617,37.48253885
트라움, 봉천동 914-4,126.9458271,37.48091542
태양, 봉천동 921-25,126.9437019,37.48133741
청룡오피스텔, 봉천동 921-6,126.9444326,37.48110077
웰빙오피스텔, 봉천동 948-4,126.938459,37.48448602
"	(957-45)	", 봉천동 957-45,126.9363503,37.48603055
오크밸리, 봉천동 960-12,126.9351648,37.48591543
리더스 오피스텔, 봉천동 969-51,126.9310356,37.48845484
현교오피스텔, 봉천동 972-15,126.9268316,37.49008714
"	(972-48)	", 봉천동 972-48,126.9258681,37.49032096
타임730오피스텔, 부암동 129-8,126.9631003,37.59780133
캐피탈오피스텔, 부암동 154-2,126.9641369,37.59666837
선정오피스텔, 북가좌동 343-1,126.9111163,37.58362296
이편한세상신촌, 북아현동 1013,126.9501527,37.55826693
삼정스카이, 불광동 11-7,126.933176,37.61720217
세민하이파크, 불광동 12-2,126.9332868,37.61744408
파크힐, 불광동 13-11,126.9331539,37.61889962
더클래스, 불광동 13-7,126.9330221,37.61919864
유니파크, 불광동 221-1,126.9325375,37.61892005
힐튼럭스빌, 불광동 222-6,126.9327087,37.61741565
불광 하이츠, 불광동 239-4,126.9326014,37.61694537
백운오피스텔, 불광동 272-22,126.930082,37.612343
거장노블레스, 불광동 274-1,126.9299593,37.61166102
해피하우스, 불광동 281-16,126.9315301,37.61152544
디앤제이하우징, 불광동 281-20,126.9315733,37.61128997
디앤제이하우징, 불광동 281-22,126.9314723,37.61140672
디앤제이하우징, 불광동 281-23,126.9313567,37.61153965
"	(281-37)	", 불광동 281-37,126.9314121,37.61101437
샹그리라, 불광동 281-41,126.9311624,37.61130744
월계수하우스, 불광동 281-48,126.93106,37.61117625
샹그리라, 불광동 281-49,126.931132,37.61109169
타디스주상복합, 불광동 281-61,126.9306893,37.61115008
디앤제이하우징, 불광동 305-1,126.9233645,37.61832584
엘리사, 불광동 319-8,126.9241625,37.61993893
"	(484-243)	", 불광동 484-243,126.920976,37.62078918
메종슈에뜨이수, 사당동 1007-13,126.9811382,37.48372618
"	(1007-19)	", 사당동 1007-19,126.9811497,37.48345651
이수오피스텔, 사당동 1007-29,126.9812787,37.4830532
엘리지움, 사당동 1007-3,126.9813201,37.48419599
다라실, 사당동 1031-23,126.9808878,37.47859281
더원캐슬, 사당동 1049-8,126.9733141,37.47648557
"	(142-1)	", 사당동 142-1,126.9805289,37.48606477
리코하이빌, 사당동 182-2,126.9637653,37.49160115
노블하우스, 사당동 183-1,126.9641315,37.49111345
인더네이처, 사당동 207-3,126.9670001,37.487808
남성오피스텔, 사당동 212-1,126.9671973,37.48694234
"	(219-11)	", 사당동 219-11,126.9689176,37.48626316
광화문 풍림스페이스본, 사직동 9,126.9688254,37.57433379
제이에스원-혜화, 삼선동1가 5,127.0049366,37.5877265
"	(345-1)	", 삼선동4가 345-1,127.0138828,37.59085094
광남 제니텔, 삼선동5가 298-10,127.0160928,37.58911972
"	(298-7)	", 삼선동5가 298-7,127.0158147,37.58934792
씨티라이프 61, 삼성동 112-1,127.0443471,37.5101426
한흥 삼성오피스텔, 삼성동 113-6,127.0471159,37.51087777
삼성동지웰, 삼성동 114-11,127.0488395,37.51145252
선릉대림아크로텔, 삼성동 140-3,127.0480764,37.50672641
삼성동 롯데캐슬 클라쎄, 삼성동 141-10,127.0502109,37.50580689
LG선릉에클라트B, 삼성동 142-3,127.0509412,37.50614671
채널리저브, 삼성동 144-14,127.05539,37.50801332
미켈란147, 삼성동 147-2,127.0560012,37.51321901
현대썬앤빌 삼성역, 삼성동 157-14,127.0572253,37.50859563
(157-18), 삼성동 157-18,127.0574689,37.50816411
삼성역 두산위브센티움, 삼성동 158-4,127.0578867,37.50847746
아르헤 타워, 삼성동 44-16,127.0486118,37.51193162
현대썬앤빌강남, 삼성동 51-4,127.0524985,37.51306873
삼성 리치빌, 삼성동 52-9,127.0511294,37.51852971
청담역 푸르지오시티, 삼성동 58-2,127.0566405,37.51972616
한국건설기술인회관(별관), 삼성동 65-2,127.0515203,37.51710143
우림보보카운티 오피스텔, 삼성동 75-8,127.0542686,37.51347921
집앤사 하우립, 삼전동 181-4,127.0965972,37.50082849
(101-149), 상계동 101-149,127.0788651,37.66771999
수락윈디하이츠, 상계동 1117-19,127.0562321,37.67656349
"	(1131-12)	", 상계동 1131-12,127.056311,37.6780858
수락네스트죤, 상계동 1132-28,127.0542133,37.67801596
오피앙, 상계동 1258,127.0548843,37.68026837
하이베라스, 상계동 1262,127.0548851,37.67910785
토마토파르코, 상계동 1267,127.055835,37.68018577
소담빌, 상계동 330-29,127.066115,37.65645796
마블러스2, 상계동 341-15,127.0647747,37.65645149
큐비스트빌딩, 상계동 341-5,127.0643121,37.65632567
마블러스1, 상계동 341-7,127.0646084,37.65627797
"	(349-26)	", 상계동 349-26,127.0656846,37.65647238
(693-2), 상계동 693-2,127.0610428,37.65608585
노빌리안골드, 상계동 734-3,127.0584289,37.65348458
상도 프라이드 522, 상도1동 522,126.9503419,37.50607308
아카데미하우스, 상도동 183-15,126.9381917,37.50372399
그린시티, 상도동 183-28,126.9384639,37.50371771
동양스마트빌, 상도동 324-23,126.930116,37.49932403
상도동 324-41 제2종근린생활시설, 상도동 324-41,126.9303098,37.49926433
성은오피스텔, 상봉동 101-29,127.0870138,37.59614717
(101-34), 상봉동 101-34,127.0866598,37.59612301
동인씨엘로, 상봉동 102-14,127.0869611,37.59580314
동인씨엘로102동, 상봉동 102-19,127.0866793,37.59572825
리브가 상봉, 상봉동 102-21,127.086925,37.59563683
YMS TOWER A, 상봉동 102-30,127.0870473,37.59549293
YMS TOWER D동, 상봉동 102-32,127.0868409,37.59552995
대성쉐르빌, 상봉동 102-37,127.0863974,37.59582564
YMS TOWER C동, 상봉동 102-45,127.0867128,37.5954116
이안채s타워A, 상봉동 102-46,127.0866573,37.59532569
제이타운Ⅲ, 상봉동 102-5,127.0873235,37.59583115
이안채 S타워 B, 상봉동 102-52,127.0864215,37.59536506
동일씨엘로, 상봉동 102-7,127.0872307,37.59567322
리더스, 상봉동 104-10,127.0875387,37.59510828
라메즈오피스텔(104-21), 상봉동 104-21,127.087465,37.59482485
라메즈오피스텔(104-32), 상봉동 104-32,127.0873068,37.59476147
M-시티, 상봉동 104-4,127.0877993,37.59502276
Major Officetel, 상봉동 104-70,127.0870323,37.59440951
미소플러스, 상봉동 105-12,127.0884664,37.59409696
상봉 동원데자뷰2차, 상봉동 105-17,127.0885869,37.59387838
상봉스카이타워, 상봉동 105-41,127.0893869,37.59403434
(105-45), 상봉동 105-45,127.088935,37.59387539
동일캐슬, 상봉동 107-31,127.0865782,37.59462417
대성타워, 상봉동 108-3,127.0859606,37.5938165
(113-28), 상봉동 113-28,127.0851745,37.59481785
성원빌, 상봉동 115-70,127.0851567,37.59569568
로젠하임, 상봉동 116-17,127.0831091,37.59607941
예지다움, 상봉동 128-33,127.0791114,37.59443707
"	(128-5)	", 상봉동 128-5,127.0796948,37.59419482
에코그린빌, 상봉동 128-90,127.0797413,37.59409494
수령골든팰리스, 상봉동 129-1,127.0773615,37.59354
한일써너스빌, 상봉동 81-5,127.0912073,37.59707034
어반카운티, 상봉동 84-15,127.0922196,37.59479667
더클래스, 상봉동 85-4,127.0913943,37.59416516
아크로팰리스, 상봉동 85-5,127.091543,37.59419731
힐링파크, 상봉동 86-25,127.0911168,37.59448513
명가, 상봉동 87-28,127.0896267,37.59403811
노블리안, 상왕십리동 750,127.0270372,37.56520455
서울역풍림아이원플러스, 서계동 219-17,126.9684545,37.55492861
서초오피스텔, 서초동 1302-1,127.0217703,37.50319155
강남역 I'PARK, 서초동 1303-16,127.0238821,37.50275021
강남태영데시앙루브, 서초동 1303-35,127.0245442,37.50284761
현대썬앤빌 강남 더 인피닛, 서초동 1303-6,127.0235478,37.50359206
아멜리아, 서초동 1303-7,127.0232562,37.50350688
강남역리가스퀘어, 서초동 1308-26,127.0243692,37.50112358
디오빌강남, 서초동 1309-1,127.0240333,37.50205896
강남역 2차 I'PARK, 서초동 1309-2,127.0240091,37.50229931
벨라채 오피스텔, 서초동 1316-17,127.02471,37.49851323
부띠크 모나코, 서초동 1316-5,127.0244847,37.4975296
풍림아이원매직, 서초동 1321-9,127.0255992,37.49566184
강남아르젠, 서초동 1327-23,127.0275708,37.49543631
강남역 한화오벨리스크, 서초동 1327-27,127.0272568,37.49528753
서초파라곤, 서초동 1327-29,127.0274214,37.49494286
대우도씨에빛2, 서초동 1328-11,127.0285981,37.4947838
대우도씨에빛, 서초동 1328-7,127.028341,37.49532212
강남역인앤인, 서초동 1330-12,127.0287231,37.49322982
강남역 롯데골드로즈, 서초동 1330-6,127.0282659,37.49315307
이즈타워, 서초동 1337-14,127.0291016,37.49213353
아크로텔 강남역, 서초동 1337-2,127.0288102,37.49195281
현대썬앤빌 서초, 서초동 1337-21,127.0296555,37.49179069
서초동 대우디오빌프라임, 서초동 1337-22,127.0299733,37.49157871
강남 효성 해링턴 타워, 서초동 1337-6,127.0290722,37.49123952
풍림아이원플러스, 서초동 1338-1,127.0297084,37.49041513
서초현대렉시온, 서초동 1338-20,127.0306252,37.49018655
신명스카이뷰멤버스, 서초동 1338-25,127.0295715,37.4905867
강남역파라디아골드, 서초동 1338-8,127.0302055,37.48990807
강남해븐리치 더 골드 181, 서초동 1339,127.0298594,37.48949846
서초트라팰리스, 서초동 1344-13,127.0282423,37.48681601
서초대우디오빌, 서초동 1355-17,127.0291576,37.48498252
한라비발디스튜디오193, 서초동 1363-25,127.0320755,37.48570051
서초쌍용플래티넘, 서초동 1445-13,127.0173378,37.48405403
더샾서초, 서초동 1445-14,127.0176552,37.4835481
송현 나이스빌, 서초동 1492-8,127.0035624,37.48416842
"	(1515-3)	", 서초동 1515-3,127.0045435,37.48641396
서초에스알타워, 서초동 1542-13,127.0087157,37.49048519
블루힐65, 서초동 1553-15,127.0090572,37.49172148
지웰 홈스 서초, 서초동 1575-1,127.0133962,37.49194145
서초센트럴IPARK, 서초동 1582-3,127.0115492,37.48697564
DK밸리뷰시티, 서초동 1584-6,127.0120079,37.48514637
드림타워, 서초동 1589-1,127.0125034,37.48539341
서초 리슈빌, 서초동 1589-10,127.0132204,37.48532914
서초아트갤러리, 서초동 1589-3,127.0126063,37.48505495
(1591-5), 서초동 1591-5,127.0127105,37.48578234
큐브플러스, 서초동 1598-1,127.0141379,37.48807646
엘지서초에클라트, 서초동 1599-2,127.0145928,37.48684812
서초신성미소시티, 서초동 1600-4,127.015098,37.48635188
동양라디안루키, 서초동 1600-7,127.0151497,37.48613839
서초어반하이 오피스텔, 서초동 1601-10,127.0150515,37.48546984
그린빌오피스텔, 서초동 1601-2,127.0146988,37.48576401
스위트서초, 서초동 1601-6,127.0145743,37.48543609
피앤디 솔로빌, 서초동 1623-3,127.0154653,37.48712263
하림인터내셔날 오피스텔, 서초동 1674-5,127.0162047,37.49407107
브라운스톤서초, 서초동 1677-1,127.0182818,37.49471629
삼환바우스, 서초동 1677-11,127.0188997,37.49489956
코업레지던스/서초동, 서초동 1679-1,127.0206796,37.49556511
아크로비스타, 서초동 1685-3,127.0133049,37.49816727
서초메이플라워맴버스빌, 서초동 1688-6,127.0201237,37.49605045
고향빌딩, 석관동 124-21,127.0644311,37.61114818
브룩스톤오피스텔, 석관동 135-2,127.0656817,37.61317426
(175-25), 석관동 175-25,127.0620414,37.61261696
세종캐슬, 석관동 176-11,127.0626654,37.6129454
스위트빌3차, 석관동 226-3,127.0597278,37.61183287
"	(335-16)	", 석관동 335-16,127.0568783,37.60996888
다솜오피스텔, 석관동 337-31,127.0564533,37.60988194
백제24시찜질방인삼사우나, 석촌동 15,127.0989874,37.50287646
레이크캐슬, 석촌동 1-6,127.0979058,37.50600054
석촌트럼프월드, 석촌동 175-12,127.1059566,37.50564676
"	(175-6)	", 석촌동 175-6,127.105306,37.50538675
강동아너스빌, 성내동 199-17,127.1340621,37.53403022
아이퍼스트빌, 성내동 199-18,127.1345279,37.53426756
한솔애리즈601동, 성내동 199-19,127.1346333,37.53447277
"	(244-4)	", 성내동 244-4,127.1360047,37.53413138
한양 립스, 성내동 244-5,127.1357768,37.53418502
(244-6), 성내동 244-6,127.1356426,37.53422681
비바체, 성내동 43-6,127.1245322,37.53658181
인택스파크뷰, 성내동 448-17,127.1306196,37.52376414
더존 예가, 성내동 46-22,127.1244467,37.5371045
더존 예가 A, 성내동 46-23,127.1243198,37.53699274
해인하우스, 성내동 46-4,127.1241661,37.53683898
더존예가, 성내동 47-16,127.1247984,37.53714172
트리안, 성내동 47-8,127.1241786,37.53724799
"	(48-42)	", 성내동 48-42,127.1247975,37.53742832
브라운스톤천호, 성내동 64-13,127.1237407,37.53796438
(80-3), 성내동 80-3,127.1233681,37.53676838
장원오피스텔, 성내동 81-12,127.1234855,37.53674353
더존예가, 성내동 81-2,127.1237274,37.53658413
휴아름 스튜디오, 성북동1가 35-22,127.0054353,37.58842274
뚝섬리버빌, 성수동1가 13-117,127.0498815,37.5494781
이에스에이리버하우스, 성수동1가 13-12,127.0509709,37.55049143
서울숲 프라임 알파, 성수동1가 13-120,127.0494075,37.54928267
서울숲 프라임 베타, 성수동1가 13-493,127.0495744,37.5493909
EPISODE Seong Su 121, 성수동1가 26-3,127.0494261,37.54224641
Biz-Well 성수, 성수동1가 33-21,127.0496678,37.54160785
위더스 빌, 성수동1가 33-23,127.0499063,37.54133371
뚝섬리치빌A동, 성수동1가 656-1041,127.0452927,37.54733114
서울숲 다세대 오피스텔, 성수동1가 656-28,127.0474372,37.54176108
서울숲오피스텔, 성수동1가 656-392,127.0472677,37.54158275
아트빌딩, 성수동1가 685-308,127.0426822,37.54814897
성수 그린빌, 성수동1가 685-54,127.0435846,37.54792095
한스포레, 성수동1가 72-114,127.0487714,37.54077009
성수동 뉴타운오피스텔, 성수동1가 72-69,127.0490445,37.54170705
청재오피스텔, 성수동1가 72-71,127.0492132,37.54138955
B동, 성수동2가 255-7,127.0607605,37.54005077
성수동램킨중흥S클래스오피스텔, 성수동2가 277-101,127.0613784,37.54465419
성수아카데미타워, 성수동2가 277-17,127.0578211,37.54518683
성원상떼뷰오피스텔, 성수동2가 277-37,127.0625129,37.54369114
성수동 아스테리아, 성수동2가 278-29,127.0611681,37.54642485
(299-134), 성수동2가 299-134,127.0528963,37.5497294
테라타워, 성수동2가 299-242,127.055081,37.54800467
송정동센스빌오피스텔, 송정동 81-16,127.0563568,37.54968353
"	(17-6)	", 송파동 17-6,127.1074762,37.50650927
한솔파크빌, 송파동 18-10,127.1080659,37.50652041
상아빌리지, 송파동 18-9,127.107935,37.50643046
현대레이크빌, 송파동 31-2,127.1069854,37.51071439
(58-14), 송파동 58-14,127.1078578,37.51128945
트윈레이크팰리스빌, 송파동 58-15,127.1076064,37.51109191
나루빌, 송파동 85-5,127.1082423,37.50493308
동광팰리스, 송파동 86-1,127.1093477,37.50544941
두산위브파빌리온, 수송동 58,126.9818284,37.57255789
두온오피스텔, 수유동 223-1,127.0230702,37.63889579
효성 인텔리안 오피스텔, 수유동 230-7,127.0234355,37.63644592
(274-5), 수유동 274-5,127.0147954,37.64762067
쏠라리움타워, 수유동 45-1,127.0227024,37.63590127
제네스타워, 수유동 48-1,127.0228659,37.63439756
수유프리미어엠, 수유동 48-8,127.0221738,37.63433561
씨엘블루, 수유동 50-17,127.0218409,37.63341761
태솔캡슬, 수유동 50-20,127.0219164,37.63274697
연승카운티, 수유동 50-30,127.021605,37.63313994
삼성쉐르빌, 수유동 50-31,127.0220314,37.63212558
한원힐트리움 수유 아파트, 수유동 738,127.0238698,37.64456473
수유동이테크밸리오피스텔, 수유동 95-7,127.0228373,37.63377747
덕수궁롯데캐슬, 순화동 217,126.9703537,37.56358693
경일오피스텔, 숭인동 1367,127.0229505,37.5748871
동양파라빌, 숭인동 1388,127.0228539,37.57401358
"	(1392)	", 숭인동 1392,127.0227196,37.57371691
종로 아인스빌, 숭인동 1392-1,127.0227243,37.57356439
아이비씨 호텔 앤 오피스텔, 숭인동 1396,127.0228806,37.57328205
버넷하임1, 숭인동 1421,127.0223676,37.57374606
종로 동광모닝스카이, 숭인동 1421-1,127.0223773,37.57344425
숭인한양LEEPS, 숭인동 1421-2,127.0223706,37.57361828
그레이스탑, 숭인동 178-94,127.0202647,37.57510892
엘리시앙오피스텔, 숭인동 200-33,127.019894,37.57396405
종로유케이201, 숭인동 201-11,127.0213077,37.5738384
아폴리움 오피스텔, 숭인동 201-7,127.0214925,37.57395254
종로 중흥 S클래스, 숭인동 202-3,127.0216876,37.57354579
블루카운티 숭인Ⅰ, 숭인동 217-16,127.0196456,37.57284785
케이디오피스텔, 숭인동 217-26,127.019461,37.57320091
블루빌, 숭인동 243,127.0174973,37.57260379
삼전솔하임2차, 숭인동 296-19,127.0167283,37.5724091
종로대우디오빌, 숭인동 310,127.0161039,37.57283567
디세븐, 숭인동 313-12,127.0162506,37.57232755
(317-29), 숭인동 317-29,127.0167211,37.57203357
"	(317-35)	", 숭인동 317-35,127.0164955,37.57186519
헤스티아, 숭인동 317-48,127.0165126,37.57146345
삼전솔하임4차, 숭인동 318-2,127.0167137,37.5713361
우영빌딩, 숭인동 72-83,127.0180793,37.57398382
롯데캐슬 천지인, 숭인동 76,127.0162463,37.57384669
(113-4), 시흥동 113-4,126.8973761,37.45853847
센트로힐, 시흥동 118-87,126.8982001,37.45427677
시흥 사거리 와이즈 플레이스, 시흥동 882-61,126.9009957,37.45502696
금천리메인시티, 시흥동 883-11,126.9013144,37.45390986
백운매트로엔, 시흥동 935-1,126.9041834,37.44855932
그린하이클라스빌, 시흥동 989-10,126.9007833,37.44923593
산들파크빌2, 시흥동 992-63,126.8993074,37.4525996
산들파크빌7, 시흥동 992-67,126.8995031,37.45239236
해담채, 시흥동 994-1,126.9001154,37.45427823
., 시흥동 995-34,126.8981756,37.45353644
HEY NEST, 시흥동 998-10,126.8983422,37.45404813
지엠씨타워, 시흥동 998-12,126.8986296,37.45416962
나인팰리스, 시흥동 998-5,126.8980153,37.45411248
공덕프로포즈Ⅱ, 신공덕동 15-80,126.9550243,37.54502097
메트로디오빌, 신공덕동 167,126.9528682,37.54348955
블루마리오피스텔, 신공덕동 3-3,126.9570316,37.54679883
상원빌딩, 신내동 492-4,127.1002148,37.60140468
엘리어트하우스, 신내동 644,127.0944438,37.61548399
금강리빙스텔, 신내동 646,127.0928724,37.61633105
디아뜨갤러리, 신내동 648,127.091338,37.61699424
은수빌딩, 신당동 120-1,127.0180078,37.56530945
신당역솔하임, 신당동 140-23,127.0212199,37.56538243
아리스타 에스디, 신당동 160-1,127.0223765,37.56516974
신당아르브, 신당동 160-5,127.0233238,37.56497459
승리빌딩, 신당동 309-45,127.013152,37.55963289
"	(340-123)	", 신당동 340-123,127.0122619,37.55604809
"	(340-73)	", 신당동 340-73,127.0126992,37.55790022
JK오피스텔, 신당동 353-22,127.0076747,37.55138918
남산더힐A동, 신당동 420-17,127.0098392,37.55674631
남산더힐B동, 신당동 420-23,127.009942,37.55657852
(420-9), 신당동 420-9,127.0097619,37.55697068
대현프리몰, 신당동 421-1,127.0094593,37.55698283
디앤씨타워, 신대방동 342-15,126.9281845,37.49700207
신라스테이해링턴타워, 신대방동 698,126.9044377,37.4855749
동작상떼빌, 신대방동 719,126.9067442,37.48758713
신도림삼성쉐르빌 1, 신도림동 271-25,126.8814098,37.51432624
콜카빌, 신도림동 271-41,126.8807358,37.51378541
골든애비뉴, 신도림동 276-32,126.8807609,37.51334557
신도림1차푸르지오, 신도림동 337,126.8877987,37.50944906
신도림월드메르디앙오피스텔, 신도림동 387-3,126.8821212,37.50961413
신도림팰러티움, 신도림동 412-3,126.881869,37.50396919
신도림 에스케이뷰, 신도림동 432-1,126.8864947,37.50705476
신도림3차푸르지오, 신도림동 435-10,126.8841286,37.50683055
신도림 큐브스테이트, 신도림동 436-7,126.8837788,37.50642042
디팰리스, 신문로2가 171,126.9735744,37.56999031
보성리엔빌, 신사동 17-7,126.9098845,37.59875656
명진하이빌, 신사동 20-29,126.9106153,37.59839741
정원 TOP 오피스텔, 신사동 21-12,126.9133685,37.59831104
"	(23-22)	", 신사동 23-22,126.9150603,37.59855668
신사동 23-48, 신사동 23-48,126.9149838,37.59810482
포레스트힐시티, 신설동 100-26,127.0263801,37.57127066
청광플러스원청계오피스텔, 신설동 109-8,127.0247666,37.57174646
드림빌리지 오피스텔, 신설동 117-14,127.023597,37.57348383
신설동 지웰홈스, 신설동 117-9,127.0236093,37.57318847
스테이 하이 오피스텔, 신설동 72-8,127.0254869,37.57741154
(81-79), 신설동 81-79,127.0234592,37.5764823
"	(89-29)	", 신설동 89-29,127.0257014,37.57698479
"	(89-38)	", 신설동 89-38,127.0256301,37.57715302
동은컴페니언오피스텔, 신설동 89-53,127.0264431,37.5768709
동광동대문베르빌, 신설동 97-8,127.026302,37.57458299
신설동주상복합, 신설동 98-49,127.0256095,37.57574512
그라비스, 신월동 131-2,126.8316236,37.53161995
에이엔타워, 신월동 145-6,126.8295476,37.53513183
신목동샤르망오피스텔, 신월동 235-7,126.8388788,37.52853016
로빈시그니쳐, 신월동 474-12,126.8496934,37.52566461
오진오피스텔, 신월동 506-8,126.8483631,37.52330383
"	(545-2)	", 신월동 545-2,126.8407953,37.51778987
(547-3), 신월동 547-3,126.839493,37.51840338
세아쎄닛빌, 신월동 547-5,126.8394721,37.51823387
골든캐슬, 신월동 96-5,126.8310137,37.53595766
에비앙빌딩, 신정동 1029-14,126.8553956,37.52114382
양지, 신정동 1148-9,126.853826,37.51724039
명진오피스텔, 신정동 1192-16,126.8499714,37.52190521
"	(1192-3)	", 신정동 1192-3,126.8505383,37.52206816
신정동대우미래사랑5차, 신정동 1290-4,126.8432507,37.5098046
목동대림아크로텔, 신정동 318-1,126.8694343,37.52243373
제이월드빌, 신정동 318-17,126.8695496,37.52179469
동문비젼오피스텔, 신정동 318-6,126.8690847,37.52152211
우림필유, 신정동 319,126.8690484,37.5209034
헤리티지, 신정동 319-17,126.8691844,37.51913208
헤리티지Ⅱ, 신정동 319-18,126.869278,37.51948009
이스타빌 3차, 신정동 323-9,126.8620545,37.51642268
목동2차아크로텔, 신정동 324,126.8591054,37.51524495
"	(903-27)	", 신정동 903-27,126.8604849,37.52586013
클레버 타워, 신정동 944-3,126.8522252,37.52410399
천우비지움오피스텔, 신정동 953-5,126.8584276,37.52512893
문화트윈타워, 신정동 971-1,126.8519262,37.52282091
리더스파크빌, 신정동 971-24,126.8519889,37.52270282
퀸즈 포디엄, 신정동 972-6,126.8529196,37.52146833
하나목동아이파크 뷰, 신정동 973-40,126.8530775,37.52193742
잠실 푸르지오 월드마크, 신천동 11-4,127.1035654,37.51744225
더샵스타리버, 신천동 11-8,127.1043935,37.517983
대원쉐르빌, 쌍문동 601,127.03925,37.65743845
"	(639-3)	", 쌍문동 639-3,127.0382838,37.65669011
"	(669-3)	", 쌍문동 669-3,127.0377979,37.6556338
happy house, 쌍문동 669-4,127.0377399,37.6555362
백경타운, 쌍문동 88-4,127.0353174,37.65047281
(327-10), 아현동 327-10,126.9546679,37.55668294
"	(331-22)	", 아현동 331-22,126.9542477,37.55688324
트렌빌, 아현동 331-29,126.953651,37.55684523
우리家, 아현동 353-4,126.9505821,37.55680419
고려아카데미텔, 아현동 437-3,126.9561806,37.55133916
아현 라온빌, 아현동 709,126.96051,37.55768606
효성인텔리안, 아현동 733,126.956801,37.5524864
마포 에스케이 허브 블루, 아현동 737,126.9565177,37.55199734
"	(119-9)	", 안암동2가 119-9,127.0244444,37.58664012
수산리빙텔, 안암동2가 154-1,127.0226562,37.58617256
한강시티라이프, 암사동 441,127.1297311,37.55537511
까사팔공육, 암사동 463-4,127.1288305,37.55291436
"	(500-10)	", 암사동 500-10,127.1287529,37.55202138
"	(500-9)	", 암사동 500-9,127.1287045,37.55188898
강동리시온, 암사동 501-19,127.1285559,37.55014778
서울오피스텔, 암사동 501-21,127.1285678,37.55081426
와이엔오피스텔, 암사동 501-8,127.1283635,37.55092696
암사오피스텔, 암사동 502-13,127.1273744,37.55114017
서일빌딩, 암사동 502-3,127.1269188,37.55095237
현운재, 암사동 503-24,127.1276968,37.55203757
(503-5), 암사동 503-5,127.1273625,37.55222928
로뎀하우스(503-9), 암사동 503-9,127.1272919,37.5515272
마일스톤, 암사동 505-10,127.1286915,37.55417693
스카이블루오피스텔, 암사동 512-10,127.1267273,37.54997023
에벤에셀나래하우스, 암사동 513-39,127.1260451,37.5482896
명성오피스텔, 암사동 513-8,127.1260838,37.54876048
양재동 오피스텔, 양재동 208-8,127.0344854,37.46544456
트윈타워(275-3), 양재동 275-3,127.0442778,37.47659155
트윈타워(275-4), 양재동 275-4,127.0439557,37.47688959
이스타빌, 양재동 3-14,127.0420638,37.48289534
서초미르, 양재동 402-5,127.050336,37.47171767
더스위트캐슬, 역삼동 603-5,127.0297064,37.50575437
신논현 마에스트로, 역삼동 603-7,127.0300942,37.50593318
강남 IBC 오피스텔, 역삼동 648-1,127.0310723,37.49976357
"	(677-4)	", 역삼동 677-4,127.0400935,37.5032581
리에바움 오피스텔, 역삼동 703,127.0441228,37.50461289
K타워 오피스텔, 역삼동 703-6,127.0443413,37.5045279
루트원 레지던스, 역삼동 703-7,127.0446357,37.50453117
우림루미아트1, 역삼동 706-11,127.0437263,37.50219738
좋은사람좋은집, 역삼동 706-12,127.0438955,37.50224584
능현오피스텔, 역삼동 708-16,127.0478217,37.50342913
금천빌딩, 역삼동 708-20,127.0479521,37.503139
에스케이허브 오피스텔, 역삼동 708-26,127.0490609,37.50354901
선릉역 우정에쉐르 멤버스, 역삼동 708-31,127.0483367,37.50311993
빌딩-에벤에셀, 역삼동 718-27,127.039666,37.50065688
역삼역센트럴푸르지오시티, 역삼동 719-24,127.0406443,37.50087535
amco square 720, 역삼동 720-22,127.041932,37.50133904
신일유토빌, 역삼동 735-11,127.0334808,37.49883406
(735-15), 역삼동 735-15,127.0334822,37.4985279
역삼 푸르지오 시티, 역삼동 735-17,127.0336435,37.49817678
메이플라워멤버스빌오피스텔, 역삼동 736-22,127.0347453,37.49874586
엘지역삼에클라트, 역삼동 736-24,127.035037,37.49854877
삼환 아르누보, 역삼동 769-1,127.039836,37.49583031
역삼 이스타빌, 역삼동 787-7,127.0431276,37.49375334
강남역두산위브센티움, 역삼동 823-26,127.0329321,37.4986518
크레신 타워Ⅱ, 역삼동 823-3,127.0316958,37.49842543
강남역 우정에쉐르, 역삼동 823-7,127.0322656,37.49840487
메가시티오피스텔, 역삼동 824-12,127.0302319,37.49739492
예성I라이프, 역삼동 824-13,127.030309,37.49757807
대우디오빌플러스, 역삼동 824-25,127.0310723,37.49758925
강남역투웨니퍼스트102동, 역삼동 824-49,127.0306271,37.4974464
강남역투웨니퍼스트101동, 역삼동 824-9,127.0305824,37.49753958
강남역 센트럴 푸르지오 시티, 역삼동 825-20,127.029294,37.49772711
강남역 효성해링턴 타워 더퍼스트, 역삼동 825-24,127.0297204,37.49700866
네스빌, 역삼동 830-41,127.0325306,37.49532564
역삼SK허브블루, 역삼동 831-40,127.0313101,37.49407388
에스케이허브젠, 역삼동 831-45,127.0310126,37.49366553
BIEL 106, 역삼동 832-16,127.0309379,37.49296512
강남역 쉐르빌, 역삼동 832-3,127.0307075,37.49235853
성우스타우스오피스텔, 역삼동 832-33,127.0320373,37.49239671
강남역 와이즈 플레이스, 역삼동 837-13,127.0318379,37.49172925
강남역 서희스타힐스 오피스텔, 역삼동 837-18,127.0325246,37.49137305
강남웅진베어스빌, 역삼동 838-10,127.0328412,37.49018594
SM 벨리체, 역촌동 2-38,126.9197627,37.60928816
"	(36-30)	", 역촌동 36-30,126.9162957,37.60190049
캐시아, 역촌동 41-17,126.9188246,37.601728
파크원, 역촌동 41-25,126.9194152,37.60191987
거장메카, 역촌동 42-8,126.919281,37.60076903
동인에버빌, 역촌동 43-62,126.9180964,37.60070428
해창위너스빌, 역촌동 43-68,126.9180087,37.60046956
대상오피스텔, 역촌동 8-15,126.9161231,37.60881906
삼성캐스빌, 역촌동 85-9,126.9153728,37.60050244
대보마로니에텔, 연건동 206,127.0004312,37.57618652
세레피아텔, 연건동 317,126.9999414,37.57617692
주함해븐타워 3동, 연지동 111,126.9992036,37.57439348
아르젠종로, 연지동 163-3,126.9987372,37.573241
리베르떼_연지, 연지동 222,127.0002671,37.57273078
로얄파크뷰, 연지동 238-5,127.00037,37.57251374
브라운 힐, 연희동 100-15,126.9295571,37.5720352
라이온스톤, 연희동 103-6,126.9292418,37.57240877
스페이스엠, 연희동 103-7,126.9291249,37.5725446
오벨리스크, 연희동 121-4,126.9299697,37.57090585
정연 지오빌, 연희동 122-3,126.9309479,37.56964182
"	(136-7)	", 연희동 136-7,126.9313703,37.56698591
연희미다스파크, 연희동 142-21,126.9353319,37.57802922
"	(188-3)	", 연희동 188-3,126.9303935,37.56661944
"	(188-57)	", 연희동 188-57,126.9303044,37.56649795
(193-9), 연희동 193-9,126.9287274,37.56554945
브라운스톤 연희, 연희동 194-30,126.9301258,37.56522738
연희소프트빌, 연희동 212-2,126.9288957,37.56375115
연희체스트빌, 연희동 218-1,126.9285019,37.56422131
THE연희힐, 연희동 218-11,126.9281891,37.56462768
(218-11), 연희동 218-11,126.9281891,37.56462768
현대싱그런, 연희동 340-27,126.9317258,37.56386514
"	(413-126)	", 연희동 413-126,126.9248005,37.56664596
"	(446-270)	", 연희동 446-270,126.920175,37.56716031
시아 루비움, 연희동 78-4,126.9350943,37.57326375
파라다이스텔에스비, 연희동 80-7,126.9348249,37.57122026
맥시하우스, 염창동 241-11,126.865652,37.55588107
등촌노블레르, 염창동 242-5,126.8671308,37.55552278
GF오피스텔, 염창동 250-5,126.874938,37.55021452
현진파크뷰, 염창동 252,126.8753419,37.55001407
리젠펠리스오피스텔, 염창동 253-2,126.8762816,37.55009348
그린뷰, 염창동 261-12,126.8768405,37.54826566
염창투웨니퍼스트, 염창동 262,126.8762876,37.54881862
동남빌리지, 염창동 263-20,126.8748112,37.54869826
노블레르, 염창동 264-26,126.8717648,37.54965952
성강에코텔, 염창동 264-35,126.8715518,37.55034691
한빛어반뉴스토리, 염창동 266-12,126.8701287,37.55073126
시원트레벨(266-18), 염창동 266-18,126.870711,37.55071824
시원트레벨(266-4), 염창동 266-4,126.8706317,37.55094413
시원트레벨(266-8), 염창동 266-8,126.8705251,37.55082191
서경팰리스, 염창동 267-10,126.8696952,37.55137286
원호엘리시온 오피스텔, 염창동 267-20,126.8681652,37.5517943
팔레시움, 염창동 283-2,126.8775023,37.547808
대명투웨니퍼스트, 염창동 283-3,126.8775105,37.54751062
아네스트염창, 염창동 310,126.8715679,37.5481855
진영리버타운, 염창동 65,126.869965,37.55638725
"	(618-22)	", 영등포동 618-22,126.9084111,37.51429736
여의도씨티아이, 영등포동1가 113-1,126.910729,37.51751202
소미여의도골드라인, 영등포동1가 118,126.9112699,37.51754844
여의도리슈빌DS, 영등포동1가 121-5,126.9117098,37.51720357
신한헤스티아, 영등포동1가 127,126.9106435,37.51715865
대승프린스텔, 영등포동1가 20-1,126.9157897,37.51781797
페트라, 영등포동1가 22-1,126.9154445,37.5178997
팰리스페트라, 영등포동1가 24,126.9155886,37.5177954
여의도광장, 영등포동1가 26-1,126.915222,37.51798806
폴라리스오피스텔, 영등포동1가 27-1,126.9150017,37.51811083
금반석 시티빌 8차, 영등포동1가 27-3,126.9149072,37.51814797
지엘 리베라움, 영등포동1가 28,126.9146483,37.51825204
여의도의아침, 영등포동1가 29,126.9143698,37.51831335
파크빌, 영등포동1가 31-6,126.9146798,37.51802003
필 오피스텔, 영등포동1가 55,126.913116,37.51732371
메트로가든, 영등포동1가 75-4,126.9134813,37.51775258
스페이스 오피스텔, 영등포동1가 76,126.9137818,37.51763865
SJ팰리스, 영등포동1가 79-2,126.9134355,37.5182768
여의도 명남 더블레스, 영등포동1가 79-3,126.9137126,37.51821606
여의도투웨니퍼스트, 영등포동1가 92-4,126.9131496,37.51831299
여의도더리브스타일, 영등포동1가 94-2,126.9131374,37.51775375
여의도스퀘어, 영등포동1가 99,126.9116682,37.51746745
(28-114), 영등포동2가 28-114,126.911482,37.52081704
더 위일 중마루, 영등포동2가 28-116,126.9111379,37.5205831
그린나래, 영등포동2가 28-118,126.911442,37.52047208
투프레이즈오피스텔, 영등포동2가 28-140,126.9102592,37.52177362
미담, 영등포동2가 28-142,126.9109635,37.5208853
와이에이치빌리지, 영등포동2가 284-3,126.909203,37.52065341
루브르하우스, 영등포동2가 284-4,126.9090177,37.52073021
범영오피스텔, 영등포동2가 29-72,126.9098995,37.52227877
더메종315, 영등포동2가 315,126.9089402,37.51997651
여의도 디앤써밋, 영등포동2가 94-154,126.9121659,37.52077206
와이에이치빌리지, 영등포동2가 94-319,126.9119681,37.52096985
더-위일 신세계, 영등포동3가 17-3,126.90741,37.51854762
소담더블린, 영등포동3가 1-9,126.9106725,37.51853089
WD스퀘어, 영등포동3가 20,126.9072847,37.51746849
영등포 점프밀라노, 영등포동3가 7,126.9055524,37.51907726
에쉐르아이 시네마 쇼핑몰, 영등포동3가 9-13,126.9064409,37.51768857
지울빌딩, 영등포동4가 117-5,126.9025964,37.51902448
스퀘어뷰, 영등포동4가 117-7,126.9024943,37.51888153
글로벌엠제이, 영등포동4가 147-5,126.9026599,37.51992982
영등포 센트럴 푸르지오 시티, 영등포동4가 443,126.9019622,37.51796603
부자빌딩, 영등포동6가 22-1,126.9047141,37.52242309
양우화인텔, 영등포동6가 3-2,126.9043127,37.52089475
더하우스, 영등포동6가 92,126.9018014,37.52090508
블리스 다임빌, 영등포동7가 91-2,126.9071825,37.52498637
"	(134-1)	", 오류동 134-1,126.8409289,37.49242181
예성라온팰리스, 오류동 33-1,126.8469293,37.49707065
예성 라온팰리스, 오류동 33-33,126.8472879,37.49733714
현대 썬앤빌 구로, 오류동 34-13,126.8447741,37.49703641
이좋은집, 오류동 46-1,126.8420318,37.49485707
아크로펠리스, 오류동 46-2,126.8419135,37.49460192
(47-24), 오류동 47-24,126.8413539,37.49442134
칸타빌레, 오류동 47-31,126.841341,37.49462282
포스시티, 오류동 51-31,126.8433479,37.49541004
프리가, 오류동 55-16,126.8450582,37.49587042
아델리아, 오류동 55-19,126.8443649,37.49563271
원타워3차, 오류동 58-1,126.8454237,37.49638377
칸타빌레5차, 오류동 59-20,126.8457585,37.49665269
글로리로뎀큐, 오류동 6-16,126.8403211,37.4951771
락스테이, 오류동 6-59,126.8398738,37.49500764
루체비스타, 오류동 6-63,126.8405482,37.49522549
다숲, 오류동 68-6,126.841893,37.49287841
삼백리치빌, 오류동 73-6,126.8408203,37.49295494
오류동역솔리스타, 오류동 75-2,126.8407918,37.49397065
해츠빌, 오류동 76-2,126.8405194,37.49399752
힐파빌리온, 오류동 9-9,126.8412761,37.4956658
오렌지카운티을지로, 오장동 145-1,127.0014087,37.56523799
코발트팰리스, 오장동 90-24,126.9998982,37.56409799
정석그라시아, 오장동 90-8,126.9996136,37.56426231
성원상떼뷰, 옥수동 475,127.0117444,37.5406127
The Mark, 용답동 228-8,127.0604645,37.5614289
어반 오피스텔, 용답동 229-10,127.0620238,37.56120561
용답동 큐브스테이트, 용답동 229-11,127.0615984,37.5612665
신창비바패밀리, 용답동 232-1,127.0633753,37.56128894
(233-8), 용답동 233-8,127.0656046,37.56069724
삼호오피스텔, 용답동 236-5,127.0690788,37.56020148
서희스타힐스리버파크, 용답동 238-12,127.0694933,37.55972443
오르세오피스텔, 용답동 238-2,127.0681075,37.5596191
랜드마크타워1, 용두동 100-1,127.0339536,37.57780608
동대문 베네스트, 용두동 100-8,126.8329463,37.53465869
동대문한양아이클래스, 용두동 112-8,127.0313773,37.57772867
(130-12), 용두동 130-12,127.0310503,37.57816961
바인르미에르, 용두동 130-4,127.0312494,37.57822671
두산베어스타워, 용두동 138-41,127.0323425,37.57857186
신설동역대우아이빌(236-1), 용두동 236-1,127.029463,37.57719622
신설동역대우아이빌(236-4), 용두동 236-4,127.0289718,37.57695784
청계 한양아이클래스, 용두동 255-49,127.0284558,37.57071915
창보리버리치, 용두동 255-58,127.0306907,37.57024275
청계 다우아트리체, 용두동 255-71,127.0327046,37.57082459
에이플러스빌, 용두동 40-35,127.0377067,37.57503738
삼영 오피스텔, 용두동 740-10,127.0294696,37.58144367
동의보감타워, 용두동 787,127.0376954,37.57780837
한방천하-용두동 포스빌, 용두동 788,127.0368805,37.57780605
용문 하이오피스텔, 용문동 10-4,126.9611563,37.53671837
"	(728)	", 우면동 728,127.0250898,37.46357416
서초 디벨리움 오피스텔, 우면동 755,127.0153731,37.45676743
주건축물제1동, 우면동 759,127.0156857,37.45720943
미라쉘, 우면동 765,127.0159132,37.45645804
서초리슈빌S글로벌, 우면동 787,127.0244888,37.45972524
코윈 팔레스뷰 오피스텔, 원남동 95,126.9976854,37.57551009
디아뜨 센트럴, 원효로1가 112-4,126.9646018,37.53959204
용산1차휴먼타운, 원효로1가 120-20,126.9562234,37.53323991
용산2차휴먼타운, 원효로1가 120-22,126.956115,37.53330072
하람 휴, 원효로1가 28-10,126.9651839,37.53962809
용산파크뷰, 원효로1가 46-3,126.9660947,37.5401442
아인하우스, 원효로3가 277-36,126.9578008,37.53515912
e테크밸리, 원효로3가 51-37,126.9658439,37.54002666
카펠라오피스텔, 월계동 366-3,127.0602575,37.6251117
모두스타빌, 월계동 379-17,127.0606618,37.62346843
(383-19), 월계동 383-19,127.0596225,37.62275091
을지 웰 라이프, 을지로4가 187-9,126.9834819,37.56498274
정건벨라지오오피스텔, 을지로5가 20-1,126.9951997,37.56526619
삼성골드캐슬, 을지로5가 273-2,127.0021591,37.56620727
삼성파크빌, 을지로5가 39-1,126.9944949,37.56484639
대성을지로오피스텔, 을지로5가 77-2,127.0021591,37.56620727
파인빌딩, 응암동 103-20,126.9215025,37.59888593
래디앙, 응암동 109-12,126.9211861,37.59937453
동인에버빌, 응암동 109-15,126.9208865,37.59931929
웨스트원 응암, 응암동 109-2,126.9217611,37.6000532
위산 일리온시티, 응암동 110-1,126.92068,37.59988518
신아굿모닝빌, 응암동 110-27,126.9202215,37.59937357
삼영N캐슬, 응암동 110-38,126.9196473,37.59924626
송원하이본, 응암동 111-1,126.918886,37.59945487
아름빌, 응암동 111-12,126.918268,37.59901993
하나테크빌, 응암동 111-13,126.9182129,37.59937681
백명TRENDY, 응암동 111-14,126.9177611,37.5992084
벽계화이트파크, 응암동 111-18,126.918134,37.59897911
대신텔, 응암동 111-57,126.9185966,37.59898646
백명 TRENDY, 응암동 111-61,126.9176903,37.59929733
네오라이프, 응암동 113-23,126.916453,37.59749831
대원아크로빌, 응암동 113-9,126.9167902,37.59809911
예지타운, 응암동 115-18,126.9192475,37.59881375
연일오피스텔, 응암동 115-31,126.9197338,37.59892086
미성드림투유, 응암동 116-15,126.9200128,37.59840081
"	(116-20)	", 응암동 116-20,126.9199202,37.59826727
첼라 오피스텔(117-39), 응암동 117-39,126.9186207,37.59646499
O.K 팰리스, 응암동 118-39,126.9175503,37.5973103
"	(118-49)	", 응암동 118-49,126.9172722,37.59699295
"	(120-14)	", 응암동 120-14,126.9176714,37.59629033
거성리젠시, 응암동 121-52,126.9170669,37.5962686
"	(122-6)	", 응암동 122-6,126.9162139,37.59658702
세영갤러리, 응암동 124-37,126.9176634,37.59469667
아우르미, 응암동 125-11,126.916811,37.59430595
거성리젠시, 응암동 126-10,126.9161132,37.59459517
디우 아르떼, 응암동 126-47,126.9166444,37.59450408
"	(20-2)	", 응암동 20-2,126.9357917,37.60016447
청수Ⅱ빌딩, 응암동 21-3,126.9358855,37.60002541
이레오피스텔, 응암동 30-1,126.9365177,37.599238
디우아르떼빌, 응암동 353-10,126.9182324,37.59031357
디우아르떼빌, 응암동 354-3,126.9180472,37.59046685
동인에버빌, 응암동 366-6,126.9185085,37.59105698
"	(427-113)	", 응암동 427-113,126.9186486,37.59452335
응암하이빌, 응암동 427-42,126.9188851,37.59502161
위산렉스빌, 응암동 589-9,126.9160432,37.59058787
"	(599-4)	", 응암동 599-4,126.916316,37.58906387
뉴캐슬, 응암동 601-24,126.9173125,37.58875532
"	(678-3)	", 응암동 678-3,126.9218972,37.58614062
현대아트빌, 응암동 84-30,126.9260084,37.60209474
한성벨라트리, 응암동 85-14,126.9249911,37.60177211
건우캐스텔, 응암동 88-29,126.9215441,37.60098504
응암아네스트, 응암동 88-8,126.9215347,37.60052109
캐스텔가든, 응암동 89-1,126.9212344,37.60135954
힐 오피스텔, 응암동 89-30,126.9210601,37.60080172
CJ드림시티(91-7), 응암동 91-7,126.9178155,37.59971219
CJ드림시티(91-8), 응암동 91-8,126.9172249,37.59954772
해들목휴먼빌, 응암동 96-35,126.9255781,37.60044778
바비엥-2, 의주로1가 25-10,126.9704135,37.55934419
한남파크뷰, 이태원동 130-11,126.9937318,37.53353451
(33-6), 익선동 33-6,126.9887253,37.5749463
BIZ-WELL 종로 오피스텔, 익선동 34,126.9886527,37.57440679
효성주얼리시티, 인의동 48-2,126.9987177,37.57155753
건대 메이저 캐슬, 자양동 219-24,127.0811376,37.53659605
제이 타워, 자양동 219-8,127.0821793,37.5365487
"	(224-12)	", 자양동 224-12,127.0782921,37.53809021
더샵스타시티, 자양동 227-7,127.0725908,37.53781043
제이원하이텔, 자양동 608-21,127.075852,37.53269957
아스하임, 자양동 626-3,127.0832156,37.5357306
큐브스테이트, 자양동 680-12,127.0847591,37.53619054
결, 자양동 680-6,127.0844101,37.53603097
자양오피스텔(767-4), 자양동 767-4,127.0829154,37.53984011
타워더모스트광진아크로텔, 자양동 779,127.0822632,37.53749891
금강태극빌, 자양동 779-3,127.0820949,37.53725376
드림타운, 자양동 794,127.0773429,37.53773978
광진트라팰리스, 자양동 854,127.0679595,37.53191731
래미안프리미어팰리스, 자양동 859,127.08155,37.53771272
올림픽타워, 잠실동 175-12,127.0804783,37.51143628
잠실 포레디움, 잠실동 176,127.0792372,37.51119618
잠실동 렉스빌2차, 잠실동 176-2,127.0793032,37.51091326
"	(176-8)	", 잠실동 176-8,127.0795192,37.51085064
잠실 M타워, 잠실동 178-6,127.0804102,37.51107284
잠실아이파크, 잠실동 194,127.0800351,37.51005687
팍스빌딩, 잠실동 249,127.0869101,37.50545317
(249-10), 잠실동 249-10,127.0868988,37.50530479
(249-2), 잠실동 249-2,127.0873273,37.50533984
뜨레피움2차, 잠실동 250,127.086678,37.50513706
(250-7), 잠실동 250-7,127.0880737,37.50511292
소미골드라인, 잠실동 251-11,127.088311,37.50538955
The Cubee, 잠실동 251-13,127.0885242,37.50563934
동명하이텔, 잠실동 251-9,127.0888872,37.50578563
(294-23), 잠실동 294-23,127.0784907,37.50553239
(336-16), 잠실동 336-16,127.0865138,37.5043526
잠실포스코더샵, 잠실동 336-5,127.0872851,37.50417728
뜨레피움1차, 잠실동 336-8,127.0872723,37.50389144
갤러리아팰리스, 잠실동 40,127.0938817,37.51109102
신사샤르망에스, 잠원동 15-4,127.0173866,37.51574278
씨티21, 잠원동 76,127.0007596,37.50723397
크레신타워-Ⅰ, 잠원동 8-24,127.0185089,37.51809169
(218-11), 장위동 218-11,127.0442606,37.61854917
모아 뉴캐슬, 장위동 50-33,127.0582272,37.61213827
씨엠오스빌, 장위동 50-35,127.0580155,37.61208419
석계역 한일노벨리아시티, 장위동 8-2,127.0610645,37.61359483
제이매크로 타워, 저동2가 7-2,126.9905411,37.5651469
광화문 플래티넘, 적선동 156,126.9735586,37.57443854
정안타워빌, 정릉동 480-1,127.0120876,37.60291594
월드 오피스텔II, 정릉동 882-5,126.9985329,37.60856653
르메이에르종로타운1, 종로1가 24,126.9699597,37.57219342
라움하우스, 종암동 3-1123,127.0345156,37.60009848
로얄파크빌, 종암동 3-1278,127.0355261,37.59941427
우암에이스타워, 중계동 143,127.0753252,37.66024917
새롬스타빌, 중계동 360-12,127.0762978,37.64849501
"	(506)	", 중계동 506,127.0642607,37.63992867
씨앤미, 중계동 509-1,127.0682362,37.64074924
리아리움더언타워, 중곡동 157-17,127.0807752,37.55740354
아스하임, 중곡동 157-6,127.0804368,37.55720602
"	(158-4)	", 중곡동 158-4,127.081019,37.557614
좋은사람 좋은집, 중곡동 190-3,127.0786512,37.56747545
아뜰리에, 중곡동 341-3,127.0817569,37.55695061
비버리캐슬, 중곡동 41-33,127.082438,37.56186156
정익제이타워1차, 중곡동 639-4,127.0777106,37.55829179
정익제이타워2차, 중곡동 639-6,127.0780146,37.55811355
아지(AZ)0213, 중곡동 648-14,127.0795712,37.55818186
와이위드미, 중곡동 648-19,127.0796622,37.55841787
지·오오피스텔, 중곡동 92-3,127.0885214,37.55588164
더샤이닝, 중화동 208-16,127.0752569,37.59439771
중화동 범양프레체, 중화동 208-4,127.0758851,37.59448225
탑클래스2차, 중화동 305-59,127.0788684,37.60194972
이룸스페이스, 증산동 163-10,126.9113681,37.58590746
은평뉴타운솔하임, 진관동 60,126.9180952,37.63967039
은평뉴타운엘크루, 진관동 65,126.9212089,37.64268737
은평뉴타운 꿈에그린, 진관동 66,126.9200314,37.64017574
웅신 미켈란의아침, 진관동 73,126.91962,37.6352747
EQ빌딩, 창동 13-2,127.0501654,37.65349021
창동 SR스타빌, 창동 135-28,127.0471354,37.65251829
플러스 오피스텔, 창동 181-46,127.0455965,37.65934226
타임프라자, 창동 296-1,127.0414452,37.65565298
창동신원리베르텔, 창동 338,127.0459277,37.651474
창동 한원 힐트리움51, 창동 442-51,127.0411555,37.64225837
파크힐, 창동 443-4,127.0411921,37.64168196
ESA홈타운, 창동 585-1,127.0355007,37.64043664
우성하우스빌, 창동 603-5,127.0399206,37.64142429
노블캐슬오피스텔, 창동 621-4,127.036796,37.6460587
북한산 드림시티, 창동 623-48,127.0362183,37.64441196
북한산 파크, 창동 623-6,127.036675,37.64502241
북한산현대홈시티(624-1), 창동 624-1,127.0341038,37.64505055
태솔유니크빌, 창동 624-15,127.0349508,37.64492383
황지 클래스, 창동 629-25,127.0355395,37.64363348
창동 투웨니퍼스트, 창동 630-5,127.0356209,37.64286605
삼일맨션, 창동 632-1,127.0360144,37.6415174
대원쉐르빌11차, 창동 632-29,127.0349791,37.64052073
The H 2차, 창동 635-31,127.0343332,37.64189944
북한산현대홈시티(647-1), 창동 647-1,127.033728,37.6443421
북한산현대홈시티(647-11), 창동 647-11,127.0342814,37.64401521
야베스오피스텔, 창동 650-32,127.0338503,37.64604506
보성오피스텔, 창동 655-28,127.0342685,37.64660249
"	(659-2)	", 창동 659-2,127.0355053,37.64855169
쌍문하이빌, 창동 659-21,127.0356747,37.64883505
삼성쉐르빌퍼스티, 창동 659-29,127.0347729,37.64791879
"	(661-5)	", 창동 661-5,127.0363567,37.64997548
월가타워, 창동 7,127.049043,37.65223399
DH-D타워, 창동 715-22,127.0398115,37.65471769
JINI vill, 창동 715-9,127.0394239,37.65562127
탑클래스, 창동 731-113,127.0405538,37.6568787
부강애스테이, 창동 731-123,127.0411863,37.65689679
(744-1), 창동 744-1,127.0478854,37.66147079
라르플레이스1단지, 창동 749-14,127.0418574,37.65991455
라르플레이스2단지, 창동 749-15,127.0423015,37.65981432
종로 웰라이프, 창신동 302-1,127.0144167,37.5730226
아남오피스텔, 창천동 20-41,126.9392853,37.55624677
신영스카이텔, 창천동 20-51,126.9390044,37.55618176
신촌 르메이에르타운5, 창천동 29-81,126.938258,37.5560563
홍익사랑, 창천동 490,126.9272731,37.5612256
창천오피스텔, 창천동 92-7,126.9330764,37.56053991
경선파인 오피스텔, 창천동 97-64,126.9321067,37.5615502
더메종277, 천왕동 277-6,126.8388173,37.48140446
신구오피스텔, 천호동 151-2,127.1356311,37.53848022
한성하우징, 천호동 155-3,127.13514,37.53748437
강동역두산위브센티움, 천호동 155-5,127.1346996,37.53721294
정암하이빌, 천호동 161-17,127.1338511,37.53717045
S.I 팰리스, 천호동 163-15,127.1341943,37.53783309
성우스타팰리스, 천호동 163-30,127.1338456,37.53801302
다성이즈빌, 천호동 163-5,127.1331775,37.53816193
현일 디와이디, 천호동 163-7,127.1330602,37.53797376
하이브2, 천호동 164-70,127.1332596,37.53721313
선경오피스텔, 천호동 165-1,127.1321753,37.53853796
1동(166-100), 천호동 166-100,127.1316931,37.53862756
천호동 오피스텔, 천호동 166-107,127.1308409,37.53833891
다성 이즈빌, 천호동 166-59,127.1316563,37.53972068
다성 이즈빌, 천호동 167-102,127.1322714,37.53908926
아이파크뷰, 천호동 167-104,127.1323448,37.53923743
주성아파텔, 천호동 167-117,127.1323316,37.5395713
루체167, 천호동 167-122,127.132036,37.53911549
더존예가, 천호동 167-134,127.1321894,37.53876045
케이디천호, 천호동 167-147,127.1332023,37.53929529
에코 타워빌, 천호동 167-153,127.1329822,37.53938731
더존캐슬, 천호동 167-156,127.132786,37.53911934
더존하우스, 천호동 167-159,127.1327641,37.53921856
다성 이즈빌, 천호동 167-17,127.1336682,37.53900107
예건네스빌, 천호동 167-175,127.1326094,37.53915613
다성이즈빌, 천호동 167-2,127.1327368,37.53893578
아이빌리지, 천호동 167-43,127.1338551,37.53909442
다성 이즈빌, 천호동 167-57,127.1323136,37.53882022
에스아이팰리스, 천호동 167-73,127.1318245,37.53947329
다성 이즈빌, 천호동 167-97,127.132545,37.53939442
(169-1), 천호동 169-1,127.133441,37.53847778
성우스타팰리스, 천호동 169-12,127.1343258,37.53821626
다성 이즈빌, 천호동 169-6,127.1337968,37.5383958
다성 이즈빌, 천호동 169-9,127.1339168,37.53836481
천호네스빌, 천호동 170-2,127.1335798,37.53870301
"	(287-5)	", 천호동 287-5,127.1281679,37.54935981
성우스타팰리스, 천호동 361,127.1277122,37.54490816
두산위브센티움, 천호동 414,127.1269614,37.53945597
엘림스퀘어II, 천호동 416-12,127.1263075,37.54031876
천호역 한강 푸르지오시티, 천호동 425-3,127.1257954,37.54032288
대우 한강 베네시티, 천호동 425-5,127.1249144,37.5405766
"	(431-5)	", 천호동 431-5,127.1234604,37.53997631
쌍용플래티넘리버, 천호동 432-10,127.1235139,37.54032955
대동피렌체리버, 천호동 442-34,127.1239504,37.54115353
힐탑프라자, 천호동 449-49,127.1313541,37.53661744
강동 상떼빌, 천호동 450,127.1304343,37.53701777
오피스텔 트레벨, 천호동 451-20,127.129497,37.53724951
미사 아름채 아파트, 천호동 452-15,127.1282524,37.53839905
비전그린오피스텔, 천호동 452-21,127.1285742,37.53830164
어바니엘, 천호동 452-22,127.1288668,37.53822274
엘림스퀘어, 천호동 452-5,127.1288808,37.53801529
드림하우스, 천호동 452-6,127.12868,37.53808943
한강리버빌, 천호동 466-3,127.1212532,37.5420944
프라임빌딩, 천호동 50-13,127.1416991,37.54316718
상떼 오피스텔, 천호동 554-2,127.1296578,37.54026994
스카이캐슬라, 천호동 562,127.1306207,37.53959384
더결블레스, 천호동 562-2,127.1306978,37.5394067
천호태영, 천호동 566,127.1299581,37.53820191
더 리버스 청담, 청담동 130-8,127.0553268,37.52434538
"	(46-3)	", 청담동 46-3,127.0488883,37.51927301
경원오피스텔, 청담동 5,127.045061,37.52358556
아노블리81, 청담동 91-2,127.0416188,37.52387933
용산 다올 노블리움, 청파동3가 80-6,126.9703422,37.54191605
명동 엠퍼스트플레이스, 충무로2가 48-2,126.9916055,37.56314412
엘크루 메트로시티, 충무로3가 49,126.9925109,37.56556889
이지마루 충무로, 충무로5가 36-19,127.0011973,37.56384835
충무로엘크루메트로시티2, 충무로5가 36-2,126.9901064,37.56152545
서대문 디오빌 오피스텔, 충정로2가 192,126.961609,37.56248515
충정리시온, 충정로3가 465,126.9593997,37.56433409
스타빌딩, 필동1가 22-2,126.9922287,37.56084285
파크뷰타워, 필운동 285-5,126.969485,37.57570564
삼정 이오니아, 하계동 256-13,127.0739265,37.63984927
센트라스, 하왕십리동 1070,127.0284459,37.56633795
왕십리 모노퍼스 주상복합, 하왕십리동 286-2,127.0293187,37.5695443
동인드림힐스, 하왕십리동 890-181,127.0285565,37.56424858
리오파크 오피스텔, 하왕십리동 898-2,127.0274819,37.56466068
동인 레반트 오피스텔, 하왕십리동 903-3,127.0290049,37.56422574
HK팰리스, 하월곡동 90-1261,127.032205,37.60553931
명남더블레스, 하월곡동 90-1817,127.0325486,37.60561306
웰유, 하월곡동 90-219,127.0324419,37.60409492
갤럭시하월곡, 하월곡동 90-260,127.0328262,37.60408388
라움하우스 월곡, 하월곡동 90-713,127.0329957,37.60351844
용산파크자이, 한강로1가 50-1,126.9697165,37.52339994
대우 월드마크 용산, 한강로1가 64,126.9728168,37.53582038
한강로 대우아이빌, 한강로2가 2-11,126.9717128,37.53535274
위너스타워, 한강로2가 2-132,126.9712365,37.53623091
한강현대하이엘, 한강로2가 2-36,126.9712365,37.53623091
용산 토투벨리, 한강로2가 2-37,126.9606578,37.52381551
한강로벽산메가트리움, 한강로2가 2-8,126.9702518,37.53395435
대우디오빌한강로오피스텔, 한강로2가 312-4,126.9713629,37.53555102
아스테리움 용산, 한강로2가 419,126.9703293,37.53392907
용산푸르지오써밋, 한강로2가 420,126.9703293,37.53392907
한강대우트럼프월드3, 한강로3가 65-230,126.9718286,37.53559964
"	(726-116)	", 한남동 726-116,127.0040615,37.54118344
SK리쳄블, 합동 116,126.9661891,37.56126368
충정로대우디오빌, 합동 117,126.9655972,37.56079507
성동샤르망, 행당동 192-29,127.0367835,37.56488897
(286-24), 행당동 286-24,127.0343408,37.56114564
왕십리 큐브스테이트, 행당동 286-25,127.0342529,37.56105097
퍼스트에비뉴, 행당동 286-38,127.0340313,37.56106363
왕십리역이스타빌, 행당동 287-15,127.0345929,37.56120627
1동, 행당동 292-28,127.0333245,37.56110174
코지펠리스, 홍은동 165-2,126.9386931,37.59627466
서대문 노블루체, 홍은동 274-32,126.9358169,37.5807404
동림오벨리스크, 홍은동 396-25,126.9288529,37.57988415
디에이원파크, 홍은동 400-3,126.9257511,37.58237258
A동, 홍은동 400-6,126.9259989,37.58212296
신영오피스텔, 홍은동 427,126.9366856,37.58201754
뉴센트빌, 홍익동 125-1,127.0358939,37.56572727
뉴센트빌, 홍익동 144,127.0357355,37.56511503
비앤리베스텔, 홍익동 146-1,127.0357781,37.56544337
세검정아트오피스텔, 홍지동 104-21,126.9607108,37.59919303
서명더퍼스트, 화곡동 1026-25,126.837588,37.54496836
경동엠파이어시티 101동, 화곡동 1051-1,126.8387996,37.54289199
아델리아Ⅴ, 화곡동 105-370,126.8422767,37.54145462
화곡투웨니퍼스트, 화곡동 105-378,126.8420945,37.54125187
화신오피스텔, 화곡동 105-398,126.8419337,37.54105311
세명 더블라썸, 화곡동 1063-10,126.8415453,37.54243039
"	(1063-17)	", 화곡동 1063-17,126.8416014,37.5426608
동인쉐르빌, 화곡동 1063-5,126.8413439,37.5425776
서안EZtel, 화곡동 1063-8,126.8417342,37.54252521
강서2차 크라운팰리스, 화곡동 1070-11,126.8352966,37.53994382
거영오피스텔, 화곡동 1073-9,126.8372806,37.5404165
그린오피스텔, 화곡동 1074-20,126.8393277,37.54077794
오피스텔(1075-18), 화곡동 1075-18,126.8402626,37.54085301
월드빌, 화곡동 1075-20,126.8404064,37.54079895
디아인스, 화곡동 1075-27,126.8405804,37.54081073
(1075-5), 화곡동 1075-5,126.8400971,37.54113582
한나일프레이즈, 화곡동 1097-6,126.8504687,37.55358922
예가채 Ⅱ, 화곡동 1105-10,126.8497976,37.55266108
우장산 자하클래식, 화곡동 1105-3,126.8499395,37.55255538
연우넥스트뷰, 화곡동 1107-3,126.8538913,37.55475564
연우넥스트파크뷰, 화곡동 1110,126.8526313,37.55484878
SJ라벨라, 화곡동 1111,126.8523299,37.55494333
경동엠파이어스테이트, 화곡동 1111-3,126.8518591,37.55430052
포유, 화곡동 1111-4,126.8517158,37.55402897
지엠벨리, 화곡동 1116-5,126.8512916,37.55344841
킹덤그레이스, 화곡동 111-84,126.8440282,37.54504189
강서 동도센트리움, 화곡동 1161,126.8528944,37.55467617
"	(24-103)	", 화곡동 24-103,126.8463612,37.54612749
"	(24-104)	", 화곡동 24-104,126.8464931,37.54606034
아델리아I, 화곡동 24-140,126.846342,37.54533707
리젠트라움-화곡, 화곡동 24-152,126.8471134,37.5457115
자하클래식, 화곡동 24-39,126.8468123,37.5480899
BK힐타운 화곡, 화곡동 24-43,126.8466773,37.54757364
대흥오피스텔, 화곡동 24-53,126.8470579,37.54696177
포엠빌, 화곡동 24-65,126.8460159,37.54678907
더플러스, 화곡동 24-76,126.8468894,37.54630454
아덴하임, 화곡동 24-92,126.8454706,37.54625476
동인오피스텔, 화곡동 29-39,126.847483,37.54675142
화성오피스텔(29-45), 화곡동 29-45,126.8477107,37.54647541
화성오피스텔(29-46), 화곡동 29-46,126.8478572,37.54640195
화성오피스텔(29-62), 화곡동 29-62,126.8481155,37.54600586
"	(343-66)	", 화곡동 343-66,126.8465722,37.53071653
멀티하우스, 화곡동 350-37,126.845167,37.53380863
골든빌, 화곡동 367-51,126.8419993,37.53809596
덕용팰리체, 화곡동 371-21,126.8381915,37.53692368
에이탑, 화곡동 400-51,126.8405802,37.5381673
에이탑오피스텔, 화곡동 70-5,126.8451187,37.54555685
우장산투웨니퍼스트, 화곡동 72-3,126.8462359,37.54732539
씨앤케이, 화곡동 779-9,126.8620473,37.53200185
(899-19), 화곡동 899-19,126.8462199,37.53023863
세림, 화곡동 899-2,126.8466967,37.53024886
양지샤인아파트, 화곡동 899-21,126.8460664,37.53018006
GM Valley, 화곡동 899-27,126.8455711,37.53036776
엠타워, 화곡동 899-29,126.8458919,37.53034358
동양하우징, 화곡동 899-4,126.8468008,37.53002905
월드오피스텔, 화곡동 899-43,126.84624,37.53037168
스위트132드림하우스, 화곡동 900-32,126.8454345,37.52996419
KM파크빌, 화곡동 903-11,126.847421,37.52930436
제이투오피스텔, 화곡동 903-5,126.8475854,37.52926956
화곡팰리스, 화곡동 904-3,126.8478101,37.52902431
"	(908-4)	", 화곡동 908-4,126.8470348,37.52794566
세교예지안5차, 화곡동 914-32,126.8445706,37.52910467
우공팰리스, 화곡동 916-32,126.8432915,37.52936115
천우네오젠 9차 및 오피스텔, 화곡동 916-6,126.8429541,37.5293898
삼성다빈치, 화곡동 917-14,126.8438295,37.52938948
세림아파트, 화곡동 917-4,126.8439598,37.52984012
베스트빌(917-7), 화곡동 917-7,126.8441296,37.52944142
청솔펠리스, 화곡동 920-16,126.8418454,37.53008299
청담라인씨티, 화곡동 920-17,126.8420349,37.53009481
(920-5), 화곡동 920-5,126.8424284,37.53014446
해평스퀘어, 화곡동 922-11,126.8404673,37.52939729
리치아파트, 화곡동 924-1,126.8420079,37.52969675
세교예지안6차, 화곡동 924-15,126.8415584,37.52911388
리치아파트 102동, 화곡동 924-24,126.8418064,37.52968663
세교예지안2차, 화곡동 925-11,126.8425763,37.52954164
아델스하임, 화곡동 925-22,126.8422984,37.52917403
"	(925-3)	", 화곡동 925-3,126.8427159,37.529637
메종드로제, 화곡동 926-3,126.842629,37.52881777
한양아이클래스, 화곡동 926-5,126.8419326,37.52885586
골든라인씨티, 화곡동 935-15,126.8393811,37.52854719
에스엠케이오피스텔, 화곡동 937-13,126.8390899,37.52931458
대성케이제이, 화곡동 937-14,126.8389582,37.52935112
창우이지스1, 화곡동 937-24,126.8395071,37.52954948
도양라비앙오피스텔, 화곡동 937-7,126.8398253,37.52934803
에스엠케이아파트, 화곡동 938-23,126.8395096,37.52997791
(938-3), 화곡동 938-3,126.8398336,37.5298025
웰타운B, 화곡동 938-5,126.839706,37.52976003
늘예솔하우스, 화곡동 938-9,126.8394133,37.52979577
서광프리메라, 화곡동 981-1,126.8487498,37.55031269
엠제이타운, 화곡동 981-3,126.8484452,37.55003412
넥시티, 화곡동 981-5,126.8486367,37.54993395
거산풀하우스, 화곡동 982-12,126.8481376,37.54927526
동도 센트리움 오피스텔, 화곡동 982-13,126.8478122,37.54915563
크라운뷰, 화곡동 982-17,126.8475278,37.54897585
강서구청 파크뷰 에버, 화곡동 987-1,126.8484764,37.55099572
강서크라운팰리스, 화곡동 998-5,126.8492508,37.55175373
아스하임, 화양동 111-102,127.0720674,37.54746342
BLUE SKY, 화양동 111-73,127.072355,37.54704059
(111-88), 화양동 111-88,127.0737273,37.54566142
광진 코지웰, 화양동 113-1,127.0718473,37.54703068
화양동 동도센트리움 캠퍼스파크, 화양동 116-2,127.070902,37.5475994
아스하임, 화양동 17-16,127.0700184,37.54711367
세종에버그린, 화양동 17-68,127.0692959,37.54663654
세종에버그린, 화양동 17-92,127.0692353,37.54652383
화양 디펠리체, 화양동 18-9,127.0696405,37.54781158
하이뷰오피스텔, 화양동 193,127.0723016,37.54739165
SHEEL TOWER, 화양동 19-52,127.0688339,37.54710365
광진안틸리아, 화양동 20-5,127.0680814,37.54723631
광진안틸리아, 화양동 20-8,127.0678619,37.54717998
광진캠퍼스시티, 화양동 21-20,127.0678763,37.5478192
케이타워 오피스텔 B, 화양동 21-22,127.0686006,37.54769075
케이타워 오피스텔 A, 화양동 21-23,127.0687088,37.5478072
글로벌시티, 화양동 49-12,127.0663867,37.54167446
캠퍼니안, 화양동 93-3,127.0737479,37.54506946
"	(98-1)	", 화양동 98-1,127.0724461,37.54575722
-1079, 황학동 1079,127.0227915,37.56759226
위너빌(Winnervill), 황학동 1200,127.0214058,37.56772113
벨로하우스황학, 황학동 1565,127.0221512,37.56916647
동광팰리스, 황학동 1572,127.022609,37.56955691
MAVL PLACE, 황학동 1596,127.023268,37.56911608
블루카운티Ⅱ, 황학동 1628,127.0224157,37.56952617
OR Plus Loft 오피스텔, 황학동 1694,127.023171,37.5701883
청계 블루카운티, 황학동 1720,127.0220494,37.57020258
다올노블리움A동, 황학동 1744,127.0210308,37.57032968
다올 노블리움 B동, 황학동 1744-1,127.0209957,37.57018114
골든빌, 황학동 1752,127.0208551,37.56945761
황학동 1931 주거복합 시설, 황학동 1930,127.020347,37.57004439
-2022, 황학동 2022,127.0209492,37.56906422
신당역올리브2, 황학동 2484,127.0226259,37.56562088
하늘드리움, 황학동 656,127.0211787,37.56676766
한양 I-Class, 황학동 787,127.0233009,37.56709782
올리브1, 황학동 808,127.0233281,37.56616957
"	DUO302	", 황학동 819,127.0232798,37.56657321
아미인, 황학동 836,127.022849,37.56628806
신당블루카운티, 황학동 846,127.022522,37.56630004
하늘드리움2차, 황학동 876,127.0219867,37.56668608
황학동 코아루, 황학동 882,127.0224774,37.56670804
센트럴시티대학로, 효제동 167,127.0044892,37.5725341
반도 보라 아이비 타워, 효제동 45,127.0013426,37.57479953
포레스트힐시티, 효제동 65-2,127.0018365,37.57420143
동대문 와이즈 캐슬, 흥인동 119,127.0154676,37.56584496
청계천 두산위브더제니스, 흥인동 13-1,127.0170938,37.56685277
위더스하임, 흥인동 142-1,127.0142203,37.56608449
동대문솔하임, 흥인동 8,127.0163463,37.5677469
리마크빌 동대문, 흥인동 86,127.0165976,37.5660029
