소재지번,위도,경도
서울특별시 강서구 등촌동719,37.5457992368953,126.862059678212
서울특별시 강동구 길동386-8,37.5377088274035,127.137339528789
서울특별시 은평구 갈현동468-4,37.612430593363,126.916129687327
서울특별시 영등포구 신길동22-5,37.5174637381135,126.917729582162
서울특별시 강남구 삼성동78-3,37.5193100746842,127.058029524942
서울특별시 관악구 남현동602-18,37.4748095902531,126.980664019831
서울특별시 마포구 아현동331-29,37.5568452289871,126.953651042949
서울특별시 성동구 홍익동125-1,37.5657272706747,127.035893902084
서울특별시 서대문구 연희동122-3,37.5696418151601,126.930947862993
서울특별시 성북구 정릉동141-4,37.6029129089831,127.012431798702
서울특별시 동대문구 장안동364-9,37.5682586668027,127.069890613563
서울특별시 강남구 삼성동157-18,37.5081641125804,127.057468903794
서울특별시 동대문구 이문동327-7,37.5949967838825,127.05908922562
서울특별시 성동구 도선동268,37.5632286102502,127.032985042907
서울특별시 서초구 서초동1328-7,37.4953221157033,127.028340982108
서울특별시 용산구 문배동40-31,37.5378933328723,126.967924805754
서울특별시 영등포구 당산동1가186-105,37.5225658328899,126.899737386713
서울특별시 금천구 가산동238-25,37.4722456831639,126.888675885205
서울특별시 동대문구 장안동374-1,37.5685323643587,127.068770958325
서울특별시 용산구 문배동11-34,37.5377939028052,126.96943610721
서울특별시 성동구 하왕십리동1070,37.5663379455023,127.028445899926
서울특별시 강서구 화곡동982-13,37.5491556291624,126.847812235516
서울특별시 광진구 구의동236-25,37.5429468445095,127.084668190516
서울특별시 서초구 양재동275-3,37.4765915526732,127.044277809522
서울특별시 성동구 성수동2가299-175,37.5487096820561,127.053760788834
서울특별시 서초구 서초동1582-3,37.4869756444659,127.011549158301
서울특별시 은평구 대조동179-47,37.6071199714028,126.922621409529
서울특별시 서초구 양재동3-14,37.4824852730788,127.036738397653
서울특별시 구로구 오류동55-16,37.4958704185078,126.845058209544
서울특별시 서초구 서초동1328-11,37.4947837999952,127.028598057648
서울특별시 동대문구 전농동601-2,37.5859463956531,127.052020900511
서울특별시 강동구 길동388-5,37.5374727879039,127.138897929831
서울특별시 강동구 둔촌동425-15,37.533237441865,127.139909653773
서울특별시 은평구 응암동85-14,37.6017721142623,126.924991148244
서울특별시 강동구 길동457-4,37.5347900500616,127.137237466196
서울특별시 영등포구 도림동820,37.5094399484556,126.8942354733
서울특별시 강남구 역삼동826-37,37.4954049665282,127.030403298367
서울특별시 서초구 서초동1337-21,37.4917906929221,127.029655496658
서울특별시 마포구 성산동592-5,37.5643056393753,126.903715405171
서울특별시 송파구 오금동45-4,37.5037371227992,127.126928646002
서울특별시 영등포구 신길동96-13,37.5141598358472,126.919890189292
서울특별시 은평구 대조동186-3,37.6174707774056,126.922208036053
서울특별시 구로구 구로동98-10,37.4953373270861,126.890444744966
서울특별시 영등포구 영등포동618-22,37.5142973601298,126.908411074804
서울특별시 은평구 대조동197-3,37.6176376038872,126.921015611898
서울특별시 강동구 길동387-4,37.538161330035,127.138401905899
서울특별시 마포구 성산동592-6,37.5642251154622,126.903200638828
서울특별시 강서구 화곡동1161,37.5546761666319,126.852894370042
서울특별시 송파구 가락동99-3,37.4933330855811,127.118749536899
서울특별시 서초구 서초동1327-29,37.4949428649795,127.027421420831
서울특별시 강서구 화곡동402-4,37.5400346340793,126.840917627322
서울특별시 송파구 가락동180-5,37.4930797447786,127.13622920832
서울특별시 도봉구 창동621-4,37.6460586978709,127.036796021551
서울특별시 성동구 금호동4가1028,37.5468687169486,127.018855798972
서울특별시 마포구 공덕동26-4,37.5438817321472,126.953275371849
서울특별시 관악구 신림동1474-15,37.4813239152161,126.913558146837
서울특별시 성동구 도선동22-1,37.5623658155744,127.03561565902
서울특별시 도봉구 창동338,37.651473996214,127.045927663025
서울특별시 영등포구 여의도동15-24,37.5275517214614,126.91959392541
서울특별시 강서구 화곡동46-208,37.5453356701511,126.84790832846
서울특별시 강동구 천호동164-70,37.5372131327462,127.133259580603
서울특별시 송파구 가락동98-7,37.4942712514689,127.119416379376
서울특별시 강서구 화곡동917-14,37.5293894755905,126.843829460695
서울특별시 마포구 성산동50-10,37.5652334796074,126.913042527306
서울특별시 은평구 응암동116-21,37.5980798650856,126.91985193307
서울특별시 금천구 독산동333-2,37.4700281689382,126.890921381327
서울특별시 도봉구 창동424-3,37.64587008648,127.049281531521
서울특별시 영등포구 신길동4300-10,37.4985320306589,126.9182814355
서울특별시 강동구 강일동677-5,37.5653152547171,127.173074386971
서울특별시 강서구 화곡동916-32,37.5293611486047,126.84329148891
서울특별시 동대문구 용두동104-34,37.5773101865294,127.033128574231
서울특별시 동대문구 신설동72-8,37.5774115377908,127.025486949518
서울특별시 강남구 역삼동702-23,37.504170338953,127.046414502318
서울특별시 중랑구 면목동90-64,37.5935944314727,127.091410188998
서울특별시 은평구 응암동85-19,37.6017779696399,126.925547855912
서울특별시 금천구 독산동1044,37.4627673283973,126.903457377621
서울특별시 동대문구 답십리동488-338,37.5664722848518,127.056565311692
서울특별시 영등포구 당산동4가27-5,37.5286858194299,126.901928278346
서울특별시 구로구 오류동46-1,37.4986485320515,126.836346521433
서울특별시 노원구 상계동330-29,37.6564579625502,127.066115009983
서울특별시 강서구 등촌동641-9,37.5565662639346,126.856473012923
서울특별시 용산구 문배동17-1,37.5374170481106,126.967438056847
서울특별시 용산구 한강로2가422,37.5347850168573,126.970969070574
서울특별시 강동구 천호동447-3,37.536132786097,127.134396468594
서울특별시 은평구 응암동111-13,37.5993768111443,126.918212872636
서울특별시 구로구 오류동6-63,37.4952254912885,126.840548226845
서울특별시 영등포구 당산동5가9-2,37.5332374640205,126.900573251813
서울특별시 종로구 내수동72,37.5736451462233,126.972083693674
서울특별시 서초구 서초동1338-8,37.4899080650134,127.030205537859
서울특별시 노원구 중계동360-9,37.6495792871236,127.076381167668
서울특별시 강북구 미아동160-3,37.6342260671377,127.023948410115
서울특별시 영등포구 양평동3가17-1,37.5257856582093,126.887168999427
서울특별시 강서구 화곡동926-3,37.5288177716753,126.842628992875
서울특별시 강동구 천호동163-7,37.537973755444,127.133060205319
서울특별시 구로구 오류동9-231,37.4896761473693,126.833353532217
서울특별시 동대문구 장안동431-5,37.563478057965,127.065218395924
서울특별시 동대문구 장안동335-10,37.5717413481645,127.072988824019
서울특별시 영등포구 신길동59-2,37.5150944638707,126.918069144181
서울특별시 용산구 원효로2가1,37.5418548122147,126.969007365755
서울특별시 영등포구 영등포동3가17,37.5173520945163,126.916228757024
서울특별시 광진구 구의동218-15,37.5385596044021,127.091971182308
서울특별시 영등포구 영등포동7가94-13,37.524575780604,126.908678561564
서울특별시 종로구 숭인동1421,37.5737460600922,127.022367625916
서울특별시 서초구 서초동1309-1,37.5020589611746,127.024033308338
서울특별시 구로구 오류동51-31,37.4954100435767,126.843347930728
서울특별시 강남구 삼성동45-9,37.5123929681552,127.050080036626
서울특별시 송파구 마천동42-8,37.4989236898188,127.147328500973
서울특별시 송파구 송파동86-20,37.5048242753883,127.108463456952
서울특별시 구로구 구로동685-204,37.4938530090149,126.872428400169
서울특별시 성동구 행당동377,37.5551320448462,127.040366550482
서울특별시 관악구 봉천동870-1,37.4905059021822,126.960260971294
서울특별시 강서구 화곡동918-2,37.5302300165934,126.845334828588
서울특별시 서초구 우면동755,37.4567674328139,127.015373136721
서울특별시 강남구 역삼동824-12,37.4973949157024,127.030231884727
서울특별시 동대문구 장안동373-1,37.5697543904943,127.069730270467
서울특별시 마포구 아현동737,37.5519973360277,126.956517672893
서울특별시 관악구 봉천동867-4,37.4800371024469,126.950860656749
서울특별시 마포구 대흥동12-33,37.5563199244158,126.943641665466
서울특별시 동대문구 장안동313-8,37.5781436514368,127.072798327579
서울특별시 성동구 하왕십리동286-2,37.5695443045313,127.029318715531
서울특별시 송파구 방이동51-11,37.5158167069685,127.115175115908
서울특별시 영등포구 영등포동6가3-2,37.5186168734936,126.910322052047
서울특별시 종로구 신문로1가163,37.5697315469051,126.974899242819
서울특별시 서초구 서초동1319-13,37.4964400155241,127.027807119696
서울특별시 송파구 송파동18-9,37.5064304562422,127.107934992152
서울특별시 구로구 구로동187-4,37.4854234248698,126.899492849115
서울특별시 송파구 가락동159-11,37.4986093999032,127.119875313884
서울특별시 종로구 숭인동296-19,37.5724090987017,127.016728265852
서울특별시 광진구 군자동91-1,37.5574628255187,127.073004030205
서울특별시 중랑구 상봉동81-5,37.5970703422814,127.091207303718
서울특별시 강남구 자곡동600,37.4749989163094,127.103810354431
서울특별시 강동구 천호동163-15,37.5378330867261,127.13419429385
서울특별시 강동구 길동445-1,37.535552999965,127.134972655998
서울특별시 마포구 성산동593-11,37.5648488503912,126.904953835735
서울특별시 중구 을지로5가77-2,37.5665184318187,127.003340460706
서울특별시 서초구 서초동1588-3,37.4860222897796,127.014144472533
서울특별시 마포구 서교동357-1,37.5535604918556,126.921673833455
서울특별시 강서구 가양동1479-8,37.5637129806067,126.850877429557
서울특별시 금천구 시흥동789-49,37.4616731992892,126.905178757518
서울특별시 마포구 상암동1734,37.5870827285343,126.883344921319
서울특별시 중랑구 면목동616-32,37.5799558924824,127.089119786568
서울특별시 서대문구 창천동29-81,37.5560563038993,126.938258034228
서울특별시 용산구 원효로1가112-4,37.540970276109,126.970348516079
서울특별시 광진구 구의동199-23,37.5394329898022,127.094625729782
서울특별시 강남구 자곡동651,37.47360813774,127.103020088083
서울특별시 송파구 삼전동182-8,37.4993494867053,127.09628971928
서울특별시 동대문구 이문동288-28,37.5965056416434,127.061038380411
서울특별시 구로구 구로동97,37.4838472259021,126.900387482641
서울특별시 서대문구 연희동78-4,37.5732637528659,126.93509426918
서울특별시 양천구 목동516-2,37.5467940019198,126.877192945059
서울특별시 동대문구 장안동306-3,37.5734760881433,127.071520503746
서울특별시 강서구 화곡동1051-24,37.5421652794789,126.839233596427
서울특별시 동작구 대방동20-7,37.5099214337687,126.931763170853
서울특별시 강남구 역삼동822-7,37.498970798519,127.02953693933
서울특별시 동대문구 휘경동330,37.5919740966203,127.058678063915
서울특별시 강동구 명일동47-2,37.5540536144014,127.154766938406
서울특별시 마포구 신공덕동167,37.5434895493352,126.952868227397
서울특별시 동작구 대방동394-26,37.5001557386983,126.927063319157
서울특별시 강서구 등촌동681-3,37.5633982334162,126.840196943351
서울특별시 광진구 광장동110,37.5513993147012,127.110332895824
서울특별시 관악구 봉천동1574-1,37.4788851591714,126.947725947274
서울특별시 서대문구 연희동218-11,37.5646276803851,126.928189143391
서울특별시 강북구 수유동223-1,37.638895791103,127.023070242286
서울특별시 서초구 잠원동8-24,37.5138005725811,127.017125646803
서울특별시 관악구 신림동1638-1,37.4822403780185,126.92891518784
서울특별시 광진구 화양동21-22,37.5476907488654,127.068600639251
서울특별시 강남구 역삼동707-38,37.5032340391642,127.047191267584
서울특별시 광진구 자양동767-4,37.5398401061193,127.08291542659
서울특별시 영등포구 대림동1122,37.485991524158,126.902244601605
서울특별시 도봉구 창동632-29,37.6405207260326,127.034979099013
서울특별시 영등포구 도림동265-1,37.5078480276592,126.895972677725
서울특별시 마포구 합정동381-16,37.5482691554574,126.912095625904
서울특별시 영등포구 영등포동7가94-328,37.5244562301502,126.908468701708
서울특별시 은평구 응암동109-37,37.5992130728643,126.921006274429
서울특별시 중구 황학동1452,37.568787507286,127.022558673178
서울특별시 강서구 화곡동24-65,37.5467890669755,126.846015881364
서울특별시 송파구 방이동50-10,37.5154956601512,127.114510816873
서울특별시 양천구 신월동506-8,37.5233038293026,126.848363108695
서울특별시 성북구 동선동4가295-4,37.5958902626388,127.02019976307
서울특별시 동대문구 장안동342-11,37.5706562770021,127.072941365063
서울특별시 영등포구 양평동3가34,37.5249831240674,126.884687498373
서울특별시 강동구 길동456-3,37.5354371260927,127.137100590054
서울특별시 강남구 수서동716,37.4884568671651,127.104195014877
서울특별시 영등포구 도림동195-9,37.5115600023204,126.899220758954
서울특별시 영등포구 당산동3가396-20,37.5263703374356,126.895025668006
서울특별시 관악구 신림동1523-1,37.47041384813,126.934475221344
서울특별시 금천구 시흥동108-62,37.4576660658168,126.898928078878
서울특별시 중랑구 상봉동87-43,37.5938930399326,127.089678317713
서울특별시 중랑구 신내동644,37.6154839914532,127.094443771997
서울특별시 은평구 갈현동468-5,37.612627830093,126.916123833587
서울특별시 금천구 독산동999-10,37.4684669982395,126.890782448951
서울특별시 강남구 논현동225-6,37.5105480529467,127.035952631731
서울특별시 마포구 서교동354-9,37.5539275432084,126.92076172786
서울특별시 용산구 한강로3가63-387,37.5260972243443,126.969789420505
서울특별시 금천구 가산동235-84,37.4732310449173,126.891550439534
서울특별시 도봉구 창동10,37.6547836394166,127.050797670707
서울특별시 강서구 마곡동747,37.5604152029516,126.826754986743
서울특별시 송파구 신천동11-4,37.5174422476601,127.103565383923
서울특별시 용산구 문배동11-10,37.5377614003459,126.968780237794
서울특별시 강서구 등촌동628-17,37.5591301807361,126.856820383
서울특별시 은평구 응암동121-52,37.5962685955578,126.91706691302
서울특별시 종로구 수송동58,37.5725578945143,126.981828404737
서울특별시 도봉구 도봉동62-1,37.6906257275458,127.04935856876
서울특별시 관악구 봉천동856-5,37.4796213939616,126.952788451113
서울특별시 관악구 봉천동867-12,37.4796711135277,126.950446669045
서울특별시 영등포구 당산동6가306-1,37.5349246338744,126.902252194515
서울특별시 강서구 등촌동628,37.5604784433556,126.855638197046
서울특별시 동대문구 장안동372-9,37.5710604624218,127.070228677318
서울특별시 광진구 자양동779,37.5374989137458,127.08226319049
서울특별시 중구 장충동2가173-2,37.5626381094627,127.002320035238
서울특별시 광진구 구의동251-34,37.5400140016866,127.083487918594
서울특별시 종로구 관철동155,37.5688973273051,126.985088370151
서울특별시 금천구 독산동146-16,37.4749313119052,126.898102977791
서울특별시 마포구 창전동149-1,37.5458479343972,126.931282006599
서울특별시 강남구 역삼동823-3,37.498425428788,127.031695829018
서울특별시 관악구 봉천동867-9,37.4797803645155,126.950770527333
서울특별시 강동구 강일동675-1,37.5657015160722,127.173716438223
서울특별시 관악구 봉천동1568-2,37.4790100125101,126.950509121439
서울특별시 동대문구 휘경동319-5,37.5895331226845,127.056435484744
서울특별시 중랑구 중화동307-4,37.6044028807979,127.078286441371
서울특별시 강남구 역삼동837-18,37.4913730459075,127.032524620269
서울특별시 양천구 목동907-23,37.535863990224,126.88027951522
서울특별시 서초구 서초동1677-1,37.494716293682,127.018281837048
서울특별시 강남구 논현동96,37.5141988351104,127.02476178482
서울특별시 강남구 삼성동157-14,37.508595625561,127.057225349288
서울특별시 강서구 마곡동6-4,37.5752575237938,126.836955719119
서울특별시 양천구 목동909-4,37.5376724073902,126.884740037093
서울특별시 송파구 방이동49-5,37.5152792566741,127.113562775163
서울특별시 서초구 서초동1327,37.4956258667544,127.027095236952
서울특별시 노원구 상계동1262,37.6791078501215,127.054885125684
서울특별시 금천구 독산동960-11,37.4781373680937,126.90431087043
서울특별시 영등포구 여의도동61-4,37.5189971745885,126.939048038709
서울특별시 구로구 오류동47-24,37.4944213358589,126.841353903951
서울특별시 은평구 불광동305-1,37.6183258434778,126.923364484796
서울특별시 종로구 효제동45,37.5747995336933,127.001342631016
서울특별시 서초구 서초동1303-16,37.5027502065337,127.023882060058
서울특별시 영등포구 당산동3가558-3,37.5270204139451,126.892636544609
서울특별시 용산구 한강로3가16-91,37.5311108290834,126.955083328153
서울특별시 종로구 숭인동298-9,37.5727664735318,127.016416301786
서울특별시 강서구 화곡동938-5,37.529760033881,126.83970599058
서울특별시 영등포구 여의도동14-8,37.5295961500108,126.920258306041
서울특별시 광진구 중곡동639-4,37.5582917850136,127.077710586528
서울특별시 은평구 응암동126-15,37.5945709959822,126.915933561738
서울특별시 금천구 독산동1156,37.4610939379188,126.896786119776
서울특별시 관악구 봉천동37-82,37.4871971333924,126.957943411874
서울특별시 은평구 응암동590-18,37.5898325202902,126.915752800567
서울특별시 구로구 구로동97-8,37.496244143516,126.892190145177
서울특별시 은평구 응암동111-20,37.5988497877306,126.917649713447
서울특별시 금천구 가산동148-37,37.4758413155882,126.896141481528
서울특별시 송파구 방이동22-5,37.5146406199052,127.107426625178
서울특별시 구로구 구로동186-7,37.4860630725736,126.898599904924
서울특별시 용산구 문배동11-14,37.5374902696805,126.969657973409
서울특별시 영등포구 영등포동3가20,37.518420810906,126.910837216629
서울특별시 서초구 방배동752-36,37.4978800123341,126.984604089078
서울특별시 영등포구 영등포동8가51-1,37.5269587203788,126.905871025611
서울특별시 강서구 화곡동904-3,37.5290243132461,126.847810066027
서울특별시 강동구 천호동425-5,37.5405765959571,127.124914365859
서울특별시 동대문구 장안동382-5,37.5694326652457,127.068607159375
서울특별시 송파구 거여동35-2,37.4930410159072,127.148752195741
서울특별시 강서구 등촌동648-11,37.5519490051495,126.864287404414
서울특별시 마포구 노고산동31-90,37.5533980346276,126.937484119867
서울특별시 용산구 문배동24-8,37.5367060942087,126.969538646242
서울특별시 서대문구 합동117,37.5607950704487,126.96559718031
서울특별시 중랑구 면목동105-4,37.5886364178946,127.089599930231
서울특별시 은평구 구산동2-5,37.6113542929848,126.915826065008
서울특별시 관악구 신림동725-7,37.4733857934113,126.917798051404
서울특별시 강남구 청담동129-16,37.5253476139606,127.053417969508
서울특별시 관악구 신림동1421-1,37.4855889738247,126.932060696276
서울특별시 강동구 천호동151-2,37.5384802191743,127.135631106287
서울특별시 종로구 내수동75,37.5734184939875,126.973256799429
서울특별시 송파구 방이동49-4,37.5154589789105,127.113680836207
서울특별시 강북구 수유동50-17,37.6334176115666,127.021840933263
서울특별시 금천구 시흥동987-14,37.4488523527092,126.901978914018
서울특별시 서대문구 대현동56-10,37.5585484573734,126.944953888612
서울특별시 중구 을지로4가187-9,37.5661887613561,126.999022511875
서울특별시 구로구 구로동44-8,37.5021157487656,126.89139109473
서울특별시 동대문구 용두동104-3,37.5777730621038,127.03278652069
서울특별시 동대문구 장안동416-2,37.5622710100244,127.063666877479
서울특별시 금천구 시흥동994-1,37.4542782340706,126.900115440098
서울특별시 강남구 역삼동832-3,37.4923585271759,127.030707475746
서울특별시 강남구 역삼동787-7,37.4937533375547,127.043127642404
서울특별시 강동구 길동416-4,37.5372843125618,127.135572974041
서울특별시 송파구 문정동618,37.4806144984781,127.123648601561
서울특별시 은평구 불광동274-1,37.6116610216926,126.929959305799
서울특별시 구로구 구로동110-4,37.5010047710866,126.889640537538
서울특별시 동대문구 장안동371-4,37.5714629581241,127.070876305469
서울특별시 강서구 화곡동916-6,37.5293897995404,126.842954123401
서울특별시 강서구 방화동620-175,37.5623414219621,126.807956427131
서울특별시 강서구 화곡동24-551,37.5456750163524,126.846400949685
서울특별시 종로구 경운동89-4,37.5758189598459,126.985296975593
서울특별시 영등포구 양평동3가56-5,37.5276657828807,126.887851866575
서울특별시 서초구 서초동1583-10,37.4856732800112,127.011536793727
서울특별시 성동구 용답동236-5,37.5602014835272,127.069078800493
서울특별시 강남구 삼성동141-10,37.5058068949044,127.050210870129
서울특별시 은평구 응암동125-11,37.5943059453933,126.916811004742
서울특별시 강서구 화곡동981-1,37.5503126940594,126.848749765121
서울특별시 서대문구 대현동110-22,37.5581468164809,126.942594307104
서울특별시 성북구 동소문동4가75,37.5906418318687,127.010065356007
서울특별시 중구 의주로1가32-2,37.5643251703742,126.968465158804
서울특별시 금천구 가산동142-6,37.4784838317331,126.892270924235
서울특별시 동작구 대방동337-1,37.4991844830405,126.929003383671
서울특별시 은평구 역촌동1-67,37.6100583440179,126.918507405401
서울특별시 영등포구 여의도동17,37.5301013982472,126.923735763639
서울특별시 영등포구 영등포동1가113-1,37.517512022265,126.910728973904
서울특별시 마포구 동교동165-8,37.5560889384886,126.923462661975
서울특별시 영등포구 영등포동7가94-329,37.5242096879851,126.90852545693
서울특별시 은평구 응암동120-20,37.5959426632321,126.917380999006
서울특별시 성동구 성수동1가33-21,37.5416078535154,127.049667826066
서울특별시 종로구 교북동126,37.5715795253301,126.96139310765
서울특별시 강서구 화곡동899-15,37.5301622631378,126.846547047703
서울특별시 양천구 신정동319,37.520903397903,126.869048443232
서울특별시 영등포구 양평동3가53,37.5269143424759,126.890148472432
서울특별시 광진구 중곡동648-14,37.558181864225,127.079571189783
서울특별시 광진구 구의동76-1,37.5513744485661,127.089363561801
서울특별시 강서구 화곡동1111-4,37.5540289687052,126.851715818622
서울특별시 영등포구 당산동1가256-8,37.5221706307445,126.897694706781
서울특별시 강동구 강일동675-3,37.565380410444,127.174115363261
서울특별시 강서구 등촌동685,37.5666216314496,126.842207100979
서울특별시 강서구 등촌동656-57,37.5557417258538,126.85388699964
서울특별시 마포구 도화동560,37.542954762862,126.947820852346
서울특별시 구로구 구로동97-10,37.4961272560754,126.891965000317
서울특별시 관악구 봉천동883-5,37.4811571014758,126.948659805889
서울특별시 금천구 가산동535-156,37.482059038526,126.87537034848
서울특별시 영등포구 당산동6가280-10,37.5344323230543,126.903738542918
서울특별시 중랑구 망우동508-2,37.5971290955643,127.094354818102
서울특별시 강서구 등촌동641-10,37.5566666036319,126.856131262835
서울특별시 강동구 천호동452-15,37.5383990522805,127.128252389728
서울특별시 강남구 도곡동467-29,37.487333429538,127.052839720186
서울특별시 중랑구 망우동479,37.597342603284,127.093499707968
서울특별시 강동구 길동387-2,37.538099362608,127.138056986081
서울특별시 성북구 종암동3-1278,37.59941427207,127.035526140699
서울특별시 종로구 창신동302-1,37.5730226007251,127.014416700913
서울특별시 구로구 오류동73-6,37.4958730659652,126.83925344444
서울특별시 관악구 남현동1059-6,37.476119546735,126.978560657686
서울특별시 강남구 자곡동658,37.4747323557937,127.104818236912
서울특별시 강서구 등촌동656,37.5572619130222,126.85356360661
서울특별시 동대문구 용두동40-35,37.5750373839959,127.037706670523
서울특별시 구로구 천왕동,37.4827296702685,126.842764242094
서울특별시 광진구 광장동102,37.5516338111322,127.110890298126
서울특별시 금천구 시흥동990-30,37.4502657910329,126.901051168684
서울특별시 송파구 방이동51,37.5087214102062,127.116791193528
서울특별시 영등포구 양평동5가87-1,37.5390196505036,126.8943258264
서울특별시 도봉구 방학동719-2,37.6689956282129,127.04477570971
서울특별시 은평구 응암동366-6,37.5910569772671,126.918508459557
서울특별시 강서구 방화동830-1,37.5773703729376,126.812985450396
서울특별시 동대문구 장안동337-1,37.5714028053347,127.073713375302
서울특별시 광진구 광장동530-7,37.5431999185471,127.094331687744
서울특별시 마포구 상암동1654,37.5775369696323,126.890626756348
서울특별시 강남구 역삼동702-10,37.5038307101184,127.044831468321
서울특별시 영등포구 여의도동26,37.5294501925071,126.919438073012
서울특별시 광진구 화양동21-23,37.5478071952756,127.068708787464
서울특별시 은평구 역촌동44-2,37.6090944596173,126.919965888216
서울특별시 중구 만리동2가11-1,37.555854182204,126.963273811918
서울특별시 강남구 논현동152-5,37.5108651259756,127.031782505917
서울특별시 서초구 서초동1600-7,37.4861383931686,127.015149655663
서울특별시 구로구 구로동642-88,37.4987867514019,126.876796617456
서울특별시 구로구 구로동1127-22,37.4821516246023,126.898881255335
서울특별시 서대문구 연희동121-4,37.570905851286,126.929969661225
서울특별시 강남구 역삼동837-19,37.4910470680271,127.032680680603
서울특별시 은평구 응암동126-10,37.5945951740543,126.916113217167
서울특별시 서초구 서초동1327-23,37.4954363096032,127.027570783597
서울특별시 은평구 신사동19-162,37.596842716975,126.908845863399
서울특별시 구로구 신도림동400-1,37.5061837523441,126.877189823287
서울특별시 서초구 서초동1588-5,37.4857481386244,127.013871789072
서울특별시 광진구 군자동355-1,37.5492453628594,127.068328056827
서울특별시 서초구 방배동866-10,37.4859857035995,126.983888397793
서울특별시 영등포구 당산동3가80-1,37.5256691695984,126.898347432413
서울특별시 강동구 천호동166-59,37.5397206796336,127.131656301879
서울특별시 관악구 봉천동921-6,37.4811007700037,126.944432624011
서울특별시 노원구 중계동143,37.6602491668882,127.075325231999
서울특별시 영등포구 양평동4가23-7,37.5356050631385,126.894724743871
서울특별시 양천구 목동916,37.5268507183374,126.875032759643
서울특별시 강남구 역삼동677-4,37.503258104129,127.040093471332
서울특별시 구로구 구로동106-4,37.4977390391803,126.892340088135
서울특별시 서초구 서초동1330-6,37.4931530661676,127.028265897457
서울특별시 영등포구 영등포동3가17-3,37.5173520945163,126.916228757024
서울특별시 강남구 수서동713,37.4880136001041,127.101806968444
서울특별시 종로구 부암동129-8,37.5978013300824,126.963100303534
서울특별시 은평구 응암동122-66,37.5958066414919,126.916163479215
서울특별시 중랑구 상봉동127-16,37.5930960796696,127.07942438293
서울특별시 마포구 성산동590-1,37.5659572081864,126.903045419457
서울특별시 광진구 구의동199-14,37.5401686657561,127.09532153943
서울특별시 동대문구 장안동431-7,37.5637529776473,127.06550122915
서울특별시 중구 신당동193-2,37.5691603439433,127.01484575418
서울특별시 강남구 논현동277-36,37.5095961373971,127.040611914139
서울특별시 영등포구 양평동5가71-2,37.5387058420665,126.893686443313
서울특별시 용산구 한남동726-116,37.5411834448395,127.004061491747
서울특별시 강남구 개포동186-13,37.4890501329521,127.067188857147
서울특별시 구로구 구로동603-9,37.5033263043143,126.881059945631
서울특별시 구로구 구로동109-1,37.4996795798353,126.888390614129
서울특별시 송파구 잠실동176-8,37.5108506382876,127.079519162867
서울특별시 영등포구 영등포동5가42-34,37.5203703838538,126.907696386487
서울특별시 중랑구 상봉동107-31,37.5946241746911,127.086578175194
서울특별시 서초구 서초동1599-2,37.4868481169698,127.014592825324
서울특별시 강동구 천호동167-73,37.539473285828,127.131824547347
서울특별시 강남구 청담동91-2,37.5238793256306,127.041618801138
서울특별시 서초구 서초동1588-8,37.4855269101267,127.014231439723
서울특별시 서대문구 연희동194-30,37.5652273822191,126.93012577879
서울특별시 중랑구 면목동68-2,37.5865868771867,127.094342564173
서울특별시 성북구 동소문동6가3-1,37.5921161035506,127.013037140861
서울특별시 강동구 길동413-1,37.5370607791542,127.138515401849
서울특별시 중구 흥인동119,37.5658449635261,127.015467626299
서울특별시 송파구 방이동39,37.5095779180139,127.117364420853
서울특별시 관악구 봉천동7-312,37.4889195275066,126.957187309499
서울특별시 송파구 방이동41-1,37.5165982590296,127.111668651023
서울특별시 양천구 목동713-9,37.5409842969277,126.864057426941
서울특별시 강서구 화곡동24-84,37.5463453030147,126.847144528082
서울특별시 광진구 자양동608-21,37.5326995704386,127.075851983858
서울특별시 금천구 가산동140-20,37.4784558748684,126.889982959948
서울특별시 서초구 방배동980-32,37.4795359154302,126.99038861612
서울특별시 강동구 천호동414,37.5420176159912,127.130327435389
서울특별시 송파구 석촌동24-11,37.506090531037,127.098973546376
서울특별시 광진구 구의동253-19,37.5447296468926,127.083224788627
서울특별시 은평구 녹번동27-7,37.6062630768523,126.933139311662
서울특별시 강동구 강일동676-1,37.5656181238476,127.172979829167
서울특별시 강서구 화곡동899-4,37.5300290495064,126.846800837822
서울특별시 영등포구 양평동3가54,37.5270251806886,126.889370188864
서울특별시 마포구 상암동1748,37.5833774952724,126.880858572819
서울특별시 마포구 아현동733,37.5524863975855,126.956800951874
서울특별시 광진구 자양동219-8,37.5365487041162,127.082179258689
서울특별시 강남구 대치동891-38,37.5054425240169,127.054718574921
서울특별시 동대문구 휘경동322-2,37.5904158753925,127.05659085853
서울특별시 강남구 역삼동705-1,37.5045803601843,127.047061960323
서울특별시 마포구 공덕동16-10,37.5461725790874,126.956436518574
서울특별시 송파구 방이동44-3,37.5169317747453,127.113094765568
서울특별시 강북구 번동417-6,37.637846511993,127.029512871226
서울특별시 광진구 화양동7-3,37.5438624012634,127.071547272079
서울특별시 중랑구 상봉동88-46,37.5954319007229,127.090234947271
서울특별시 강북구 수유동50-30,37.6399086131136,127.021868800741
서울특별시 관악구 봉천동865-2,37.4792805870389,126.950849151835
서울특별시 강서구 화곡동998-5,37.5517537266557,126.849250792401
서울특별시 마포구 서교동458-15,37.5564079626222,126.914875672502
서울특별시 양천구 신월동235-7,37.5285301610698,126.838878767114
서울특별시 도봉구 창동630-5,37.6428660505133,127.035620887775
서울특별시 마포구 상수동345-3,37.5455224585462,126.923159643512
서울특별시 강서구 화곡동24-76,37.5463045397736,126.846889360684
서울특별시 구로구 신도림동435-10,37.5068305549361,126.884128562623
서울특별시 금천구 가산동140-36,37.4781293791265,126.889857488591
서울특별시 강서구 등촌동637-16,37.5566409495989,126.858649077665
서울특별시 영등포구 당산동5가33-1,37.5349643093416,126.899241359258
서울특별시 노원구 상계동1132-28,37.6780159593475,127.054213303854
서울특별시 동대문구 장안동415-10,37.5622359738897,127.061924419707
서울특별시 동대문구 답십리동530-17,37.5652206646997,127.056264965622
서울특별시 구로구 구로동49,37.5010252807208,126.887881064063
서울특별시 강서구 가양동274-4,37.5705819131009,126.83972754829
서울특별시 강서구 등촌동628-18,37.5589191842878,126.856466840971
서울특별시 은평구 불광동272-22,37.6123429969331,126.930081972448
서울특별시 강북구 수유동95-7,37.6337774651078,127.022837271187
서울특별시 영등포구 문래동6가16-2,37.5185755110805,126.887367584794
서울특별시 종로구 내수동74,37.5737943794719,126.973156678252
서울특별시 영등포구 영등포동4가147-5,37.5199298249969,126.902659933973
서울특별시 동대문구 답십리동530-4,37.5703526471394,127.050114629432
서울특별시 성동구 성수동2가277-37,37.5436911446281,127.062512853468
서울특별시 은평구 응암동113-23,37.5974983117793,126.916453027184
서울특별시 동대문구 용두동112-8,37.5777286669801,127.031377261484
서울특별시 영등포구 도림동236-2,37.5084123039655,126.89856783111
서울특별시 영등포구 영등포동8가45-8,37.5266321924811,126.90619006901
서울특별시 금천구 독산동1012-12,37.4684314393661,126.898641725388
서울특별시 송파구 방이동49-11,37.5160620966347,127.114291146631
서울특별시 강동구 천호동466-3,37.5420944040342,127.121253204305
서울특별시 강남구 역삼동824-13,37.4975780650696,127.030309016001
서울특별시 동대문구 신설동89-53,37.576870903488,127.026443064463
서울특별시 서초구 서초동1677-11,37.4948995563787,127.018899735281
서울특별시 종로구 내수동167,37.5727947165751,126.973280757504
서울특별시 중랑구 면목동194-10,37.5855233400111,127.075772527301
서울특별시 구로구 고척동76-38,37.4980773545676,126.864207968917
서울특별시 중구 오장동145-1,37.5652379877122,127.001408686174
서울특별시 송파구 송파동31-2,37.5107143866146,127.106985398164
서울특별시 강남구 삼성동52-9,37.5185297135055,127.051129368445
서울특별시 동대문구 장안동346-9,37.5685876736702,127.070645170426
서울특별시 서대문구 연희동103-7,37.5725446008631,126.929124871983
서울특별시 영등포구 문래동3가83-3,37.515134235917,126.89421602489
서울특별시 은평구 대조동26-10,37.6093509054172,126.926460533268
서울특별시 종로구 운니동65-1,37.5757617528926,126.989120309493
서울특별시 마포구 서교동393-1,37.5510210503329,126.915182933528
서울특별시 용산구 한강로1가50-1,37.5366257193775,126.974640019922
서울특별시 강서구 방화동829,37.5783849541034,126.812478826287
서울특별시 은평구 신사동20-29,37.598397410855,126.910615252831
서울특별시 광진구 능동255-18,37.553704832,127.087363100448
서울특별시 강남구 도곡동467-17,37.4897229511972,127.054469588046
서울특별시 영등포구 당산동1가260,37.5234520012111,126.898842773606
서울특별시 서초구 서초동1355-3,37.485836162421,127.029162990219
서울특별시 구로구 구로동103-1,37.4961341131369,126.889382701407
서울특별시 금천구 독산동151-3,37.4727015776398,126.897037487088
서울특별시 강남구 역삼동824-25,37.497589252749,127.031072343951
서울특별시 서대문구 대현동90-22,37.5576883312628,126.943755316622
서울특별시 강서구 화곡동343-32,37.531883129776,126.846215977849
서울특별시 은평구 진관동65,37.6333293505885,126.937617409065
서울특별시 광진구 화양동111-102,37.547463422162,127.072067378709
서울특별시 영등포구 당산동2가159-3,37.5240051020209,126.892962316991
서울특별시 구로구 구로동182-6,37.4864335834549,126.897498351705
서울특별시 영등포구 양평동4가32-8,37.5347924258337,126.897313488717
서울특별시 마포구 공덕동17-67,37.5491391094324,126.959680038545
서울특별시 강서구 화곡동1111-3,37.5543005169577,126.851859089405
서울특별시 용산구 한강로2가2-11,37.5375014269353,126.974348588152
서울특별시 강동구 천호동450,37.5370177691469,127.130434280927
서울특별시 구로구 오류동59-46,37.4965132084757,126.846424914911
서울특별시 성동구 성수동1가685-308,37.5481489746726,127.042682206866
서울특별시 금천구 독산동1011-2,37.4638500496677,126.896567853934
서울특별시 영등포구 여의도동47,37.5182349074502,126.925997664827
서울특별시 양천구 신정동319-18,37.5194800895031,126.869278034378
서울특별시 강서구 화곡동1065-6,37.5417196235933,126.838826852186
서울특별시 영등포구 당산동121-130,37.5268808344258,126.90833651096
서울특별시 금천구 가산동140-15,37.4782654529249,126.890132381971
서울특별시 구로구 개봉동198-4,37.4930562624525,126.860604063553
서울특별시 영등포구 영등포동3가9-13,37.5180397134251,126.909597629477
서울특별시 중랑구 면목동192-65,37.5892477592176,127.074334792544
서울특별시 서대문구 창천동97-64,37.5615501989864,126.932106689529
서울특별시 영등포구 영등포동5가82-1,37.5218486058808,126.905752535913
서울특별시 관악구 봉천동1659-4,37.4770022661019,126.962933313861
서울특별시 구로구 오류동76-2,37.4939975192617,126.840519363964
서울특별시 광진구 화양동19-57,37.547066280159,127.068983215235
서울특별시 서초구 서초동1553-15,37.4917214798544,127.009057194612
서울특별시 영등포구 여의도동13,37.5307045976425,126.924386672295
서울특별시 강서구 마곡동773,37.562268962345,126.826261151607
서울특별시 강동구 천호동452-5,37.5380152913431,127.128880794673
서울특별시 양천구 목동961,37.5242872007882,126.869862825001
서울특별시 구로구 구로동567-4,37.5025574868719,126.882921835283
서울특별시 은평구 응암동111-14,37.5992083999362,126.917761127789
서울특별시 강남구 청담동5,37.527543995432,127.045907186675
서울특별시 강서구 등촌동656-1,37.5570605928588,126.853629407077
서울특별시 강동구 길동456-4,37.5352928895866,127.137046592432
서울특별시 강남구 역삼동707-1,37.5028266132258,127.044780326575
서울특별시 강서구 등촌동636-35,37.5562534535099,126.861169081019
서울특별시 금천구 시흥동986,37.448474817413,126.902488579366
서울특별시 마포구 공덕동29-5,37.5500729174388,126.960352487939
서울특별시 강남구 도곡동168,37.4884890570339,127.048700560533
서울특별시 영등포구 당산동121-137,37.5273114513427,126.907856927547
서울특별시 용산구 한강로2가2-132,37.5313394079002,126.968728222226
서울특별시 양천구 목동607-29,37.5496476750685,126.865428014603
서울특별시 송파구 신천동7-14,37.5169570930006,127.102302571926
서울특별시 강서구 등촌동634-10,37.5538786216739,126.864484198505
서울특별시 용산구 한강로1가64,37.5371786415729,126.972964806825
서울특별시 영등포구 영등포동2가196,37.5193726846624,126.911110281755
서울특별시 은평구 역촌동41-25,37.6051130256443,126.919880512838
서울특별시 관악구 봉천동883-6,37.4811858713811,126.948367999954
서울특별시 동대문구 휘경동266-6,37.5899498346923,127.059478949927
서울특별시 동대문구 장안동466-9,37.5612127182134,127.069156905806
서울특별시 송파구 가락동79-7,37.4947108574258,127.121335500515
서울특별시 종로구 숭인동1421-2,37.5736182818785,127.022370556316
서울특별시 중구 광희동1가89-1,37.5648761727153,127.005257110862
서울특별시 은평구 불광동281-41,37.6113074394418,126.93116237334
서울특별시 중구 충무로5가22-5,37.5615100516571,126.983902713111
서울특별시 서대문구 남가좌동331-16,37.5744268422932,126.923806277477
서울특별시 종로구 숭인동1388,37.5740135800875,127.022853870631
서울특별시 영등포구 양평동2가1-2,37.5211223148486,126.89163227516
서울특별시 동작구 상도1동522,37.5060730836144,126.950341856942
서울특별시 중구 순화동217,37.5635869321786,126.970353714468
서울특별시 서대문구 연희동80-7,37.5712202593274,126.934824860893
서울특별시 서초구 방배동1031-2,37.4783411767598,126.9993247249
서울특별시 성동구 용답동229-13,37.5613070036679,127.061315484309
서울특별시 구로구 구로동1127-25,37.4824536998802,126.899435301533
서울특별시 관악구 신림동1474-5,37.4810616653448,126.9133949192
서울특별시 관악구 신림동530-1,37.4835771437655,126.913872098991
서울특별시 관악구 봉천동1687-7,37.4775219957854,126.964116940245
서울특별시 구로구 가리봉동137-4,37.4789054942124,126.894807423154
서울특별시 마포구 도화동555,37.5400611576788,126.945526209771
서울특별시 서초구 서초동1492-8,37.4841684208976,127.003562364041
서울특별시 구로구 구로동104-3,37.4969785268177,126.891005366749
서울특별시 마포구 합정동376-7,37.5468363519627,126.912388463235
서울특별시 강서구 가양동1480-5,37.5626239380305,126.853020515699
서울특별시 강서구 방화동830,37.5781865968397,126.813299923355
서울특별시 영등포구 당산동6가233-1,37.5333463420795,126.904056137519
서울특별시 관악구 봉천동893-12,37.4822272018816,126.947373628772
서울특별시 서초구 서초동1679-1,37.4955651107309,127.020679564826
서울특별시 관악구 봉천동1687-11,37.477312410944,126.964227052098
서울특별시 영등포구 도림동266-2,37.5082354855269,126.896047748455
서울특별시 은평구 갈현동456-20,37.6179993064479,126.919258268256
서울특별시 중랑구 상봉동87-27,37.5937760486463,127.089996311841
서울특별시 양천구 신정동318-1,37.522433725694,126.86943427602
서울특별시 송파구 방이동22,37.5134350957384,127.112092533929
서울특별시 성동구 성수동2가277-101,37.5446541945133,127.061378404987
서울특별시 강서구 화곡동29-74,37.5460520970923,126.848448787469
서울특별시 강남구 역삼동706-11,37.5021973781109,127.0437262876
서울특별시 영등포구 도림동269-1,37.5085390942894,126.894915336313
서울특별시 구로구 구로동810,37.4851502370534,126.899516119443
서울특별시 동대문구 용두동787,37.5778083686391,127.03769535363
서울특별시 동대문구 신설동109-13,37.5720035630369,127.02392398894
서울특별시 강남구 자곡동662,37.4742087496322,127.105573492662
서울특별시 송파구 잠실동175-1,37.5107895794895,127.078989292931
서울특별시 강동구 천호동425-3,37.5403228843949,127.125795430603
서울특별시 강동구 천호동287-32,37.5478084133049,127.127703653919
서울특별시 용산구 문배동24-6,37.5360537734353,126.969099046045
서울특별시 금천구 시흥동988-9,37.4491431906165,126.901017451755
서울특별시 영등포구 영등포동6가92,37.5209050848,126.901801367925
서울특별시 은평구 응암동112-2,37.5988245515493,126.917168629981
서울특별시 금천구 독산동295-9,37.4711272046847,126.895997296883
서울특별시 강동구 명일동47-1,37.5541721745095,127.15453154534
서울특별시 구로구 구로동830,37.4812188803661,126.896916795233
서울특별시 종로구 평창동289-5,37.6049012470202,126.96470737618
서울특별시 영등포구 여의도동28-3,37.5212201137255,126.918620363864
서울특별시 도봉구 창동585-1,37.6404366392734,127.035500740835
서울특별시 성동구 성수동1가656-1041,37.5473311381502,127.045292744752
서울특별시 강남구 역삼동832-33,37.4923967089538,127.032037271552
서울특별시 서초구 서초동1685-3,37.4981672702862,127.013304944794
서울특별시 서대문구 창천동20-41,37.5562467737426,126.93928533223
서울특별시 중구 황학동2015,37.5698912937457,127.020686629403
서울특별시 강서구 화곡동1105-3,37.5525553829245,126.849939527292
서울특별시 동대문구 장안동415-1,37.5625787989848,127.061410841708
서울특별시 송파구 방이동28-2,37.5149760362881,127.108209761745
서울특별시 강남구 청담동118-17,37.5253443155405,127.047183682882
서울특별시 양천구 목동905-33,37.5318269332933,126.876031036198
서울특별시 강남구 도곡동467-10,37.4884451807265,127.052561436507
서울특별시 은평구 응암동116-20,37.5982672697205,126.919920169055
서울특별시 양천구 목동917-9,37.5281900957768,126.875799052934
서울특별시 성동구 용답동228-1,37.5617083401298,127.059473475707
서울특별시 영등포구 당산동4가32-190,37.5296573502889,126.899490574294
서울특별시 서초구 양재동275-1,37.4772658708932,127.044519529107
서울특별시 서초구 서초동1338-25,37.4905866975493,127.029571540398
서울특별시 광진구 광장동108,37.5514143934645,127.110035198207
서울특별시 송파구 방이동35-2,37.5160198461153,127.109289966522
서울특별시 강동구 천호동442-34,37.5411535317563,127.123950369565
서울특별시 노원구 상계동1267,37.6801857663557,127.055834992916
서울특별시 동대문구 전농동620-27,37.5794631794658,127.044897561227
서울특별시 마포구 도화동571,37.5417779870657,126.950273012521
서울특별시 관악구 신림동529-15,37.4834603507116,126.914636510865
서울특별시 강서구 염창동283-3,37.5475106235463,126.877510469097
서울특별시 강서구 화곡동24-137,37.5456113246472,126.846146275295
서울특별시 영등포구 양평동4가214,37.5385138515406,126.895272890267
서울특별시 용산구 문배동24-21,37.5366826027455,126.968572112566
서울특별시 강서구 등촌동683-1,37.5660161911018,126.841489527348
서울특별시 서초구 내곡동,37.4615849850488,127.067491413359
서울특별시 송파구 잠실동176,37.5111961826643,127.079237157242
서울특별시 동대문구 용두동255-71,37.570824594132,127.032704587614
서울특별시 은평구 역촌동41-53,37.6021338740884,126.920295243197
서울특별시 서대문구 연희동340-27,37.5638651446218,126.931725791692
서울특별시 도봉구 창동607-25,37.6433419429835,127.039468400491
서울특별시 영등포구 당산동1가144,37.5218831204465,126.899270902014
서울특별시 강남구 역삼동708-26,37.5035490109928,127.049060896122
서울특별시 금천구 독산동297-19,37.4734970253056,126.894262584953
서울특별시 양천구 신정동1290-4,37.5098045968151,126.843250668169
서울특별시 강동구 천호동361,37.5449081623304,127.127712227141
서울특별시 서초구 서초동1600-9,37.485797878226,127.015145757545
서울특별시 성동구 성수동1가671-23,37.5499816053435,127.042377667043
서울특별시 광진구 광장동396-13,37.5453925449621,127.101836727483
서울특별시 영등포구 영등포동1가29,37.5183133517367,126.914369801045
서울특별시 동대문구 용두동138-41,37.578571864192,127.03234253244
서울특별시 성동구 용답동232-1,37.5612889432257,127.063375267692
서울특별시 중구 황학동846,37.5663000436364,127.022521980961
서울특별시 중구 충무로5가36-2,37.5634736485497,127.001213085378
서울특별시 영등포구 영등포동2가28-118,37.5204720805334,126.911441980803
서울특별시 성동구 마장동474-5,37.5704306757745,127.037336748935
서울특별시 송파구 방이동47-13,37.5157373775491,127.11270411294
서울특별시 서초구 서초동1588-1,37.4860048037316,127.013812652474
서울특별시 도봉구 방학동705-17,37.6674725027384,127.043894070033
서울특별시 강남구 대치동891-26,37.5046327781487,127.053751951896
서울특별시 중구 신당동140-23,37.5653824308288,127.021219887857
서울특별시 성북구 종암동3-1123,37.6000984811676,127.034515562555
서울특별시 은평구 진관동64,37.6333334176953,126.937474571605
서울특별시 강서구 마곡동760,37.5612644414101,126.824477232158
서울특별시 성동구 성수동1가72-71,37.5413895474206,127.04921322725
서울특별시 서초구 서초동1623-3,37.4871226334783,127.015465266882
서울특별시 마포구 성산동277-4,37.5635594823347,126.906652152142
서울특별시 성동구 도선동14,37.5637171197981,127.035758656534
서울특별시 영등포구 문래동6가16,37.5140483408564,126.901985379953
서울특별시 영등포구 신길동65-21,37.5133089976426,126.921286807506
서울특별시 동대문구 장안동344-11,37.5710668478606,127.072441059705
서울특별시 강남구 세곡동587,37.4667946141717,127.100935230397
서울특별시 관악구 봉천동858-6,37.4814563406999,126.953535122014
서울특별시 구로구 구로동98-4,37.4955756218585,126.890315365761
서울특별시 광진구 자양동224-12,37.5380902137295,127.078292134284
서울특별시 용산구 한강로2가420,37.5345980874883,126.97116919751
서울특별시 강서구 화곡동24-53,37.5469617663213,126.84705789663
서울특별시 종로구 숭인동310,37.5728356702934,127.016103947937
서울특별시 강서구 화곡동367-51,37.538095958557,126.841999283654
서울특별시 강남구 논현동202-10,37.5055690548992,127.027048350566
서울특별시 도봉구 도봉동62-3,37.6826693943881,127.047061682736
서울특별시 서초구 서초동1445-13,37.4840540290263,127.017337814351
서울특별시 성북구 동소문동4가118,37.5912502272908,127.011462468894
서울특별시 강서구 방화동620-214,37.5627651950132,126.807174107932
서울특별시 도봉구 창동635-11,37.6421203139921,127.034505224366
서울특별시 강남구 도곡동467-24,37.4865871516125,127.051842958373
서울특별시 서초구 서초동1302-1,37.5031915533457,127.021770316532
서울특별시 은평구 응암동376-42,37.5908254244344,126.917938271055
서울특별시 구로구 오류동55-19,37.4990740770807,126.844402673536
서울특별시 마포구 서교동458-14,37.5565244248822,126.914788081865
서울특별시 양천구 목동923-14,37.5274649840811,126.871642833767
서울특별시 강동구 길동97-5,37.5404408043303,127.146351999839
서울특별시 은평구 응암동115-18,37.5988137499248,126.919247497799
서울특별시 금천구 독산동1150,37.4581759561434,126.894039182955
서울특별시 동대문구 장안동335-7,37.5716739540446,127.073920137617
서울특별시 동대문구 답십리동999,37.5698649488554,127.049715629663
서울특별시 영등포구 영등포동8가86,37.5315351752987,126.905418509453
서울특별시 강서구 등촌동684-3,37.5666281416451,126.841425795734
서울특별시 강서구 등촌동75-1,37.5612927079824,126.853960436216
서울특별시 동대문구 답십리동498-7,37.570172234794,127.049522848809
서울특별시 구로구 구로동43-1,37.5034135981255,126.891470096821
서울특별시 은평구 응암동601-9,37.5889564938237,126.917711365569
서울특별시 서대문구 홍은동396-24,37.579529996569,126.929203900782
서울특별시 서초구 서초동1344-13,37.4868160144438,127.028242317456
서울특별시 영등포구 신길동69-20,37.5136635643215,126.922099265847
서울특별시 구로구 구로동97-4,37.4964758111106,126.891921085854
서울특별시 성북구 삼선동5가298-10,37.5891197234748,127.016092848889
서울특별시 송파구 방이동49,37.5086537497545,127.116959467876
서울특별시 마포구 공덕동12-98,37.5494446722432,126.960453952703
서울특별시 강북구 번동448-2,37.6350053899958,127.024627773712
서울특별시 동대문구 장안동365-9,37.5692905796142,127.070173818288
서울특별시 마포구 합정동473,37.551081095211,126.911877978828
서울특별시 성북구 보문동7가100,37.5798109060844,127.022080961442
서울특별시 영등포구 영등포동2가94-129,37.5229699787672,126.910353973817
서울특별시 관악구 봉천동736-5,37.4906651486484,126.925836517133
서울특별시 강동구 암사동501-19,37.550147778513,127.12855585835
서울특별시 은평구 응암동88-8,37.5994977903032,126.934125130361
서울특별시 강남구 청담동68-19,37.5221877746375,127.055305886066
서울특별시 영등포구 도림동265-8,37.5076391739079,126.89618940821
서울특별시 강서구 방화동830-5,37.578121117726,126.813622019091
서울특별시 마포구 도화동36,37.5413455457114,126.952717492618
서울특별시 용산구 서계동219-17,37.5549286058141,126.968454506957
서울특별시 강서구 염창동252,37.550014071006,126.875341853577
서울특별시 동대문구 답십리동498-5,37.5694990870409,127.049902488369
서울특별시 성북구 하월곡동88-64,37.6065282474441,127.030383890218
서울특별시 영등포구 문래동6가34-1,37.5206387982566,126.88582305968
서울특별시 종로구 숭인동55-6,37.57745114404,127.015669702568
서울특별시 강남구 역삼동720-25,37.5014570796467,127.04269357582
서울특별시 서대문구 대현동56-28,37.5582364146425,126.945175548388
서울특별시 서대문구 창천동503-21,37.5582386282379,126.929600152883
서울특별시 노원구 공릉동661-3,37.61875816541,127.077382862756
서울특별시 구로구 개봉동403-15,37.4946305850543,126.855937612461
서울특별시 강동구 명일동46-2,37.5546404123257,127.154626580643
서울특별시 중구 황학동836,37.5662880551894,127.022849045798
서울특별시 송파구 잠실동175-12,37.5114362752539,127.080478251435
서울특별시 노원구 상계동1117-19,37.6765634916189,127.056232061052
서울특별시 노원구 중계동506,37.6399286675942,127.064260665213
서울특별시 강동구 명일동48-7,37.5522709481116,127.155745528444
서울특별시 송파구 신천동11-9,37.5164700663802,127.104116737853
서울특별시 금천구 시흥동984-69,37.4448889219583,126.903390513552
서울특별시 성동구 마장동778-5,37.5659072778274,127.046386533219
서울특별시 영등포구 양평동4가281,37.5367893419167,126.899670370833
서울특별시 강서구 마곡동758,37.5611886271821,126.824289983813
서울특별시 서초구 서초동1316-17,37.498513232496,127.024709954442
서울특별시 마포구 성산동593-2,37.5652964122989,126.904210582292
서울특별시 마포구 상암동1597,37.58131502036,126.888570491351
서울특별시 구로구 구로동97-7,37.496307641654,126.892311959867
서울특별시 영등포구 영등포동5가88,37.5188382772665,126.904358095261
서울특별시 용산구 동자동56,37.5531292397296,126.974100956428
서울특별시 구로구 신도림동387-3,37.5096141312757,126.882121235384
서울특별시 중구 을지로6가32,37.5688955213083,127.005322608767
서울특별시 강남구 삼성동140-3,37.5067264107025,127.048076442641
서울특별시 동작구 신대방동342-15,37.4970020682649,126.928184474109
서울특별시 마포구 노고산동106-5,37.554058699768,126.935698478433
서울특별시 송파구 문정동620,37.4807525157119,127.121249038545
서울특별시 용산구 원효로3가277-36,37.5326038939768,126.95519037068
서울특별시 은평구 응암동111-1,37.5994548680373,126.918886026552
서울특별시 동대문구 답십리동494-1,37.5668891268651,127.053280945365
서울특별시 서초구 방배동750-10,37.4980528837283,126.986086276863
서울특별시 동대문구 장안동381-3,37.5686012712513,127.068165111489
서울특별시 강서구 가양동1479-9,37.5635864674561,126.851202012108
서울특별시 성동구 금호동1가1755,37.5516696332457,127.025720352712
서울특별시 용산구 한남동550,37.5283892758635,127.005747819811
서울특별시 도봉구 창동828,37.6446468501398,127.033147921399
서울특별시 영등포구 영등포동1가121-5,37.5172035652892,126.91170984844
서울특별시 강서구 등촌동636-1,37.5564840646739,126.860639772073
서울특별시 마포구 성산동591-1,37.5653659383262,126.90216292189
서울특별시 양천구 신월동145-6,37.5351318328257,126.829547598744
서울특별시 서초구 잠원동15-4,37.5157427834263,127.017386629905
서울특별시 은평구 응암동121-25,37.5957023038411,126.916720725388
서울특별시 강동구 천호동161-17,37.5371704495912,127.133851137645
서울특별시 강서구 방화동612-71,37.5638986583501,126.808635315443
서울특별시 금천구 가산동147-33,37.4770115058474,126.894772556938
서울특별시 중구 신당동160-5,37.5649745913523,127.023323760819
서울특별시 영등포구 문래동3가77-10,37.5172871337753,126.891231576888
서울특별시 강남구 도곡동467,37.4882098544304,127.054231191135
서울특별시 마포구 성산동590-2,37.566234753132,126.903398115456
서울특별시 구로구 구로동98-14,37.4951158210537,126.890019362138
서울특별시 은평구 응암동354-3,37.590466847553,126.918047158421
서울특별시 종로구 낙원동212,37.5717540606299,126.988912995603
서울특별시 강동구 강일동677-2,37.5651584346704,127.173197816026
서울특별시 도봉구 창동181-46,37.65934226249,127.045596509647
서울특별시 서대문구 대현동104-36,37.5568647473098,126.942472472964
서울특별시 성동구 성수동1가13-163,37.5478700136876,127.050054064977
서울특별시 성북구 장위동50-35,37.6120841928279,127.058015486802
서울특별시 영등포구 양평동2가37-3,37.5242631961278,126.883718966206
서울특별시 강북구 번동418-3,37.6386752970485,127.027040928189
서울특별시 은평구 응암동589-9,37.5905878735786,126.91604322714
서울특별시 구로구 신도림동276-32,37.5133455685548,126.880760937854
서울특별시 종로구 익선동34,37.573548867336,126.990066565179
서울특별시 동대문구 용두동255-49,37.5707191493581,127.028455765966
서울특별시 서초구 서초동1303-6,37.5035920595945,127.023547813833
서울특별시 서초구 서초동1601-10,37.4854698391904,127.015051465979
서울특별시 영등포구 영등포동1가127,37.5171586532807,126.910643478456
서울특별시 강동구 천호동449-49,37.5366174386908,127.131354100832
서울특별시 강동구 길동413-23,37.5363330296113,127.138279887834
서울특별시 영등포구 영등포동7가94-297,37.5241246918797,126.908386767263
서울특별시 광진구 화양동18-9,37.5478115820585,127.069640472995
서울특별시 양천구 목동607-17,37.5496914459638,126.865850866516
서울특별시 서대문구 북가좌동351-16,37.5853579868834,126.915539815753
서울특별시 강서구 화곡동982-17,37.5489758544735,126.84752782444
서울특별시 동대문구 이문동220-8,37.6036033024141,127.066428912099
서울특별시 구로구 오류동34-13,37.4970364112407,126.844774130863
서울특별시 양천구 신정동973-40,37.5219374249455,126.853077549701
서울특별시 강북구 수유동50-31,37.6398050114056,127.021013063949
서울특별시 영등포구 영등포동8가42-1,37.5274659577635,126.904001918596
서울특별시 동대문구 장안동295-3,37.5729809530406,127.070212395168
서울특별시 은평구 진관동73,37.6331239742332,126.938038221458
서울특별시 동작구 상도동324-23,37.4993240312096,126.930116006962
서울특별시 성동구 홍익동144,37.5651150273336,127.035735505376
서울특별시 구로구 구로동1131-8,37.4804329495156,126.898963307746
서울특별시 강서구 화곡동24-79,37.5466292246295,126.8465753664
서울특별시 강남구 역삼동824-9,37.4975395754812,127.030582418833
서울특별시 강남구 삼성동143-48,37.506622931201,127.054495772548
서울특별시 마포구 공덕동115-45,37.5479149327914,126.958408958243
서울특별시 강서구 방화동621-2,37.5622830806276,126.807751001321
서울특별시 영등포구 영등포동2가333,37.5195770829076,126.908261062667
서울특별시 은평구 역촌동39-25,37.6052195180931,126.9199146972
서울특별시 마포구 상수동339-15,37.5448860844328,126.922377532489
서울특별시 강남구 대치동945-20,37.507049598345,127.061824033436
서울특별시 영등포구 양평동2가22-1,37.5228615306353,126.883292375854
서울특별시 강남구 역삼동837-26,37.4909552072015,127.032307389686
서울특별시 마포구 성산동591-6,37.5652661664908,126.90285930147
서울특별시 관악구 신림동1638-32,37.4826713973363,126.928584998597
서울특별시 성동구 행당동287-15,37.5612062661975,127.034592867013
서울특별시 구로구 구로동187-3,37.4856193830049,126.899108995993
서울특별시 동작구 사당동219-11,37.486263158373,126.968917616843
서울특별시 영등포구 당산동4가32-153,37.5294088958862,126.899531487522
서울특별시 강서구 등촌동510-2,37.5485391828428,126.863066286968
서울특별시 은평구 응암동113-9,37.5980991053613,126.916790242801
서울특별시 강서구 화곡동1107,37.5548113809321,126.854264611878
서울특별시 광진구 광장동114,37.5506979603362,127.109824930124
서울특별시 은평구 신사동29-124,37.5962663253976,126.909974192492
서울특별시 금천구 독산동961-14,37.4767360797506,126.90385647437
서울특별시 중구 황학동808,37.5661695709568,127.023328059144
서울특별시 서초구 서초동1308-25,37.5009350070466,127.024582095888
서울특별시 서대문구 대현동110-20,37.5582493812099,126.942425473351
서울특별시 용산구 한강로3가65-230,37.5231512109432,126.962907353136
서울특별시 관악구 남현동602-19,37.4749388961476,126.980704085379
서울특별시 강서구 가양동1480-4,37.5629152757614,126.853332322935
서울특별시 중구 의주로1가25-10,37.5653058191943,126.967962934509
서울특별시 동대문구 용두동788,37.5778060492226,127.036880531424
서울특별시 강서구 화곡동1063-8,37.5425252149785,126.841734172921
서울특별시 송파구 가락동79-5,37.4943142724846,127.120560254057
서울특별시 도봉구 창동659-29,37.6479187875937,127.034772933096
서울특별시 은평구 대조동59-65,37.6074179697238,126.923207150032
서울특별시 영등포구 영등포동3가7,37.5182155028079,126.910681802838
서울특별시 영등포구 대림동1101-7,37.4865894945879,126.900184085304
서울특별시 광진구 구의동218-12,37.5389648359037,127.092726008736
서울특별시 용산구 한강로3가16-58,37.5321108521259,126.956877320815
서울특별시 송파구 오금동80-12,37.5056064774552,127.132818661718
서울특별시 마포구 염리동164-4,37.544687875595,126.946031514527
서울특별시 서초구 서초동1598-9,37.4875890549174,127.01451366453
서울특별시 구로구 구로동186-17,37.4864326070197,126.898157793438
서울특별시 양천구 신정동737-12,37.5081605897288,126.843006219835
서울특별시 은평구 응암동96-35,37.5985417377202,126.934172079724
서울특별시 강남구 논현동6-21,37.5145148431697,127.020808865321
서울특별시 구로구 구로동110-8,37.5012541082838,126.88898378988
서울특별시 송파구 삼전동5-7,37.505705252512,127.089777682102
서울특별시 서초구 서초동1308-16,37.5004727835844,127.024775976601
서울특별시 광진구 군자동473-1,37.5577323695971,127.076990105291
서울특별시 강서구 화곡동24-122,37.5460369007864,126.84610850076
서울특별시 도봉구 창동623-6,37.6450224107062,127.036675023037
서울특별시 영등포구 영등포동3가1-9,37.518530885715,126.910672465864
서울특별시 강서구 가양동448-11,37.5604070015492,126.858784401617
서울특별시 서초구 방배동1031-3,37.4781722951849,126.999449485767
서울특별시 양천구 목동603-2,37.5495068784233,126.866929830839
서울특별시 강서구 방화동829-5,37.5783081551815,126.81279595618
서울특별시 광진구 화양동3-93,37.5437801966771,127.071706099444
서울특별시 영등포구 양평동5가92,37.5366689386166,126.894344612172
서울특별시 강남구 역삼동706-17,37.5021571152514,127.044071150027
서울특별시 광진구 화양동17-16,37.5456133046397,127.070288976603
서울특별시 강남구 역삼동823-7,37.49840487447,127.032265640731
서울특별시 종로구 숭인동1392,37.5737169093035,127.022719566733
서울특별시 서초구 서초동1688-6,37.4960504535892,127.020123659049
서울특별시 강서구 등촌동639-8,37.5585654655806,126.856151983915
서울특별시 양천구 목동324-53,37.543722413714,126.862536317446
서울특별시 영등포구 여의도동17-9,37.526578055659,126.918137958266
서울특별시 강남구 역삼동830-41,37.4953256401575,127.032530620472
서울특별시 은평구 신사동29-165,37.5969944919041,126.910428935707
서울특별시 동작구 사당동1049-8,37.476485569323,126.973314147773
서울특별시 강동구 길동413-11,37.5364357494613,127.138084850505
서울특별시 송파구 방이동35-4,37.5161093357545,127.10955329083
서울특별시 마포구 신공덕동15-63,37.5444802852477,126.955005672002
서울특별시 강남구 역삼동680,37.5086861088594,127.039422467276
서울특별시 강서구 마곡동793,37.5594348081352,126.830444809691
서울특별시 강동구 길동383-8,37.5390220865917,127.136657711108
서울특별시 은평구 응암동599-15,37.5887452938427,126.916316698022
서울특별시 강남구 삼성동158-10,37.5088087494039,127.05837832815
서울특별시 양천구 신정동324,37.5152449546897,126.859105409714
서울특별시 강남구 역삼동703-6,37.5045278958566,127.04434125269
서울특별시 서대문구 대현동37-32,37.5581291842675,126.943755846263
서울특별시 도봉구 창동9-1,37.6543682091528,127.04912928108
서울특별시 마포구 노고산동57-26,37.5546124408976,126.93559132962
서울특별시 동작구 노량진동57-1,37.5129240610736,126.941691354205
서울특별시 영등포구 영등포동1가118,37.5175484447054,126.911269879904
서울특별시 마포구 공덕동467,37.5448949193578,126.950557506743
서울특별시 성동구 홍익동146-1,37.5654433683376,127.035778124502
서울특별시 강동구 길동389-9,37.5376531396944,127.13935015772
서울특별시 강서구 등촌동78-7,37.5608950851861,126.85458866173
서울특별시 강서구 화곡동24-59,37.5472853723549,126.846702431118
서울특별시 서초구 서초동1595-2,37.4871765262668,127.01335830118
서울특별시 금천구 독산동194-13,37.4703357442796,126.902562549076
서울특별시 영등포구 영등포동7가94-64,37.5251846962547,126.910813618603
서울특별시 마포구 성산동593-3,37.5654757552083,126.904308627057
서울특별시 영등포구 신길동101-13,37.5139304171359,126.918242644352
서울특별시 중구 신당동251-10,37.5663581387997,127.012898599238
서울특별시 강남구 대치동889-56,37.5040518541768,127.051044863098
서울특별시 서초구 서초동1600-4,37.486351878268,127.015098042994
서울특별시 영등포구 영등포동4가443,37.5179660261416,126.901962215334
서울특별시 종로구 인의동48-2,37.5715575304868,126.998717699706
서울특별시 마포구 신공덕동5-75,37.5472355624324,126.95760779415
서울특별시 강남구 청담동1-2,37.5228505338597,127.039943073057
서울특별시 강남구 역삼동826-30,37.4961509199614,127.030359921355
서울특별시 서대문구 대현동90-70,37.5570233506242,126.944112187074
서울특별시 금천구 가산동550-17,37.4763271583884,126.878860203413
서울특별시 중랑구 중화동208-16,37.5943977050901,127.075256858169
서울특별시 관악구 남현동1061-18,37.4744974857253,126.981394279348
서울특별시 관악구 봉천동861-7,37.4818875631616,126.952207619987
서울특별시 영등포구 양평동3가16,37.5257869944461,126.887958073491
서울특별시 종로구 숭인동202-3,37.573545786499,127.02168762487
서울특별시 강남구 개포동13-3,37.4943362496223,127.079600880663
서울특별시 중랑구 망우동506-8,37.5956802047301,127.093348457317
서울특별시 구로구 신도림동412-3,37.5039691924248,126.881868984239
서울특별시 강남구 역삼동831-40,37.4940738802887,127.031310115894
서울특별시 마포구 마포동350,37.5363272420227,126.94393220065
서울특별시 영등포구 양평동3가78-3,37.5302697716112,126.893652560724
서울특별시 마포구 상암동1596,37.5819670780979,126.889204198515
서울특별시 영등포구 영등포동7가94-52,37.5255348942698,126.908936126276
서울특별시 서초구 방배동754-1,37.4969634948464,126.984301550309
서울특별시 광진구 자양동854,37.5319173089117,127.067959463832
서울특별시 성동구 성수동1가13-117,37.5494780957461,127.049881498641
서울특별시 영등포구 영등포동7가29-126,37.5234855344139,126.908782306145
서울특별시 동대문구 전농동597-11,37.5827900115997,127.048948681004
서울특별시 영등포구 여의도동13-22,37.5295503878552,126.92121740598
서울특별시 강남구 역삼동720-22,37.5013390386658,127.04193201047
서울특별시 종로구 내수동71,37.5739549605302,126.971281374264
서울특별시 서대문구 연희동218-1,37.5642213113615,126.928501894364
서울특별시 강동구 길동415-16,37.5363590461767,127.136483762395
서울특별시 송파구 석촌동24-14,37.5063453187865,127.09939299901
서울특별시 영등포구 양평동1가118-2,37.5240667237085,126.890085150687
서울특별시 양천구 목동907,37.5359920367849,126.878012428461
서울특별시 강남구 대치동944-21,37.5069791609157,127.060894737476
서울특별시 강서구 방화동620-52,37.562501705477,126.808128055303
서울특별시 금천구 가산동235-81,37.4726933772469,126.891147463996
서울특별시 송파구 가락동77-4,37.4957241539297,127.122117555448
서울특별시 강서구 등촌동649-14,37.5522064664869,126.863249378234
서울특별시 동대문구 용두동236-1,37.5771962176974,127.029462953781
서울특별시 관악구 신림동1639-51,37.4833908204813,126.927466709838
서울특별시 강남구 역삼동832-5,37.4922201347096,127.030884350392
서울특별시 영등포구 영등포동2가94-154,37.5207720602656,126.912165911666
서울특별시 영등포구 당산동6가349-1,37.5365061012401,126.900082596915
서울특별시 강남구 도곡동467-19,37.4873620299163,127.051325334621
서울특별시 관악구 봉천동1568-1,37.4791159709475,126.950342151976
서울특별시 마포구 신공덕동3-3,37.545502310278,126.955286471276
서울특별시 마포구 성산동590-5,37.5654525883933,126.903531200026
서울특별시 노원구 상계동734-3,37.6534845798205,127.058428889897
서울특별시 용산구 한강로3가16-49,37.5318321181253,126.956216912904
서울특별시 강동구 천호동167-2,37.5389357754276,127.132736818067
서울특별시 강남구 논현동203-1,37.5058897295196,127.028222901701
서울특별시 종로구 숭인동318-2,37.5713361013668,127.016713740205
서울특별시 성북구 장위동8-2,37.6135948348707,127.061064510043
서울특별시 은평구 응암동91-8,37.598173708348,126.934526302625
서울특별시 송파구 신천동29,37.5130985717013,127.103408956836
서울특별시 양천구 신정동973-39,37.5217991837875,126.853111058921
서울특별시 강서구 화곡동938-23,37.5299779112951,126.839509591932
서울특별시 금천구 시흥동987,37.4498876832591,126.901805260065
서울특별시 구로구 신도림동432-1,37.5070547599802,126.886494687699
서울특별시 강서구 화곡동924-2,37.529457158226,126.841966803772
서울특별시 강남구 역삼동707-9,37.5027007748099,127.045310607941
서울특별시 은평구 역촌동27-25,37.605835946275,126.920331443436
서울특별시 강남구 청담동4-1,37.5233938465158,127.043657647045
서울특별시 서초구 서초동1589-14,37.4855120658008,127.013546501383
서울특별시 성동구 용답동238-12,37.5597244328526,127.069493321389
서울특별시 강동구 길동457-1,37.5350528774892,127.137267345221
서울특별시 강동구 길동415-13,37.536621994842,127.136160411395
서울특별시 마포구 서교동394-45,37.5501651130161,126.915429654236
서울특별시 마포구 서교동394-25,37.5495444368056,126.914820027575
서울특별시 관악구 봉천동866-6,37.4794471478836,126.951350621035
서울특별시 강서구 화곡동981-3,37.5500341194238,126.848445226628
서울특별시 관악구 신림동1431-38,37.4871318740332,126.928500008698
서울특별시 영등포구 영등포동7가29-43,37.5238826100363,126.90880225658
서울특별시 동대문구 장안동373-6,37.5693909488293,127.069152791753
서울특별시 광진구 화양동113-1,37.5470306772233,127.071847319779
서울특별시 종로구 연건동206,37.5761865207394,127.000431181754
서울특별시 구로구 신도림동337,37.5094490554526,126.88779869058
서울특별시 관악구 봉천동870-13,37.4817358659155,126.951446046696
서울특별시 성동구 하왕십리동903-3,37.5642257392448,127.029004948682
서울특별시 영등포구 당산동2가15-1,37.5208768456463,126.893621604674
서울특별시 금천구 가산동234-2,37.4733369634641,126.893538063473
서울특별시 금천구 가산동235-12,37.4732192599038,126.891773401387
서울특별시 광진구 광장동120,37.5507724268073,127.109277745813
서울특별시 영등포구 문래동3가55-4,37.5180895836948,126.897475890458
서울특별시 송파구 가락동99-2,37.4935062066135,127.119034121915
서울특별시 서초구 서초동1327-27,37.4952875287127,127.02725682994
서울특별시 중구 필동1가22-2,37.5608428477152,126.992228728658
서울특별시 관악구 신림동1462-34,37.4863267295309,126.924316575845
서울특별시 송파구 가락동99-1,37.4937185858493,127.119427729156
서울특별시 양천구 목동907-10,37.5366672252836,126.879873989552
서울특별시 영등포구 양평동3가3-1,37.5211313014846,126.891592297653
서울특별시 강남구 삼성동147-2,37.5132190050124,127.056001241785
서울특별시 금천구 가산동141-2,37.4788900062469,126.891151662971
서울특별시 동대문구 휘경동183-353,37.5919232610787,127.057489134245
서울특별시 서초구 서초동1674-5,37.4940710701616,127.016204675739
서울특별시 은평구 응암동678-3,37.5861406204962,126.921897205011
서울특별시 강남구 역삼동824-11,37.4971401634955,127.030373402062
서울특별시 중랑구 상봉동85-4,37.5941651640607,127.091394331997
서울특별시 구로구 구로동98-12,37.495220526523,126.89022035696
서울특별시 구로구 오류동59-20,37.4966526912688,126.845758470145
서울특별시 강남구 역삼동825-24,37.4970086633559,127.029720365516
서울특별시 관악구 봉천동875-10,37.4811749289684,126.949881307235
서울특별시 도봉구 창동632-1,37.6415174043394,127.036014438689
서울특별시 강동구 천호동167-153,37.5393873050473,127.132982211026
서울특별시 강남구 역삼동832-25,37.492833988783,127.031411966712
서울특별시 노원구 상계동1258,37.6802683691786,127.054884291034
서울특별시 동대문구 휘경동336-32,37.5887720616768,127.05464444367
서울특별시 강서구 등촌동656-37,37.556776412154,126.854997859817
서울특별시 강남구 역삼동642-1,37.5016659162641,127.03563700897
서울특별시 마포구 공덕동475,37.5478269388422,126.95430987978
서울특별시 마포구 성산동591-4,37.5647953595619,126.902740886418
서울특별시 종로구 내수동73,37.5726095041393,126.972272908255
서울특별시 강동구 천호동451-20,37.5372495118726,127.129497031958
서울특별시 성동구 마장동797-16,37.5648419334133,127.039575982099
서울특별시 양천구 신월동517-4,37.5218895489083,126.842417605712
서울특별시 송파구 방이동50,37.5088411195861,127.116946646643
서울특별시 서초구 신원동,37.4370837401652,127.066189185719
서울특별시 영등포구 영등포동4가103,37.5184932363208,126.903236063151
서울특별시 은평구 불광동281-32,37.6112528304198,126.931364333774
서울특별시 광진구 구의동589-10,37.5360499099702,127.092875296285
서울특별시 송파구 잠실동40,37.5082601521111,127.086107824495
서울특별시 도봉구 도봉동62-43,37.6825492279606,127.047508161445
서울특별시 강북구 번동454-106,37.6364105375118,127.035558195204
서울특별시 강동구 암사동502-3,37.5509523735734,127.126918803771
서울특별시 성동구 행당동293-8,37.560581570032,127.033818962694
서울특별시 강서구 화곡동46-221,37.5447840033259,126.847455741565
서울특별시 송파구 문정동624,37.4798602082641,127.121754127848
서울특별시 금천구 가산동153-9,37.4737812288027,126.894030987815
서울특별시 광진구 화양동21-20,37.5468538907466,127.067817977709
서울특별시 구로구 구로동104-10,37.4967282189239,126.891042204138
서울특별시 양천구 목동612-4,37.549512637786,126.864518685267
서울특별시 노원구 공릉동383-12,37.6253548876299,127.071625542355
서울특별시 관악구 봉천동881-30,37.4800341469535,126.947668858544
서울특별시 송파구 잠실동251-9,37.505785634697,127.088887233227
서울특별시 동작구 대방동394-4,37.5001604572967,126.926785572862
서울특별시 용산구 후암동339-4,37.5501072423705,126.982042600365
서울특별시 송파구 방이동227-1,37.5070618340919,127.119397541471
서울특별시 강동구 길동350-3,37.5407044547387,127.143234886779
서울특별시 송파구 잠실동176-2,37.5109132647678,127.079303245215
서울특별시 용산구 한강로2가2-8,37.5311842653848,126.970336588966
서울특별시 마포구 대흥동12-27,37.5563595458515,126.944168957074
서울특별시 노원구 공릉동670-11,37.6186808446151,127.076915872587
서울특별시 도봉구 창동13-2,37.6534902135763,127.050165400088
서울특별시 강동구 천호동432-10,37.5403295500284,127.123513908735
서울특별시 영등포구 영등포동1가27-1,37.518110834554,126.915001691949
서울특별시 강남구 역삼동832-7,37.4918906221867,127.030952312617
서울특별시 성동구 성수동1가13-493,37.5493908970316,127.049574407616
서울특별시 강남구 대치동891-63,37.5053954665442,127.054574631434
서울특별시 강북구 수유동274-5,37.6476206737232,127.014795431941
서울특별시 관악구 봉천동875-7,37.4813212311498,126.949294625181
서울특별시 영등포구 당산동121-107,37.5278576247725,126.907930919659
서울특별시 은평구 갈현동325-8,37.6165253569878,126.907684423302
서울특별시 동대문구 장안동382-2,37.569929676137,127.069027514934
서울특별시 강남구 도곡동949-2,37.487774935053,127.032908124129
서울특별시 서초구 서초동1601-6,37.4854360921784,127.014574307451
서울특별시 관악구 봉천동969-51,37.4884548400622,126.931035604987
서울특별시 강남구 역삼동825-20,37.4977271127271,127.029294010144
서울특별시 중랑구 면목동538,37.5872250281846,127.086614680152
서울특별시 서초구 잠원동76,37.512133424519,127.010046323517
서울특별시 강동구 길동457,37.5351295486941,127.136944443085
서울특별시 중구 저동2가7-2,37.5650305475276,126.99026585317
서울특별시 서초구 서초동1445-3,37.484724946467,127.017804052334
서울특별시 동대문구 신설동97-8,37.5745829878152,127.026302018371
서울특별시 구로구 구로동106-2,37.4981740266898,126.891983616273
서울특별시 강남구 논현동241-3,37.516686991512,127.040592884462
서울특별시 종로구 구기동110-1,37.6080926368042,126.956610060625
서울특별시 구로구 구로동1132-59,37.479411771799,126.897050139328
서울특별시 광진구 광장동127,37.5501289400504,127.110201101427
서울특별시 노원구 공릉동653-5,37.6191624154309,127.078897294324
서울특별시 서초구 서초동1308-4,37.5015772392261,127.024808516026
서울특별시 강동구 명일동47-18,37.5533111415485,127.155951971691
서울특별시 관악구 신림동569-23,37.4824764776533,126.906701244612
서울특별시 중랑구 망우동495,37.597661590976,127.094381470457
서울특별시 성동구 도선동257,37.5631548390394,127.032826347179
서울특별시 금천구 가산동139-3,37.4796732948542,126.888375752993
서울특별시 동대문구 장안동337-3,37.5709493715674,127.073522854588
서울특별시 종로구 견지동110,37.57248845257,126.982441783981
서울특별시 동대문구 장안동365-4,37.5692896974364,127.070535593038
서울특별시 송파구 신천동11-8,37.5179829985168,127.104393474165
서울특별시 강서구 공항동45-14,37.5627457996542,126.809917872001
서울특별시 영등포구 여의도동15-14,37.5286568287989,126.921395315107
서울특별시 강서구 방화동619-7,37.5626989822744,126.807514548871
서울특별시 종로구 적선동156,37.5744385390047,126.973558627993
서울특별시 서대문구 연희동193-9,37.5655494450618,126.928727404215
서울특별시 서초구 우면동787,37.4597252404785,127.024488815191
서울특별시 종로구 연지동163-3,37.5732410000698,126.998737227527
서울특별시 노원구 월계동366-3,37.6251117019824,127.060257501726
서울특별시 은평구 응암동109-12,37.5993745343645,126.921186116393
서울특별시 서초구 서초동1321-9,37.4956618426083,127.025599173756
서울특별시 영등포구 문래동6가29-1,37.5211840199415,126.886487361791
서울특별시 종로구 수송동85,37.5751158968563,126.981114745213
서울특별시 서초구 서초동1337-6,37.4912395215212,127.029072229245
서울특별시 성북구 하월곡동90-1817,37.6056130617268,127.032548561019
서울특별시 동대문구 장안동382-3,37.5697965372294,127.068848030744
서울특별시 강동구 천호동165-1,37.5385379646715,127.132175324486
서울특별시 영등포구 영등포동2가94-259,37.5226899238812,126.910209670063
서울특별시 마포구 노고산동57-18,37.554889687381,126.935353323613
서울특별시 중구 중림동355,37.5605071946078,126.968335637674
서울특별시 강동구 천호동163-30,37.5380130158316,127.133845641374
서울특별시 서초구 서초동1445-14,37.4835480975143,127.017655168142
서울특별시 동대문구 이문동256-2,37.6035128622181,127.062207606946
서울특별시 서대문구 충정로2가192,37.5641150094606,126.964890294503
서울특별시 강북구 수유동230-7,37.6364459237924,127.023435515812
서울특별시 영등포구 당산동3가395-21,37.5273751089516,126.894586983216
서울특별시 서초구 서초동1598-3,37.4879108728747,127.014187447654
서울특별시 강남구 역삼동708-20,37.5031389984422,127.047952117643
서울특별시 은평구 불광동484-31,37.6219243105251,126.920131469908
서울특별시 강동구 강일동679-1,37.5647818957018,127.174329654308
서울특별시 영등포구 영등포동2가28-138,37.5219505405144,126.910671838226
서울특별시 영등포구 당산동3가395-12,37.5276121345574,126.89477743588
서울특별시 서초구 서초동1598-1,37.4880764640894,127.014137914914
서울특별시 강남구 삼성동143-19,37.5066103085832,127.052777496674
서울특별시 은평구 대조동186-25,37.6171209750451,126.922431357698
서울특별시 광진구 구의동547-8,37.5325174642508,127.092723123894
서울특별시 종로구 창신동327-2,37.5725506738295,127.015311624935
서울특별시 구로구 구로동651-2,37.4966218769738,126.872176813718
서울특별시 구로구 구로동474-1,37.5000751183886,126.880579712466
서울특별시 금천구 시흥동999-1,37.4561839460008,126.899528856505
서울특별시 강동구 천호동169-12,37.5382162564207,127.134325752731
서울특별시 강남구 역삼동823-26,37.4986517979555,127.032932136365
서울특별시 마포구 상수동157-1,37.5473431051066,126.924781395748
서울특별시 영등포구 영등포동6가129,37.5221624536247,126.902576780134
서울특별시 금천구 독산동1031-30,37.4647736116906,126.898324017291
서울특별시 양천구 목동919,37.5303322544936,126.87164708945
서울특별시 영등포구 문래동6가1-1,37.5145390579852,126.90386551557
서울특별시 금천구 시흥동121-7,37.4548307694756,126.898599016091
서울특별시 강서구 염창동253-6,37.5504690441066,126.875354456466
서울특별시 강동구 길동352-4,37.5405191844245,127.145946976718
서울특별시 양천구 신월동993-6,37.5176420175469,126.838236785571
서울특별시 구로구 오류동46-2,37.4946019201793,126.841913495458
서울특별시 영등포구 여의도동44-34,37.5193966152101,126.930268423674
서울특별시 마포구 신공덕동15-80,37.5450209654821,126.955024254434
서울특별시 강남구 도곡동467-18,37.4870799151894,127.051060350831
서울특별시 관악구 신림동1462-12,37.4862346042142,126.924447435923
서울특별시 구로구 구로동46,37.5007757645345,126.888085148917
서울특별시 성동구 마장동775-4,37.5653779584656,127.040410570257
서울특별시 중랑구 중화동208-4,37.5944822479389,127.075885080732
서울특별시 은평구 응암동126-47,37.5945040786297,126.916644425899
서울특별시 영등포구 양평동2가1-3,37.5210856016093,126.884470864749
서울특별시 강서구 공항동49-1,37.5612167540122,126.809245120528
서울특별시 영등포구 양평동5가51,37.539769416113,126.890798648729
서울특별시 은평구 신사동230-10,37.596449470369,126.90782482328
서울특별시 관악구 신림동1464-5,37.4844279811823,126.924772894257
서울특별시 강서구 화곡동24-148,37.5454411712721,126.846899730216
서울특별시 은평구 녹번동80-8,37.6058877147608,126.92375644301
서울특별시 서대문구 연희동212-2,37.5637511490095,126.928895664879
서울특별시 송파구 방이동48-3,37.5157714958136,127.113303370533
서울특별시 강남구 세곡동582,37.4660413475279,127.101345742836
서울특별시 영등포구 문래동6가26,37.5154423939532,126.889479085446
서울특별시 동대문구 장안동344-5,37.5709590919177,127.072281866503
서울특별시 송파구 잠실동196,37.5099033306115,127.079196775553
서울특별시 서초구 서초동1337-2,37.4919528099305,127.028810174561
서울특별시 강동구 천호동562,37.5395938376281,127.130620731546
서울특별시 마포구 신공덕동1-48,37.5470371483596,126.957381183293
서울특별시 금천구 가산동140-9,37.4783837712153,126.890499352659
서울특별시 동대문구 휘경동183-245,37.5912275809467,127.056982857129
서울특별시 영등포구 양평동6가9-3,37.5410824611077,126.889812286274
서울특별시 강남구 역삼동603-7,37.5059331813656,127.030094174653
서울특별시 관악구 봉천동869-3,37.480902175836,126.951310916485
서울특별시 영등포구 양평동6가94,37.5431257528501,126.888427816338
서울특별시 중랑구 망우동133-23,37.6003237992232,127.106527956795
서울특별시 관악구 봉천동882-4,37.4808933182173,126.948605019246
서울특별시 광진구 자양동227-7,37.5378104332843,127.072590800539
서울특별시 강서구 등촌동636-42,37.5552576959964,126.861721958784
서울특별시 마포구 성산동51-2,37.5650953593181,126.912638626583
서울특별시 강남구 논현동241-1,37.5165518073529,127.040138786369
서울특별시 금천구 가산동776,37.4784442841658,126.877797638296
서울특별시 성북구 석관동175-18,37.6127216828827,127.061707805557
서울특별시 서초구 서초동1307-7,37.4992825991936,127.025481352726
서울특별시 마포구 성산동591-5,37.5650627877303,126.903071178855
서울특별시 성북구 석관동176-45,37.6127493116096,127.062524844907
서울특별시 송파구 방이동40-3,37.5168790490486,127.111818117738
서울특별시 성동구 상왕십리동750,37.5652045457837,127.02703721261
서울특별시 강동구 명일동48-17,37.5519792213042,127.155803929478
서울특별시 강서구 방화동830-2,37.5765749486657,126.812678982121
서울특별시 송파구 송파동58-14,37.5112894506682,127.107857823136
서울특별시 은평구 녹번동83-16,37.6025019121436,126.927825040777
서울특별시 용산구 문배동3-3,37.5375515990213,126.97051555277
서울특별시 노원구 중계동509-1,37.6407492361499,127.068236196827
서울특별시 서초구 서초동1327-33,37.4946124742447,127.02757918009
서울특별시 영등포구 양평동4가31-3,37.534940096366,126.897450247585
서울특별시 서초구 서초동1316-29,37.4983108953579,127.025230637185
서울특별시 마포구 성산동590-4,37.5656969002887,126.903284202435
서울특별시 영등포구 영등포동7가91-2,37.5249863718388,126.907182548069
서울특별시 광진구 구의동547-7,37.5333446800008,127.092152380613
서울특별시 광진구 화양동17-92,37.5465238252231,127.069235294056
서울특별시 강남구 자곡동596,37.4754375179756,127.104869177009
서울특별시 마포구 노고산동57-46,37.5543925443048,126.934949925938
서울특별시 영등포구 여의도동61-3,37.5194951446064,126.93927117115
서울특별시 용산구 원효로3가51-37,37.5333095199147,126.957630664146
서울특별시 강북구 번동465-4,37.6417929238317,127.030090810475
서울특별시 양천구 목동621-5,37.5472850919335,126.863528592643
서울특별시 서대문구 연희동76-24,37.5738837984183,126.935832633034
서울특별시 강서구 등촌동628-13,37.5600872239022,126.856362959654
서울특별시 강남구 대치동890-59,37.5041484444426,127.052100204496
서울특별시 강남구 역삼동719-24,37.5008753489213,127.040644304013
서울특별시 은평구 응암동109-15,37.5993192935682,126.92088651558
서울특별시 영등포구 당산동121-163,37.5258825037825,126.907821676029
서울특별시 영등포구 영등포동5가81-1,37.5219625936491,126.906024380853
서울특별시 강동구 천호동169-9,37.5383648121314,127.133916799423
서울특별시 서초구 서초동1330-18,37.4940029141751,127.028353910218
서울특별시 은평구 녹번동144-48,37.6063408253625,126.923423233566
서울특별시 송파구 신천동7-18,37.5144914330703,127.100730296273
서울특별시 구로구 오류동31-250,37.4974194396304,126.845284179372
서울특별시 서대문구 대현동90-58,37.5573283080426,126.943657841438
서울특별시 금천구 시흥동992-20,37.4526234303011,126.900440976069
서울특별시 영등포구 영등포동2가315,37.5199765073529,126.908940230183
서울특별시 금천구 가산동140-23,37.4786484780542,126.889887666528
서울특별시 강남구 대치동889-53,37.5041705340919,127.050785403409
서울특별시 광진구 중곡동639-6,37.5581135534376,127.078014602795
서울특별시 용산구 문배동40-19,37.5383489312411,126.969068733898
서울특별시 서초구 서초동1542-13,37.4904851939112,127.008715652391
서울특별시 영등포구 문래동6가2-2,37.5145826415283,126.90368885415
서울특별시 도봉구 창동749-14,37.6599145534565,127.041857427133
서울특별시 노원구 월계동635-4,37.6288421317088,127.057743117777
서울특별시 강남구 역삼동702-2,37.5036611152624,127.044294054006
서울특별시 마포구 동교동159-6,37.5566769691979,126.922957965074
서울특별시 용산구 한강로2가2-36,37.5365446763185,126.973922196528
서울특별시 종로구 숭인동200-33,37.5739640510732,127.019893962655
서울특별시 중구 남대문로5가171,37.5576361656104,126.975845733913
서울특별시 종로구 숭인동1392-1,37.5735643937643,127.022724320472
서울특별시 은평구 역촌동42-8,37.6007690349167,126.919280971532
서울특별시 강서구 등촌동628-16,37.5594822823169,126.857260021351
서울특별시 송파구 잠실동250,37.5051370592147,127.086677956243
서울특별시 영등포구 영등포동1가75-4,37.5177525806655,126.913481300024
서울특별시 구로구 구로동110,37.5019092968324,126.888489914608
서울특별시 금천구 독산동1031-27,37.4648274826648,126.897990844899
서울특별시 중구 을지로5가20-1,37.5671086786132,127.001824758925
서울특별시 성동구 옥수동475,37.5406126981687,127.011744375137
서울특별시 종로구 낙원동58-1,37.5740340658248,126.988472486379
서울특별시 종로구 숭인동76,37.5750120791729,127.020117769117
서울특별시 은평구 녹번동183-2,37.6021358906255,126.927898888671
서울특별시 강서구 등촌동63-12,37.5627901005319,126.851005042665
서울특별시 광진구 구의동243-56,37.5384280962226,127.088075390903
서울특별시 강서구 등촌동628-32,37.5592433398145,126.857526761437
서울특별시 노원구 상계동140-274,37.6666348732584,127.076286591517
서울특별시 강남구 논현동242-21,37.5159467382893,127.040971984562
서울특별시 도봉구 창동135-28,37.6525182857698,127.04713535541
서울특별시 서초구 방배동866-20,37.4860312898373,126.984186187907
서울특별시 강서구 등촌동633-17,37.5539096023626,126.865335105322
서울특별시 마포구 공덕동462,37.5474419013229,126.953044113355
서울특별시 송파구 송파동58-15,37.5110919131186,127.107606422128
서울특별시 마포구 성산동593-1,37.565054958595,126.90389806999
서울특별시 중구 을지로3가259-1,37.5662040390353,126.994508476342
서울특별시 영등포구 문래동6가8,37.5145279759877,126.900575763285
서울특별시 은평구 응암동111-61,37.5992973349308,126.917690335005
서울특별시 용산구 한강로2가2-37,37.5340354429112,126.963922278011
서울특별시 서대문구 북가좌동343-1,37.5836229582293,126.911116313158
서울특별시 은평구 진관동66,37.6334575178209,126.937623097324
서울특별시 양천구 목동923-15,37.5276000789549,126.870695648329
서울특별시 영등포구 여의도동45-5,37.5192269290712,126.928611287037
서울특별시 중구 황학동805,37.5659411844976,127.023348412624
서울특별시 노원구 공릉동568-7,37.6226478913669,127.073326035258
서울특별시 은평구 녹번동19-121,37.6034375970065,126.935336127037
서울특별시 서초구 서초동1355-17,37.4849825161199,127.02915762894
서울특별시 중구 신당동366-126,37.5494529688738,127.007789140063
서울특별시 강서구 염창동266-12,37.5507312644944,126.870128693019
서울특별시 금천구 가산동147-6,37.4773278740493,126.896009009727
서울특별시 동대문구 신설동100-26,37.5712706563718,127.026380067494
서울특별시 광진구 화양동527,37.546574870707,127.075037299986
서울특별시 영등포구 영등포동7가29-130,37.5232296001971,126.908968050233
서울특별시 마포구 공덕동461,37.5446310286961,126.957732269135
서울특별시 마포구 상수동93-45,37.5485471482914,126.923453332188
서울특별시 종로구 돈의동39-2,37.5723047175317,126.989864908004
서울특별시 마포구 성산동593-5,37.5649723450092,126.904467129138
서울특별시 은평구 녹번동144-49,37.6062421113312,126.923489200651
서울특별시 송파구 방이동47,37.5093698277422,127.117475275321
서울특별시 은평구 응암동110-38,37.5992462583416,126.919647308146
서울특별시 마포구 창전동402-17,37.5473275954535,126.929137445608
서울특별시 도봉구 창동443-4,37.6416819562694,127.041192067598
서울특별시 강남구 역삼동736-22,37.4987458617026,127.034745296857
서울특별시 동작구 신대방동698,37.4855749035561,126.904437679693
서울특별시 금천구 가산동535-55,37.4817893777179,126.875643510042
서울특별시 광진구 구의동251-177,37.5412437411098,127.083952964311
서울특별시 강남구 역삼동837-13,37.491729254055,127.03183794229
서울특별시 동대문구 장안동371-1,37.571655091904,127.069825698968
서울특별시 강남구 세곡동590,37.4667952634936,127.100160351446
서울특별시 중구 황학동819,37.5665732057945,127.023279770453
서울특별시 강서구 염창동264-35,37.5503469148072,126.871551788479
서울특별시 관악구 신림동1421-29,37.4851546320427,126.929958957192
서울특별시 서초구 서초동1589-5,37.4854463412094,127.012686031964
서울특별시 영등포구 문래동6가29,37.5188700008681,126.899427797814
서울특별시 마포구 공덕동463,37.5447232485153,126.957729603083
서울특별시 강서구 화곡동918-15,37.5294853225079,126.844634921464
서울특별시 동대문구 이문동255-182,37.600434527634,127.06226116422
서울특별시 강남구 대치동889-5,37.504392299663,127.049696417811
서울특별시 서초구 서초동1337-22,37.491578708169,127.029973292577
서울특별시 성북구 하월곡동90-260,37.6040838815676,127.032826240122
서울특별시 구로구 구로동106-10,37.4980071183298,126.891646142389
서울특별시 강동구 강일동677-4,37.5652277474296,127.172903192012
서울특별시 은평구 응암동116-15,37.5984008148969,126.920012770054
서울특별시 중랑구 상봉동102-7,37.5956732175983,127.087230687438
서울특별시 영등포구 문래동5가23-4,37.5151882137847,126.890478064581
서울특별시 영등포구 여의도동61-5,37.5194112529318,126.938624137264
서울특별시 서대문구 대현동90-60,37.5571082271653,126.944567754191
서울특별시 양천구 신정동318-6,37.5215221135228,126.869084728691
서울특별시 서대문구 북아현동1013,37.5613156723015,126.950684976492
서울특별시 구로구 구로동512-2,37.4980991555097,126.885760974516
서울특별시 강서구 화곡동24-99,37.5462704491963,126.846101131073
서울특별시 금천구 시흥동992-7,37.4533870295882,126.900277164141
서울특별시 영등포구 여의도동12-3,37.5297525446122,126.924527326578
서울특별시 동대문구 이문동291-35,37.5980838523486,127.061017053368
서울특별시 송파구 가락동8-1,37.5037990543542,127.123851057258
서울특별시 은평구 역촌동2-38,37.6092881615187,126.919762719925
서울특별시 강남구 역삼동708-16,37.503429130215,127.047821657968
서울특별시 강서구 화곡동937-14,37.5293511157133,126.838958237773
서울특별시 강남구 대치동622-1,37.493660983615,127.060395862559
서울특별시 서초구 서초동1316-5,37.4975296023332,127.024484722855
서울특별시 영등포구 양평동1가9-17,37.5215075262185,126.891058234056
서울특별시 강서구 마곡동776,37.5625766224859,126.825386998871
서울특별시 영등포구 당산동4가1-2,37.5204173981735,126.900754160113
서울특별시 송파구 가락동78-1,37.4948488910235,127.121898891099
서울특별시 강동구 천호동167-102,37.5390892550935,127.132271434021
서울특별시 마포구 아현동282-3,37.5547654088145,126.955674161659
서울특별시 구로구 구로동104-6,37.4971738985877,126.891380900078
서울특별시 중구 황학동1720,37.5702025775272,127.022049412203
서울특별시 강동구 고덕동210-1,37.5576790407329,127.170093155084
서울특별시 용산구 용산동5가24,37.5442919455988,126.987744227608
서울특별시 강남구 역삼동832-16,37.4929651185921,127.030937903539
서울특별시 구로구 구로동110-5,37.5007763438731,126.889396015952
서울특별시 영등포구 영등포동2가28-153,37.5219162360683,126.910059471365
서울특별시 강서구 등촌동641-2,37.5567331658897,126.856852770008
서울특별시 관악구 신림동94-208,37.4775760521134,126.938173709197
서울특별시 영등포구 영등포동2가284-4,37.5207302128975,126.909017665721
서울특별시 광진구 화양동93-3,37.5437801966771,127.071706099444
서울특별시 중랑구 면목동472-56,37.5808925364679,127.090646634555
서울특별시 강남구 역삼동831-45,37.493665526517,127.031012647608
서울특별시 금천구 독산동959-5,37.4785088788016,126.903307847198
서울특별시 강남구 역삼동735-17,37.498176780203,127.033643464922
서울특별시 종로구 견지동110-32,37.5726235419192,126.982697805899
서울특별시 서초구 서초동1303-35,37.5028476086423,127.024544236208
서울특별시 구로구 구로동46-4,37.500558786351,126.891980406922
서울특별시 성북구 하월곡동90-1261,37.6055393116022,127.032205013178
서울특별시 구로구 구로동26,37.5074673657417,126.892384479305
서울특별시 금천구 시흥동991-45,37.4507604223954,126.90051219407
서울특별시 양천구 신월동96-5,37.5359576550161,126.831013656663
서울특별시 양천구 목동607-3,37.5501089418161,126.865008245779
서울특별시 마포구 공덕동26-7,37.5496743045197,126.960114155942
서울특별시 강서구 등촌동656-52,37.5560074078269,126.853713291538
서울특별시 관악구 봉천동866-11,37.4797697597646,126.951277378036
서울특별시 서대문구 창천동490,37.5612256016093,126.927273132375
서울특별시 은평구 응암동112-21,37.5987948428996,126.91679874344
서울특별시 성북구 석관동410-1,37.6069916558354,127.065521999124
서울특별시 구로구 오류동33-33,37.4979088348285,126.837433839585
서울특별시 은평구 불광동319-8,37.6199389318578,126.924162478659
서울특별시 은평구 진관동60,37.6333434878366,126.937188196939
서울특별시 강남구 신사동505-5,37.5208129075245,127.018998345712
서울특별시 성동구 성수동1가13-12,37.5504914276717,127.050970914791
서울특별시 영등포구 문래동3가81,37.5141945175929,126.89561457196
서울특별시 영등포구 영등포동7가94-190,37.5235789795894,126.909289528792
서울특별시 동작구 사당동142-1,37.4860647682296,126.980528888991
서울특별시 영등포구 영등포동1가94-2,37.5177537541168,126.91313739308
서울특별시 강남구 삼성동142-3,37.5061467123415,127.050941182789
서울특별시 동대문구 장안동345-10,37.5702480461419,127.071523587195
서울특별시 마포구 도화동559,37.5414513705067,126.947223550256
서울특별시 강동구 천호동163-21,37.5380145179014,127.134038398678
서울특별시 구로구 개봉동70-12,37.4982719632763,126.846701545637
서울특별시 성북구 하월곡동90-253,37.6037409270231,127.032928606335
서울특별시 강서구 화곡동987-1,37.5509957230371,126.848476350425
서울특별시 관악구 봉천동870-12,37.4817928178978,126.950841584023
서울특별시 강서구 등촌동642-2,37.5555748070668,126.858739779506
서울특별시 구로구 오류동59-58,37.4963347588042,126.846413450569
서울특별시 마포구 공덕동404,37.548310523655,126.960022935137
서울특별시 서초구 방배동488-4,37.4741942560218,126.993117973114
서울특별시 광진구 자양동219-24,37.5365960469487,127.081137616897
서울특별시 영등포구 대림동709-3,37.4942791177713,126.899596811298
서울특별시 마포구 신공덕동14-5,37.5453072982679,126.955319780438
서울특별시 강남구 자곡동655,37.4743891698701,127.104063338307
서울특별시 강남구 역삼동736-24,37.4985487695635,127.035037025915
서울특별시 강서구 화곡동914-32,37.5291046707055,126.844570594215
서울특별시 강서구 가양동187-7,37.5701953254087,126.840910402959
서울특별시 강서구 화곡동918-14,37.5297029639113,126.844516362534
서울특별시 서초구 서초동1589-8,37.4852574598439,127.01310710896
서울특별시 동대문구 장안동373-3,37.569180093297,127.069360132862
서울특별시 중구 황학동882,37.5667080418678,127.022477405771
서울특별시 은평구 응암동126-12,37.5945361506216,126.916233830205
서울특별시 강동구 길동413-24,37.5362372840053,127.13832790023
서울특별시 중구 을지로5가39-1,37.5673701525509,127.00274700434
서울특별시 양천구 신월동86-4,37.5369802556625,126.83390123929
서울특별시 서대문구 대현동90-44,37.557345590908,126.943986556974
서울특별시 동대문구 신설동117-14,37.5734838252052,127.023596998954
서울특별시 광진구 구의동667,37.5386521189931,127.090145242827
서울특별시 동대문구 용두동255-58,37.5702427496165,127.03069070263
서울특별시 노원구 하계동256-13,37.6398492727831,127.073926477046
서울특별시 성동구 성수동1가13-120,37.5492826735461,127.04940747534
서울특별시 도봉구 방학동715-3,37.6652920161052,127.044955182625
서울특별시 용산구 갈월동101-49,37.5415138027688,126.972451203673
서울특별시 서초구 서초동1601-2,37.4857640144195,127.01469884462
서울특별시 동대문구 청량리동2-6,37.5870399743065,127.0522488398
서울특별시 강서구 등촌동656-41,37.556318103751,126.853933223097
서울특별시 영등포구 여의도동12-1,37.5299487185979,126.92488575042
서울특별시 은평구 역촌동8-15,37.6088190555841,126.916123114701
서울특별시 송파구 잠실동336-5,37.5041772837445,127.087285061862
서울특별시 영등포구 대림동1101-1,37.4869300926878,126.900567806415
서울특별시 성동구 하왕십리동898-2,37.5646606777614,127.027481932094
서울특별시 금천구 시흥동883-11,37.4539098614259,126.901314436596
서울특별시 동대문구 제기동1158-48,37.5788971687559,127.033945304052
서울특별시 구로구 구로동650-4,37.4959809543624,126.872884674101
서울특별시 관악구 봉천동725-4,37.4938125926115,126.926812050552
서울특별시 금천구 독산동973-1,37.4763909966448,126.903313803667
서울특별시 강서구 염창동262,37.5488186166786,126.876287600671
서울특별시 강동구 천호동427-3,37.5401693914456,127.124528197579
서울특별시 영등포구 여의도동48,37.5174615621115,126.92699591872
서울특별시 영등포구 당산동3가416,37.5259241202836,126.894269918182
서울특별시 은평구 신사동230-4,37.596398455124,126.907681320602
서울특별시 구로구 구로동611-26,37.5045870651962,126.877121803729
서울특별시 마포구 신공덕동171,37.5431678201263,126.95743647902
서울특별시 영등포구 영등포동2가328-11,37.5194947483376,126.909091992654
서울특별시 강남구 율현동,37.4728023311348,127.118279312539
서울특별시 금천구 독산동298-9,37.4724365642145,126.894664272396
서울특별시 중랑구 상봉동104-32,37.5947614711553,127.08730679012
서울특별시 강동구 천호동167-120,37.5392381770786,127.13216649999
서울특별시 서초구 양재동275-6,37.477562333565,127.044311313395
서울특별시 성북구 동소문동4가75-2,37.5908662287939,127.010670000354
서울특별시 서대문구 합동116,37.561263676843,126.966189076888
서울특별시 성북구 하월곡동46-73,37.6016722291454,127.040536657415
서울특별시 강동구 길동454-1,37.5351716695696,127.136334717322
서울특별시 강남구 삼성동75-8,37.5134792081996,127.054268552225
서울특별시 중구 만리동1가62-7,37.5550139335804,126.967220988999
서울특별시 영등포구 양평동2가43-14,37.5257856959669,126.883239525101
서울특별시 구로구 신도림동271-25,37.5143262442645,126.881409832081
서울특별시 강서구 화곡동1051-1,37.5428919877256,126.838799648302
서울특별시 영등포구 도림동236-6,37.5079556467822,126.898502621812
서울특별시 성동구 성수동1가72-69,37.5417070480631,127.049044456315
서울특별시 종로구 충신동62-2,37.57513193482,127.004042479642
서울특별시 용산구 한강로3가16-85,37.5315140542202,126.955618105995
서울특별시 성북구 동선동1가85-66,37.592270448798,127.018664449845
서울특별시 서대문구 대현동45-5,37.5572508654636,126.947094925141
서울특별시 양천구 신정동318-17,37.5217946891632,126.86954961091
서울특별시 마포구 공덕동30-10,37.5491611758567,126.962736013767
서울특별시 성북구 동소문동6가143-5,37.5933666766495,127.016016224463
서울특별시 광진구 구의동243-2,37.5385167333871,127.088801170101
서울특별시 중랑구 신내동648,37.6169942445285,127.091338004319
서울특별시 동대문구 용두동236-4,37.576957838452,127.028971764603
서울특별시 송파구 방이동49-15,37.5158189029672,127.114146231355
서울특별시 영등포구 양평동4가22-1,37.5354076388422,126.895075976737
서울특별시 마포구 도화동553,37.5429727069408,126.949355073902
서울특별시 양천구 목동908-29,37.5374800837473,126.881716877323
서울특별시 은평구 역촌동41-17,37.6061173984696,126.921164677354
서울특별시 중랑구 묵동169-10,37.6150712228431,127.076831658451
서울특별시 도봉구 창동647-11,37.6440152113503,127.034281411212
서울특별시 중구 을지로6가23,37.5684452104663,127.005347630806
서울특별시 동작구 노량진동194-3,37.5127489518523,126.948588714258
서울특별시 강서구 등촌동656-36,37.5568699453989,126.854696205903
서울특별시 서초구 서초동1338-20,37.4901865462316,127.030625151938
서울특별시 강서구 화곡동26-11,37.5468923245442,126.847200570885
서울특별시 강서구 화곡동918-1,37.5303425865006,126.845334048313
서울특별시 서초구 양재동275-4,37.4768895935875,127.043955688769
서울특별시 영등포구 당산동6가344-10,37.5359526222586,126.900244841656
서울특별시 동작구 대방동394-5,37.5001445327957,126.927622618233
서울특별시 강남구 역삼동705-9,37.5046453548425,127.0474440277
서울특별시 도봉구 쌍문동669-4,37.6555362016497,127.037739855875
서울특별시 동대문구 장안동384-1,37.5711919856205,127.069727538583
서울특별시 서초구 서초동1446-11,37.4829542591324,127.016173458619
서울특별시 강남구 역삼동642-6,37.5016949732132,127.035976883332
서울특별시 송파구 방이동41-8,37.5162868908464,127.111166332151
서울특별시 도봉구 창동7,37.6554749554931,127.048976128789
서울특별시 구로구 구로동103-8,37.4966229367082,126.890322087618
서울특별시 영등포구 양평동5가94,37.539722745117,126.893777054005
서울특별시 금천구 독산동336-29,37.4710403094861,126.887884349302
서울특별시 구로구 구로동1132-57,37.4788109730083,126.89621937098
서울특별시 중구 황학동1744,37.5703296766474,127.021030815637
서울특별시 마포구 서교동353-1,37.5553082041225,126.920964856945
서울특별시 강북구 수유동738,37.6269529809586,127.011727034653
서울특별시 광진구 화양동193,37.5466043120683,127.074136960886
서울특별시 서초구 방배동3001-2,37.4859946794948,126.983078885953
서울특별시 강남구 삼성동58-2,37.5197261638385,127.056640531526
서울특별시 구로구 구로동98-8,37.4954831015386,126.890724993307
서울특별시 성동구 행당동192-29,37.5648889717922,127.0367834541
서울특별시 서초구 방배동476-1,37.4776750965381,126.987996404443
서울특별시 중구 황학동2484,37.5656208750324,127.022625949801
서울특별시 구로구 구로동44-5,37.5021501461144,126.891707580006
서울특별시 성북구 석관동176-65,37.6128838240816,127.062172378013
서울특별시 양천구 목동721-5,37.5394474800957,126.864011645496
서울특별시 관악구 봉천동863-9,37.479909032842,126.951789389903
서울특별시 서초구 서초동1330-12,37.4932298170335,127.028723061648
서울특별시 서초구 서초동1589-10,37.4853291444401,127.013220424229
서울특별시 종로구 숭인동313-12,37.572327554742,127.016250568144
서울특별시 은평구 녹번동35-21,37.6034423622146,126.934662571777
서울특별시 금천구 독산동877-1,37.4790955948674,126.904472694692
서울특별시 마포구 서교동371-7,37.5535645505966,126.919915177508
서울특별시 서초구 서초동1355-8,37.4852645399697,127.028857006334
서울특별시 강남구 대치동938,37.4974386758604,127.054637569441
서울특별시 구로구 오류동33-1,37.4979088348285,126.837433839585
서울특별시 영등포구 여의도동13-21,37.5295904386848,126.921582002801
서울특별시 강서구 마곡동784,37.5630085311986,126.825321408744
서울특별시 마포구 공덕동456,37.5439662590522,126.952827574043
서울특별시 도봉구 창동624-15,37.6449238282589,127.03495081315
서울특별시 영등포구 여의도동11-11,37.5230954123658,126.915899931819
서울특별시 마포구 노고산동107-17,37.5540848999576,126.93677290042
서울특별시 금천구 가산동233-5,37.4755364117568,126.890842011518
서울특별시 영등포구 당산동5가9-3,37.5327770034948,126.90011830691
서울특별시 광진구 중곡동157-6,37.5572060178226,127.080436768178
서울특별시 강서구 등촌동673-6,37.5587882656336,126.840037377869
서울특별시 송파구 가락동166-17,37.4971216905391,127.133295995036
서울특별시 구로구 구로동108,37.5003385720048,126.889927238089
서울특별시 강서구 방화동620-209,37.5640181622052,126.806765493772
서울특별시 용산구 한강로2가419,37.5360668962036,126.971523091632
서울특별시 서초구 우면동728,37.4635741621064,127.025089824646
서울특별시 금천구 독산동1006-49,37.4656869817279,126.893779904314
서울특별시 동대문구 장안동342-3,37.5709810203931,127.07273934973
서울특별시 성북구 동선동1가121-6,37.5930458619218,127.019174249942
서울특별시 은평구 역촌동83-25,37.6056456057361,126.919671412553
서울특별시 마포구 상암동1653,37.5770822444913,126.891377438438
서울특별시 용산구 청파동3가80-6,37.5419160467358,126.970342208263
서울특별시 강북구 번동449-22,37.6349400847283,127.023983519163
서울특별시 구로구 개봉동66-27,37.5011716036969,126.84590088738
서울특별시 강남구 삼성동157-8,37.508488484128,127.056580759872
서울특별시 마포구 성산동593-10,37.5646366637089,126.905371593966
서울특별시 은평구 응암동427-42,37.5950216135473,126.918885102596
서울특별시 마포구 도화동173,37.5422174894989,126.947905663246
서울특별시 금천구 시흥동882-61,37.4550269635555,126.900995745225
서울특별시 용산구 한남동72-1,37.5344638903252,127.007831838153
서울특별시 영등포구 문래동3가82-11,37.5199907891411,126.891688309716
서울특별시 구로구 가리봉동135-68,37.4793904437836,126.891708708855
서울특별시 동대문구 답십리동497-23,37.5689724314397,127.050558968949
서울특별시 금천구 가산동238-24,37.4722515068953,126.888817822457
서울특별시 강서구 염창동266-4,37.5509441271329,126.870631737859
서울특별시 광진구 화양동110-37,37.5470622164487,127.071147152334
서울특별시 강남구 역삼동706-10,37.5021444159219,127.04355360903
서울특별시 강서구 공항동45-19,37.5618464718185,126.808909320687
서울특별시 강서구 화곡동1110,37.5548487763703,126.852631297129
서울특별시 강동구 천호동155-5,37.5372129402328,127.134699599425
서울특별시 은평구 대조동219-3,37.6157154795273,126.918706225476
서울특별시 영등포구 문래동3가55-16,37.517570831648,126.901031708451
서울특별시 도봉구 창동581-83,37.6405942848703,127.037832122016
서울특별시 서초구 서초동1319-11,37.4967852699604,127.02764219488
서울특별시 중랑구 상봉동92-2,37.5968446133001,127.088944897387
서울특별시 금천구 독산동886-4,37.4774241959077,126.904251228851
서울특별시 송파구 잠실동178-6,37.5110728398611,127.080410219861
서울특별시 강남구 대치동890-49,37.5044958759748,127.051554955492
서울특별시 종로구 종로1가24,37.5880689868405,126.996114251699
서울특별시 양천구 목동604-9,37.5499045780893,126.865944417207
서울특별시 마포구 합정동373-4,37.548402782502,126.914509501378
서울특별시 영등포구 당산동5가8,37.5203603056368,126.900059148334
서울특별시 관악구 봉천동869-10,37.4810652151677,126.950915871236
서울특별시 관악구 신림동1437-20,37.4863244574526,126.92661829671
서울특별시 영등포구 양평동1가213-1,37.5235624316629,126.888830932529
서울특별시 강남구 삼성동158-4,37.508477461492,127.057886670001
서울특별시 광진구 구의동252-14,37.5389592744995,127.083675151584
서울특별시 강남구 논현동209,37.5144536597891,127.03333051106
서울특별시 강북구 수유동48-1,37.6367621692123,127.022165530511
서울특별시 금천구 독산동962-42,37.4776179672532,126.903315456245
서울특별시 강서구 방화동612-2,37.5639938672623,126.809679307242
서울특별시 송파구 방이동43-2,37.5158773549699,127.11163802584
서울특별시 영등포구 영등포동7가94-183,37.5239269169888,126.909320891413
서울특별시 관악구 봉천동1566-10,37.4794111430783,126.947991265838
서울특별시 영등포구 신길동192-155,37.5121904498973,126.910264293728
서울특별시 영등포구 당산동6가336-4,37.5356731093357,126.901358904068
서울특별시 강남구 역삼동769-1,37.4958303088838,127.039835959133
서울특별시 영등포구 도림동819,37.5114817195066,126.90054312774
서울특별시 서대문구 충정로3가465,37.560280594442,126.964822109449
서울특별시 영등포구 당산동121-261,37.5310199455619,126.90727187387
서울특별시 서초구 방배동750-9,37.4981275771138,126.985953694591
서울특별시 관악구 봉천동869-6,37.4810901385486,126.950659831854
서울특별시 송파구 방이동45-2,37.5165352671687,127.114254410391
서울특별시 강서구 등촌동631,37.5574004750599,126.861386157666
서울특별시 구로구 오류동6-59,37.4950076358113,126.83987379406
서울특별시 마포구 노고산동56-16,37.5546580644187,126.933723971699
서울특별시 동작구 신대방동719,37.4875871334018,126.906744151989
서울특별시 성동구 도선동46,37.5641804648373,127.033661351137
서울특별시 영등포구 여의도동45-13,37.5202610314211,126.928828807353
서울특별시 도봉구 창동629-25,37.6436334805436,127.035539544853
서울특별시 용산구 한남동72-17,37.5339917415441,127.007895816888
서울특별시 중구 충무로3가49,37.5626415119477,126.990018803102
서울특별시 송파구 가락동180-6,37.4928812906078,127.135999876981
서울특별시 마포구 동교동155-27,37.5583496420705,126.925169014728
서울특별시 강남구 대치동945-29,37.5071400676895,127.06145288615
서울특별시 동대문구 장안동346-1,37.5692613234271,127.070976497275
서울특별시 구로구 구로동103-11,37.4961291725651,126.889682262301
서울특별시 강남구 청담동130-9,37.5240989114439,127.055421441604
서울특별시 금천구 독산동1006-91,37.4649949415904,126.89507292417
서울특별시 도봉구 창동623-48,37.6444119577221,127.036218322398
서울특별시 영등포구 양평동6가82-1,37.5426825510122,126.8886945868
서울특별시 도봉구 창동624-1,37.645050548341,127.034103815943
서울특별시 강서구 등촌동641-11,37.5568607117837,126.85590527198
서울특별시 광진구 화양동21-2,37.5447184313114,127.07239111833
서울특별시 관악구 봉천동1663-10,37.4788449182104,126.958135432701
서울특별시 관악구 봉천동875-5,37.4810766727215,126.949468895323
서울특별시 구로구 구로동107-4,37.4986522356386,126.891116724952
서울특별시 동대문구 휘경동77-8,37.5906800504255,127.063256936204
서울특별시 관악구 봉천동731-1,37.4911465910101,126.958355466898
서울특별시 금천구 독산동953,37.4785541001,126.900477518643
서울특별시 강서구 염창동283-2,37.5478080012383,126.877502347143
서울특별시 영등포구 양평동2가1-1,37.5211223148486,126.89163227516
서울특별시 서대문구 대현동37-30,37.5580725943902,126.94416277844
서울특별시 강서구 가양동257-1,37.5710415171114,126.838332424095
서울특별시 송파구 방이동43,37.5092288185599,127.117147465415
서울특별시 강서구 방화동849,37.5723596891884,126.806989728307
서울특별시 용산구 문배동24-4,37.537134342006,126.968406105636
서울특별시 은평구 응암동110-1,37.5998851807769,126.920680013792
서울특별시 중구 황학동787,37.5670978164957,127.023300864209
서울특별시 마포구 공덕동15-3,37.5450659627784,126.954907377987
서울특별시 노원구 중계동360-12,37.6484950067814,127.076297811455
서울특별시 중구 흥인동91,37.5658064875405,127.017001951454
서울특별시 서대문구 연희동142-21,37.5780292230401,126.935331901642
서울특별시 금천구 가산동142-17,37.4785616359012,126.891662783378
서울특별시 은평구 역촌동17-7,37.6061044853007,126.921955013496
서울특별시 종로구 필운동285-5,37.5757056351733,126.969485021863
서울특별시 서초구 양재동275-2,37.4769163196653,127.044763907164
서울특별시 종로구 숭인동317-48,37.571463446481,127.016512554784
서울특별시 영등포구 당산동2가15-2,37.5236217692385,126.89246856497
서울특별시 영등포구 양평동2가19-4,37.5227352374172,126.883862283392
서울특별시 용산구 동자동45,37.5543393979118,126.976591731644
서울특별시 영등포구 영등포동2가94-119,37.5230575996435,126.911201427544
서울특별시 중구 을지로5가273-2,37.5665908938043,127.001909498138
서울특별시 강남구 역삼동838-10,37.4901859398603,127.032841244404
서울특별시 금천구 독산동296-3,37.4722908394395,126.895552765612
서울특별시 금천구 시흥동863-44,37.4621735109344,126.904012203361
서울특별시 서초구 서초동1309-2,37.5022993072539,127.024009091258
서울특별시 강남구 역삼동837-11,37.4910285589744,127.031612525393
서울특별시 은평구 대조동6-25,37.6094738675272,126.927140744861
서울특별시 은평구 녹번동176-4,37.6022394078769,126.921854383852
서울특별시 강남구 대치동943-24,37.5068837031641,127.059436775249
서울특별시 강동구 강일동677,37.5653390170033,127.173569366422
서울특별시 구로구 오류동134-1,37.4980766304644,126.835804450139
서울특별시 용산구 원효로1가120-20,37.5389952467159,126.969656010871
서울특별시 노원구 상계동693-2,37.6560858462459,127.061042834618
서울특별시 양천구 신정동323-9,37.516422678839,126.862054547941
서울특별시 용산구 문배동11-29,37.5378953954703,126.970396650829
서울특별시 강북구 번동446-13,37.6370655866062,127.025206650419
서울특별시 서대문구 대현동90-15,37.5578441906808,126.944026073007
서울특별시 영등포구 여의도동61,37.5186706842495,126.939694580956
서울특별시 서초구 서초동1338-21,37.4905972349052,127.030429059343
서울특별시 강서구 화곡동46-217,37.5449921604084,126.847827062851
서울특별시 마포구 서교동393-5,37.5506470774627,126.914891301099
서울특별시 영등포구 양평동2가6-1,37.5227728093887,126.884922766515
서울특별시 서초구 서초동1316-4,37.4976986095982,127.024189620506
서울특별시 용산구 한강로3가63-389,37.5251159650378,126.969235745539
서울특별시 관악구 봉천동29-22,37.4835309398327,126.955644665328
서울특별시 영등포구 영등포동2가94-319,37.5209698479722,126.911968147352
서울특별시 서대문구 충정로2가191,37.5636856126675,126.964588773683
서울특별시 성동구 성수동2가278-29,37.546424847336,127.061168082666
서울특별시 서초구 서초동1363-25,37.4857005070047,127.032075542031
서울특별시 동대문구 이문동255-188,37.6010361688859,127.062249680031
서울특별시 은평구 녹번동35-75,37.6031912691462,126.934634336392
서울특별시 서대문구 홍은동400-3,37.5823725821425,126.925751084343
서울특별시 영등포구 당산동121-109,37.5274923918458,126.907758360765
서울특별시 강서구 가양동194-2,37.5710839094284,126.840805087067
서울특별시 성동구 성수동2가299-242,37.5480046678652,127.055080978123
서울특별시 용산구 문배동7-6,37.5380569340906,126.969824128113
서울특별시 은평구 응암동84-30,37.6020947441829,126.926008390079
서울특별시 강동구 길동387-5,37.5380092904562,127.138344976787
서울특별시 성동구 도선동53,37.5640840796731,127.033587630421
서울특별시 영등포구 양평동2가30-9,37.5240287975105,126.885370268317
서울특별시 종로구 사직동9,37.5743193270219,126.965279803438
서울특별시 양천구 신정동944-3,37.5241039894502,126.852225196727
서울특별시 도봉구 창동647-1,37.6443421015365,127.03372797362
서울특별시 양천구 목동917,37.5294842930276,126.875174479171
서울특별시 강동구 천호동167-57,37.5388202177151,127.132313614289
서울특별시 구로구 개봉동70-30,37.4981071171046,126.846438829119
서울특별시 서대문구 대현동27-20,37.5580311301188,126.943156894671
서울특별시 송파구 잠실동194,37.5100568741142,127.080035056257
서울특별시 강서구 화곡동916-11,37.529831440832,126.843122423553
서울특별시 양천구 신정동319-17,37.5191320819953,126.869184358293
서울특별시 서대문구 대현동104-5,37.5574372443538,126.942554023435
서울특별시 중랑구 신내동646,37.6163310540598,127.092872400213
서울특별시 동대문구 답십리동492-4,37.5648230689736,127.056076862487
서울특별시 용산구 한강로2가312-4,37.5303103962558,126.968486758233
서울특별시 구로구 구로동104-9,37.4969004835718,126.891373623173
서울특별시 구로구 구로동104-8,37.4970868280908,126.891704387646
서울특별시 송파구 신천동7-28,37.5151569303876,127.102499279117
서울특별시 서초구 방배동426-1,37.4841263542599,126.983114717783
서울특별시 종로구 숭인동201-11,37.5738383961321,127.021307679334
서울특별시 성북구 장위동218-12,37.6185056347188,127.04411627208
서울특별시 강서구 화곡동105-370,37.5414546206913,126.842276682278
서울특별시 강서구 화곡동29-77,37.5457963246373,126.84845859996
서울특별시 강서구 방화동830-3,37.5765295245276,126.81303686568
서울특별시 구로구 구로동1130-23,37.4810008674998,126.898657610293
서울특별시 은평구 응암동20-2,37.6006286376267,126.934029057636
서울특별시 강남구 청담동130-8,37.5243453774048,127.055326803019
서울특별시 영등포구 여의도동13-24,37.5293086141809,126.921446973916
서울특별시 마포구 신공덕동172,37.5433934911455,126.957438369357
서울특별시 서초구 서초동1337-14,37.4921335279217,127.029101603517
서울특별시 마포구 도화동556,37.5423899503403,126.948970501666
서울특별시 동대문구 장안동381-1,37.5690037607403,127.068427530185
서울특별시 송파구 삼전동8-12,37.5050000987494,127.091315795335
서울특별시 중구 을지로2가199-40,37.564717805299,126.983915459431
서울특별시 영등포구 당산동121-3,37.5274986437331,126.907134403836
서울특별시 강동구 길동388-7,37.5379806718556,127.138739787029
서울특별시 송파구 가락동79-4,37.4941486921212,127.120243307107
서울특별시 강서구 등촌동648-6,37.5514720221023,126.864982032141
서울특별시 동대문구 전농동32-4,37.5771080545446,127.058584290306
서울특별시 동대문구 용두동100-1,37.5778060789516,127.03395355202
서울특별시 송파구 가락동98,37.4945775934851,127.119174213633
서울특별시 강서구 화곡동981-5,37.5499339515404,126.848636743114
서울특별시 중구 만리동1가32-1,37.5553623464398,126.967950963589
서울특별시 금천구 가산동238-11,37.4724325166946,126.88816632753
서울특별시 강서구 가양동1480-1,37.5632571512838,126.852691799324
서울특별시 영등포구 문래동5가2,37.5146227521996,126.903792932422
서울특별시 서초구 서초동1338-1,37.4904151276463,127.029708439558
서울특별시 중구 흥인동13-1,37.5668527717745,127.017093795937
서울특별시 영등포구 여의도동55-1,37.517627566634,126.932342535003
서울특별시 성동구 용답동238-2,37.559619103875,127.06810749721
서울특별시 송파구 문정동622,37.480111974021,127.119690953249
서울특별시 은평구 응암동91-7,37.5997121915342,126.917815522132
서울특별시 광진구 구의동246-14,37.5370438284197,127.084382936276
서울특별시 광진구 구의동68-23,37.5462614009685,127.086940709173
서울특별시 서초구 서초동1308-26,37.5011235824753,127.024369161047
서울특별시 강남구 대치동891-23,37.505081261983,127.053534296891
서울특별시 은평구 응암동98-1,37.60081018262,126.924904257713
서울특별시 노원구 상계동341-7,37.656277973003,127.064608443016
서울특별시 성북구 동선동4가111-1,37.5941607282865,127.018238330644
서울특별시 영등포구 여의도동14-21,37.5299147028859,126.919159390981
서울특별시 금천구 독산동289-12,37.4700507382146,126.896815501082
서울특별시 금천구 독산동1007-13,37.4658210485622,126.896309738571
서울특별시 영등포구 영등포동6가67-1,37.5210711137633,126.90328985577
서울특별시 중랑구 상봉동87-21,37.594114949762,127.089990370465
서울특별시 서대문구 대현동90-77,37.5571088573053,126.943751509248
서울특별시 동대문구 이문동325-20,37.59445855573,127.059313375081
서울특별시 종로구 숭인동1421-1,37.5734442503447,127.022377308255
서울특별시 마포구 동교동156-2,37.557739067811,126.924396439856
서울특별시 광진구 구의동243-48,37.5384563690464,127.088609395753
서울특별시 송파구 잠실동175-2,37.5110624431843,127.078925571529
서울특별시 용산구 문배동10-3,37.5375515990213,126.97051555277
서울특별시 성동구 성수동2가277-17,37.5451868270486,127.057821118968
서울특별시 송파구 문정동56,37.4856063893679,127.123221247513
서울특별시 영등포구 양평동5가22-1,37.5378697748795,126.892360433315
서울특별시 강남구 역삼동735-11,37.498834063768,127.03348081973
서울특별시 강남구 역삼동832-26,37.492748023013,127.031452979679
